select_box,parent_product_id,product_id,search_term,cluster_id,inf_config,kw-prediction_iteration_selected,kw-target_rank,kw-estimated_additional_sales,kw-estimated_additional_loss,kw-total_soft_score,kw-total_hard_score,sr_rc-prediction_iteration_selected,sr_rc-target_rank,sr_rc-estimated_additional_sales,sr_rc-estimated_additional_loss,sr_rc-total_soft_score,sr_rc-total_hard_score,kw_sr_rc-prediction_iteration_selected,kw_sr_rc-target_rank,kw_sr_rc-estimated_additional_sales,kw_sr_rc-estimated_additional_loss,kw_sr_rc-total_soft_score,kw_sr_rc-total_hard_score,pr-prediction_iteration_selected,pr-target_rank,pr-estimated_additional_sales,pr-estimated_additional_loss,pr-total_soft_score,pr-total_hard_score,total_soft_score_product,color_code,biz_configuration_id,session_id
TRUE,B0DR9NVBTN,B0CGG138ZT,outdoor flood light bulb,1,kw,8,1,18222.69,0,368.37,0,39,1,18222.69,39.96,5.36,-0.97,8,1,18222.69,7.25,40.05,-0.93,1,7,0,0,0,-1.99,17.46,1.1,107,9f440b6d-b2d5-43eb-9f24-a23f7a88ec07
TRUE,B0DR9NVBTN,B0CGG138ZT,led flood light bulbs outdoor,1,kw,4,1.15,4567.84,0,90.24,-0.89,30,1,5672.32,30.33,2.6,-0.97,4,1.06,5188.29,3.1,24.94,-0.93,1,4,0,0,0,-1.99,17.46,1.1,107,9f440b6d-b2d5-43eb-9f24-a23f7a88ec07
TRUE,B0DR9NVBTN,B0CGG138ZT,flood light bulbs outdoor,1,kw,8,1,5392.68,0,125.37,0,37,1,5392.68,37.8,2.04,-0.97,7,1.05,5048,6.22,14.92,-0.93,1,8,0,0,0,-1.99,17.46,1.1,107,9f440b6d-b2d5-43eb-9f24-a23f7a88ec07
TRUE,B0DR9NVBTN,B0CGG138ZT,flood lights outdoor bulbs,1,kw,8,1,7338.52,0,169.56,0,45,1,7338.52,46.47,1.98,-0.96,7,1,7338.52,6.22,21.69,-0.93,1,8,0,0,0,-1.99,17.46,1.1,107,9f440b6d-b2d5-43eb-9f24-a23f7a88ec07
TRUE,B0DR9NVBTN,B0CGG138ZT,outdoor flood light bulbs,1,kw,7,1,5287.81,0,110.45,0,40,1,5287.81,41.04,1.5,-0.97,7,1,5287.81,6.22,13.74,-0.93,1,7,0,0,0,-1.99,17.46,1.1,107,9f440b6d-b2d5-43eb-9f24-a23f7a88ec07
TRUE,B0DR9NVBTN,B0CGG138ZT,outdoor led flood light bulb,1,kw,4,1,2347.09,0,52.81,-0.83,34,1,2347.09,34.59,1.01,-0.97,4,1,2347.09,3.1,12.74,-0.93,1,4,0,0,0,-1.99,17.46,1.1,107,9f440b6d-b2d5-43eb-9f24-a23f7a88ec07
TRUE,B0DR9NVBTN,B0CGG138ZT,led outdoor flood light bulbs,1,kw,4,1,2046.52,0,47.23,-0.83,36,1,2046.52,36.73,0.88,-0.97,4,1,2046.52,3.1,11.36,-0.93,1,4,0,0,0,-1.99,17.46,1.1,107,9f440b6d-b2d5-43eb-9f24-a23f7a88ec07
TRUE,B0DR9NVBTN,B0CGG138ZT,led flood light outdoor bulb,1,kw,4,1,2099.62,0,49.64,0,35,1,2099.62,35.66,0.84,-0.97,4,1,2099.62,3.1,11.06,-0.93,1,6,0,0,0,-1.99,17.46,1.1,107,9f440b6d-b2d5-43eb-9f24-a23f7a88ec07
TRUE,B0DR9NVBTN,B0CGG138ZT,outdoor flood lights bulbs,1,kw,6,1,1686.32,0,35.77,0,44,1,1686.32,45.38,0.38,-0.97,6,1,1686.32,5.18,5.24,-0.93,1,6,0,0,0,-1.99,17.46,1.1,107,9f440b6d-b2d5-43eb-9f24-a23f7a88ec07
TRUE,B0DR9NVBTN,B0CGG138ZT,flood light bulb outdoor,1,kw,16,1,1077.97,0,21.1,0,71,1,1077.97,76.66,0.11,-0.97,14,1,1077.97,13.5,1.43,-0.93,1,12,0,0,0,-1.99,17.46,1.1,107,9f440b6d-b2d5-43eb-9f24-a23f7a88ec07
FALSE,B0DR9NVBTN,B0CGG138ZT,flood lights outdoor,1,kw,54,1,93019.73,0,960.21,-0.73,88,35.51,149.88,103.43,0,-1.68,52,1,93019.73,54.21,17.69,-0.95,1,40,0,0,0,-1.99,17.46,1.1,107,9f440b6d-b2d5-43eb-9f24-a23f7a88ec07
FALSE,B0DR9NVBTN,B0CGG138ZT,outdoor led flood light,1,kw,43,1,5226.43,0,65.88,-0.73,65,32.59,7.94,69.23,0,-1.97,41,1,5226.43,42.12,1.59,-0.91,1,36,0,0,0,-1.99,17.46,1.1,107,9f440b6d-b2d5-43eb-9f24-a23f7a88ec07
FALSE,B0DR9NVBTN,B0CGG138ZT,led outdoor flood light,1,kw,46,1,4990.89,0,54.5,-0.58,72,33.47,7.38,77.95,0,-2.55,45,1,4990.89,46.47,1.14,-1.49,1,37,0,0,0,-2.57,17.46,1.1,107,9f440b6d-b2d5-43eb-9f24-a23f7a88ec07
FALSE,B0DR9NVBTN,B0CGG138ZT,led flood lights outdoor,1,kw,48,1,3287.01,0,35.43,-1.28,78,33.32,5.1,86.13,0,-2.53,47,1,3287.01,48.67,0.71,-1.48,1,37,0,0,0,-2.54,17.46,1.1,107,9f440b6d-b2d5-43eb-9f24-a23f7a88ec07
FALSE,B0DR9NVBTN,B0CGG138ZT,outdoor flood light,1,kw,83,1,7893.44,0,31.6,-0.89,88,61.75,2.85,103.43,0,-1.98,80,1,7893.44,89.09,0.42,-0.93,1,65,0,0,0,-1.99,17.46,1.1,107,9f440b6d-b2d5-43eb-9f24-a23f7a88ec07
FALSE,B0DR9NVBTN,B0CGG138ZT,outdoor led flood lights,1,kw,41,1,1491.05,0,17.78,-1.28,78,31.8,2.26,86.13,0,-2.54,39,1,1491.05,39.96,0.4,-1.48,1,35,0,0,0,-2.54,17.46,1.1,107,9f440b6d-b2d5-43eb-9f24-a23f7a88ec07
FALSE,B0DR9NVBTN,B0CGG138ZT,led outdoor flood lights,1,kw,30,1,1038.68,0,14.98,-0.83,65,24.64,2.84,69.23,0,-1.98,29,1,1038.68,29.27,0.48,-0.95,1,28,0,0,0,-1.99,17.46,1.1,107,9f440b6d-b2d5-43eb-9f24-a23f7a88ec07
TRUE,B0DR9NVBTN,B0CGG138ZT,outdoor flood light bulbs waterproof,1,kw,15,1,729.11,0,14.06,-0.83,50,10.85,10.49,51.98,0,-1.97,13,1,729.11,12.46,1.13,-0.93,1,14,0,0,0,-1.99,17.46,1.1,107,9f440b6d-b2d5-43eb-9f24-a23f7a88ec07
FALSE,B0DR9NVBTN,B0CGG138ZT,led flood light outdoor,1,kw,84,29.87,253.44,0,0.91,-1.91,65,90.32,4.06,69.23,0,-2.53,89,24.41,348.97,105.72,0,-1.81,1,94,0,0,0,-2.54,17.46,1.1,107,9f440b6d-b2d5-43eb-9f24-a23f7a88ec07
TRUE,B0DR9NVBTN,B0CGG138ZT,par38 led flood light bulbs,2,kw,6,1,2025.58,0,41.38,-0.83,100,1.84,778.4,237.99,0,-0.99,6,1,2025.58,5.18,6.72,-0.91,1,5,0,0,0,-1.99,17.46,1.2,107,9f440b6d-b2d5-43eb-9f24-a23f7a88ec07
TRUE,B0DR9NVBTN,B0CGG138ZT,par38 outdoor flood light bulbs,2,kw,7,1,1802.36,0,39.15,0,100,3.48,242.17,237.99,0,-1.49,7,1,1802.36,6.22,5.17,-0.93,1,7,0,0,0,-1.99,17.46,1.2,107,9f440b6d-b2d5-43eb-9f24-a23f7a88ec07
FALSE,B0DR9NVBTN,B0CGG138ZT,outdoor floodlight bulb,3,sr_rc,8,1,1794.25,0,39.86,0,43,1,1794.25,44.29,0.52,-0.96,8,1,1794.25,7.25,4.35,-0.93,1,8,0,0,0,-1.99,17.46,1.1,107,9f440b6d-b2d5-43eb-9f24-a23f7a88ec07
FALSE,B0DR9NVBTN,B0CGG138ZT,led floodlights outdoor,3,sr_rc,67,1,2400.41,0,17.25,-1.38,53,53.92,0.76,55.33,0,-2.54,64,1,2400.41,68.03,0.26,-1.52,1,56,0,0,0,-2.54,17.46,1.1,107,9f440b6d-b2d5-43eb-9f24-a23f7a88ec07
FALSE,B0DR9NVBTN,B0CGG138ZT,exterior flood light bulbs,4,sr_rc,10,1,1401.34,0,27.54,0,54,1,1401.34,56.46,0.24,-0.97,9,1,1401.34,8.29,2.82,-0.93,1,9,0,0,0,-1.99,17.46,1.2,107,9f440b6d-b2d5-43eb-9f24-a23f7a88ec07
FALSE,B0DR9NVBTN,B0CGG138ZT,outdoor led light bulb,5,sr_rc,76,1,3371.19,0,18.5,-0.83,99,29.09,29.89,178.81,0,-1.93,53,1,3371.19,55.33,0.61,-0.93,1,60,0,0,0,-1.99,17.46,1.1,107,9f440b6d-b2d5-43eb-9f24-a23f7a88ec07
FALSE,B0DR9NVBTN,B0CGG138ZT,outdoor spotlight bulb,6,sr_rc,36,1,2059.79,0,26.44,-0.89,50,21.18,17.41,51.98,0,-1.95,29,1,2059.79,29.27,0.94,-0.96,1,31,0,0,0,-1.99,17.46,1.2,107,9f440b6d-b2d5-43eb-9f24-a23f7a88ec07
FALSE,B0DR9NVBTN,B0CGG138ZT,led spot lights outdoor,7,sr_rc,100,49.04,52.4,0,0.01,-2.85,88,117.06,0.8,103.43,0,-2.99,100,45.96,58.97,237.99,0,-2.87,1,120,0,0,0,-2.99,17.46,1.1,107,9f440b6d-b2d5-43eb-9f24-a23f7a88ec07
TRUE,B09XZCZ2RP,B09GWBFV8K,outdoor flood light bulbs,1,kw,6,1,3870.58,0,100.35,0,37,1,3870.58,62.4,1.05,-0.98,5,1,3870.58,6.88,12.25,-0.95,1,5,0,0,0,-1.99,4.44,2.1,107,9f440b6d-b2d5-43eb-9f24-a23f7a88ec07
TRUE,B09XZCZ2RP,B09GWBFV8K,flood lights outdoor bulbs,1,kw,12,1,5837,0,158.96,0,59,1,5837,101.61,0.71,-0.98,11,1,5837,17.22,8.4,-0.95,1,12,0,0,0,-1.99,4.44,2.1,107,9f440b6d-b2d5-43eb-9f24-a23f7a88ec07
TRUE,B09XZCZ2RP,B09GWBFV8K,led flood light bulbs outdoor,1,kw,12,1,5073.21,0,125.33,0,54,1,5073.21,92.56,0.64,-0.98,11,1,5073.21,17.22,6.68,-0.95,1,12,0,0,0,-1.99,4.44,2.1,107,9f440b6d-b2d5-43eb-9f24-a23f7a88ec07
TRUE,B09XZCZ2RP,B09GWBFV8K,led flood light bulbs,1,kw,9,1,2960.63,0,83.87,0,46,1,2960.63,78.27,0.62,-0.96,8,1,2960.63,12.05,6.13,-0.93,1,10,0,0,0,-1.99,4.44,2.1,107,9f440b6d-b2d5-43eb-9f24-a23f7a88ec07
TRUE,B09XZCZ2RP,B09GWBFV8K,led outdoor flood light bulbs,1,kw,6,1,1712.11,0,52.35,0,45,1,1712.11,76.5,0.33,-0.98,6,1,1712.11,8.6,5.23,-0.95,1,6,0,0,0,-1.99,4.44,2.1,107,9f440b6d-b2d5-43eb-9f24-a23f7a88ec07
TRUE,B09XZCZ2RP,B09GWBFV8K,led flood light outdoor bulb,1,kw,12,1,1720.82,0,46.68,0,51,1,1720.82,87.17,0.28,-0.98,11,1,1720.82,17.22,2.51,-0.96,1,11,0,0,0,-1.99,4.44,2.1,107,9f440b6d-b2d5-43eb-9f24-a23f7a88ec07
TRUE,B09XZCZ2RP,B09GWBFV8K,led flood light bulb,1,kw,12,1,931.34,0,24.7,0,48,1,931.34,81.82,0.19,-0.96,11,1,931.34,17.22,1.31,-0.93,1,12,0,0,0,-1.99,4.44,2.1,107,9f440b6d-b2d5-43eb-9f24-a23f7a88ec07
TRUE,B09XZCZ2RP,B09GWBFV8K,outdoor flood lights bulbs,1,kw,13,1,1389.57,0,33.43,0,59,1,1389.57,101.61,0.14,-0.98,11,1,1389.57,17.22,1.79,-0.95,1,12,0,0,0,-1.99,4.44,2.1,107,9f440b6d-b2d5-43eb-9f24-a23f7a88ec07
TRUE,B09XZCZ2RP,B09GWBFV8K,flood light bulbs outdoor,1,kw,20,1,4360.27,0,108.71,0,89,1,4360.27,164.03,0.09,-0.98,17,1,4360.27,27.59,3.79,-0.95,1,17,0,0,0,-1.99,4.44,2.1,107,9f440b6d-b2d5-43eb-9f24-a23f7a88ec07
TRUE,B09XZCZ2RP,B09GWBFV8K,outdoor flood light bulb,1,kw,21,1,14952.09,0,310.39,-0.73,96,3.32,2989.87,193.71,0.02,-0.99,17,1,14952.09,27.59,11.12,-0.96,1,17,0,0,0,-1.99,4.44,2.1,107,9f440b6d-b2d5-43eb-9f24-a23f7a88ec07
TRUE,B09XZCZ2RP,B09GWBFV8K,flood light bulbs,1,kw,24,1,14226.27,0,314.86,-1.45,100,1.94,6041.76,287.38,0.01,-1.6,21,1,14226.27,34.51,9.17,-1.55,1,22,0,0,0,-2.61,4.44,2.1,107,9f440b6d-b2d5-43eb-9f24-a23f7a88ec07
FALSE,B09XZCZ2RP,B09GWBFV8K,flood light bulb,1,kw,38,1,2123.3,0,38.12,-0.89,83,15.26,43.07,148.85,0,-1.87,33,1,2123.3,55.4,0.74,-0.95,1,32,0,0,0,-1.99,4.44,2.1,107,9f440b6d-b2d5-43eb-9f24-a23f7a88ec07
TRUE,B09XZCZ2RP,B09GWBFV8K,flood light bulb outdoor,1,kw,23,1,846.37,0,19.15,-0.73,99,3.31,171.37,235.42,0,-1.53,21,1,846.37,34.51,0.58,-0.95,1,18,0,0,0,-1.99,4.44,2.1,107,9f440b6d-b2d5-43eb-9f24-a23f7a88ec07
FALSE,B09XZCZ2RP,B09GWBFV8K,led flood light outdoor,2,kw,53,1,17725.26,0,243.29,0,79,33.23,34.66,140.11,0,-1.89,51,1,17725.26,87.17,2.72,-0.88,1,38,0,0,0,-1.98,4.44,2.2,107,9f440b6d-b2d5-43eb-9f24-a23f7a88ec07
FALSE,B09XZCZ2RP,B09GWBFV8K,led flood light,2,kw,40,1,8879.52,0,148.68,-0.83,96,22.6,64.38,193.71,0,-1.82,38,1,8879.52,64.15,2.3,-0.93,1,32,0,0,0,-1.99,4.44,2.2,107,9f440b6d-b2d5-43eb-9f24-a23f7a88ec07
TRUE,B09XZCZ2RP,B09GWBFV8K,led flood lights,2,kw,16,1,4564.9,0,116.95,0,98,8.14,214.68,214.4,0,-1.41,16,1,4564.9,25.86,4,-0.93,1,18,0,0,0,-1.99,4.44,2.2,107,9f440b6d-b2d5-43eb-9f24-a23f7a88ec07
TRUE,B09XZCZ2RP,B09GWBFV8K,outdoor led flood light,2,kw,25,1,3993.77,0,88.99,0,82,18.63,24.38,146.59,0,-1.91,24,1,3993.77,39.72,2.08,-0.88,1,23,0,0,0,-1.98,4.44,2.2,107,9f440b6d-b2d5-43eb-9f24-a23f7a88ec07
TRUE,B09XZCZ2RP,B09GWBFV8K,led flood lights outdoor,2,kw,9,1,2433.78,0,65.06,0,91,6,144.92,170.23,0,-1.6,9,1,2433.78,13.77,4.01,-0.91,1,11,0,0,0,-1.98,4.44,2.2,107,9f440b6d-b2d5-43eb-9f24-a23f7a88ec07
FALSE,B09XZCZ2RP,B09GWBFV8K,led outdoor flood light,2,kw,56,1,3854.2,0,44.73,-0.73,77,39.04,4.53,135.95,0,-1.98,54,1,3854.2,92.56,0.45,-0.93,1,43,0,0,0,-1.98,4.44,2.2,107,9f440b6d-b2d5-43eb-9f24-a23f7a88ec07
TRUE,B09XZCZ2RP,B09GWBFV8K,outdoor led flood lights,2,kw,16,1,1131.57,0,27.31,0,88,13.63,13.04,161.22,0,-1.95,14,1,1131.57,22.4,1.14,-0.91,1,18,0,0,0,-1.98,4.44,2.2,107,9f440b6d-b2d5-43eb-9f24-a23f7a88ec07
FALSE,B09XZCZ2RP,B09GWBFV8K,outdoor led flood lights waterproof,2,kw,28,1,1366.38,0,27.18,0,62,18.92,6.08,107.11,0,-1.97,26,1,1366.38,43.19,0.62,-0.95,1,22,0,0,0,-1.98,4.44,2.2,107,9f440b6d-b2d5-43eb-9f24-a23f7a88ec07
TRUE,B09XZCZ2RP,B09GWBFV8K,led outdoor flood lights,2,kw,10,1,776.82,0,20.61,0,88,7.23,32.18,161.22,0,-1.9,10,1,776.82,15.5,1.08,-0.91,1,12,0,0,0,-1.98,4.44,2.2,107,9f440b6d-b2d5-43eb-9f24-a23f7a88ec07
FALSE,B09XZCZ2RP,B09GWBFV8K,exterior flood light bulbs,3,sr_rc,10,1,1089.27,0,29.11,0,58,1.01,1075,99.79,0.15,-0.98,9,1,1089.27,13.77,1.87,-0.95,1,10,0,0,0,-1.99,4.44,2.1,107,9f440b6d-b2d5-43eb-9f24-a23f7a88ec07
FALSE,B09XZCZ2RP,B09GWBFV8K,outdoor led light bulb,4,sr_rc,26,1,2564.9,0,56.87,0,80,1,2564.9,142.23,0.11,-0.97,22,1,2564.9,36.25,1.57,-0.91,1,24,0,0,0,-1.99,4.44,2.2,107,9f440b6d-b2d5-43eb-9f24-a23f7a88ec07
FALSE,B09XZCZ2RP,B09GWBFV8K,floodlight bulb,5,sr_rc,13,1,1162.68,0,32.01,0,72,1,1162.68,125.99,0.05,-0.97,12,1,1162.68,18.95,1.45,-0.93,1,16,0,0,0,-1.99,4.44,2.1,107,9f440b6d-b2d5-43eb-9f24-a23f7a88ec07
FALSE,B09XZCZ2RP,B09GWBFV8K,spot light bulb,6,sr_rc,13,1,1006.56,0,28.98,-0.53,76,1,1006.56,133.92,0.05,-1.51,12,1,1006.56,18.95,1.43,-1.46,1,16,0,0,0,-2.52,4.44,2.2,107,9f440b6d-b2d5-43eb-9f24-a23f7a88ec07
FALSE,B09XZCZ2RP,B09GWBFV8K,outdoor flood light bulbs waterproof,7,sr_rc,13,1,554.41,0,14.55,-0.73,97,2.16,193.72,202.16,0,-1.47,11,1,554.41,17.22,0.84,-0.95,1,11,0,0,0,-1.99,4.44,2.1,107,9f440b6d-b2d5-43eb-9f24-a23f7a88ec07
FALSE,B09XZCZ2RP,B09GWBFV8K,outside light bulbs,8,sr_rc,100,5.2,210.82,0,0.05,-3.13,98,55.29,4.51,214.4,0,-3.71,77,1,1702.16,135.95,0.08,-2.68,1,83,0,0,0,-3.72,4.44,2.2,107,9f440b6d-b2d5-43eb-9f24-a23f7a88ec07
FALSE,B09XZCZ2RP,B09GWBFV8K,par 38 led flood light outdoor bulb,9,sr_rc,6,1,2421.39,0,67.35,0,100,2.04,855.66,287.38,0,-0.99,5,1,2421.39,6.88,8.21,-0.95,1,7,0,0,0,-1.99,4.44,2.1,107,9f440b6d-b2d5-43eb-9f24-a23f7a88ec07
FALSE,B09XZCZ2RP,B09GWBFV8K,par38 outdoor flood light bulbs,9,sr_rc,15,1,1471.4,0,36.83,-0.83,19,13.7,6.19,31.05,0,-1.97,14,1,1471.4,22.4,1.6,-0.97,1,15,0,0,0,-1.99,4.44,2.1,107,9f440b6d-b2d5-43eb-9f24-a23f7a88ec07
FALSE,B09XZCZ2RP,B09GWBFV8K,par38 led flood light bulbs,9,sr_rc,6,1,1610.41,0,43.82,-0.73,100,1.74,709.95,287.38,0,-0.99,6,1,1610.41,8.6,4.41,-0.95,1,6,0,0,0,-1.99,4.44,2.1,107,9f440b6d-b2d5-43eb-9f24-a23f7a88ec07
FALSE,B09XZCZ2RP,B09GWBFV8K,led spot lights outdoor,10,sr_rc,23,1,7621.27,0,159.38,0,91,18.29,42.43,170.23,0,-1.87,21,1,7621.27,34.51,4.44,-0.91,1,22,0,0,0,-1.99,4.44,2.2,107,9f440b6d-b2d5-43eb-9f24-a23f7a88ec07
FALSE,B09XZCZ2RP,B09GWBFV8K,led floodlights outdoor,11,sr_rc,47,1,1841.95,0,27.41,-0.73,62,34.2,2.11,107.11,0,-1.98,45,1,1841.95,76.5,0.39,-0.95,1,37,0,0,0,-1.98,4.44,2.1,107,9f440b6d-b2d5-43eb-9f24-a23f7a88ec07
FALSE,B09XZCZ2RP,B09GWBFV8K,spotlight bulbs outdoor,12,sr_rc,26,1,985.77,0,22.29,-0.83,96,7.09,68.8,193.71,0,-1.8,21,1,985.77,34.51,0.61,-0.95,1,25,0,0,0,-1.99,4.44,2.2,107,9f440b6d-b2d5-43eb-9f24-a23f7a88ec07
FALSE,B09XZCZ2RP,B09GWBFV8K,outdoor spotlight bulb,12,sr_rc,19,1,1577.7,0,34.61,0,93,7.02,108.91,177.63,0,-1.7,17,1,1577.7,27.59,1.23,-0.93,1,23,0,0,0,-1.99,4.44,2.2,107,9f440b6d-b2d5-43eb-9f24-a23f7a88ec07
TRUE,B0DKG9FTPK,B088KVJ6J4,emergency lights,1,kw,3,1,21774.76,0,162.14,-0.83,44,1,21774.76,60.93,1.47,-0.97,3,1,21774.76,2.82,42.07,-0.91,1,3,0,0,0,-1.99,4.23,1.1,107,9f440b6d-b2d5-43eb-9f24-a23f7a88ec07
TRUE,B0DKG9FTPK,B088KVJ6J4,emergency light,1,kw,8,1,88965.72,0,640.21,0,82,1,88965.72,117.43,1.04,-0.96,8,1,88965.72,9.87,56.3,-0.88,1,7,0,0,0,-1.99,4.23,1.1,107,9f440b6d-b2d5-43eb-9f24-a23f7a88ec07
TRUE,B0DKG9FTPK,B088KVJ6J4,emergency lights for business,1,kw,2,1.13,6603.57,0,47.58,-0.89,32,1,8740.14,43.82,0.97,-0.98,2,1.06,7680.76,1.41,22.81,-0.93,1,2,0,0,0,-1.99,4.23,1.1,107,9f440b6d-b2d5-43eb-9f24-a23f7a88ec07
TRUE,B0DKG9FTPK,B088KVJ6J4,emergency lighting,1,kw,3,1,4697.66,0,35.65,-0.73,28,1,4697.66,38.14,0.71,-0.97,3,1,4697.66,2.82,9.05,-0.91,1,3,0,0,0,-1.99,4.23,1.1,107,9f440b6d-b2d5-43eb-9f24-a23f7a88ec07
TRUE,B0DKG9FTPK,B088KVJ6J4,led emergency lights,1,kw,7,1,3096.17,0,21.61,0,77,1,3096.17,109.46,0.04,-0.98,7,1,3096.17,8.46,2.16,-0.93,1,6,0,0,0,-1.99,4.23,1.1,107,9f440b6d-b2d5-43eb-9f24-a23f7a88ec07
FALSE,B0DKG9FTPK,B088KVJ6J4,emergency exit light,1,kw,26,1,4720.29,0,21.33,-2.78,100,9.63,145.73,193.04,0,-3.76,23,1,4720.29,31.06,0.71,-2.86,1,17,0,0,0,-3.88,4.23,1.1,107,9f440b6d-b2d5-43eb-9f24-a23f7a88ec07
TRUE,B0DKG9FTPK,B088KVJ6J4,led emergency lights with battery backup,2,kw,9,1,2521.18,0,21.99,0,87,2.4,585.04,126.01,0,-1.53,9,1,2521.18,11.28,1.64,-0.93,1,5,0,0,0,-1.99,4.23,1.2,107,9f440b6d-b2d5-43eb-9f24-a23f7a88ec07
FALSE,B0DKG9FTPK,B088KVJ6J4,emergency exit lights with battery backup,2,kw,25,1,2592.32,0,11.79,-2.53,100,10.75,65.01,193.04,0,-3.58,23,1,2592.32,31.06,0.4,-2.61,1,18,0,0,0,-3.63,4.23,1.2,107,9f440b6d-b2d5-43eb-9f24-a23f7a88ec07
FALSE,B0DKG9FTPK,B088KVJ6J4,exit lights with emergency backup lighting,3,sr_rc,26,1,5209.03,0,21.95,-2.65,100,14.5,69.78,193.04,0,-3.69,25,1,5209.03,33.89,0.64,-2.74,1,21,0,0,0,-3.75,4.23,1.1,107,9f440b6d-b2d5-43eb-9f24-a23f7a88ec07
TRUE,B0DR663QQB,B0D1KW9ZNG,3000k led light bulbs,1,kw,12,1,4621.32,0,232.47,-0.7,66,1,4621.32,66.64,1.25,-1.67,11,1,4621.32,10.11,19.27,-1.63,1,13,0,0,0,-2.69,4.09,2.1,107,9f440b6d-b2d5-43eb-9f24-a23f7a88ec07
TRUE,B0DR663QQB,B0D1KW9ZNG,e26 edison bulb 60w led 3000k dimmable light bulbs,1,kw,9,1,540.01,0,24.34,-1.91,31,1,540.01,30.42,0.64,-2.05,8,1,540.01,7.08,3.09,-2.01,1,6,0,0,0,-3.07,4.09,2.1,107,9f440b6d-b2d5-43eb-9f24-a23f7a88ec07
TRUE,B0DR663QQB,B0D1KW9ZNG,3000k edison led light bulbs,1,kw,8,1,655.82,0,32.76,-1.35,44,1,655.82,43.72,0.46,-1.5,8,1,655.82,7.08,3.95,-1.48,1,10,0,0,0,-2.51,4.09,2.1,107,9f440b6d-b2d5-43eb-9f24-a23f7a88ec07
TRUE,B0DR663QQB,B0D1KW9ZNG,3000k light bulb,1,kw,15,1,1065.82,0,47.41,-1.53,68,1,1065.82,68.77,0.26,-1.77,13,1,1065.82,12.14,3.57,-1.73,1,16,0,0,0,-2.79,4.09,2.1,107,9f440b6d-b2d5-43eb-9f24-a23f7a88ec07
TRUE,B0DR663QQB,B0D1KW9ZNG,3000k led light bulbs dimmable,1,kw,21,1,457.04,0,18.09,-1.35,55,1,457.04,55.08,0.17,-1.58,19,1,457.04,18.22,0.91,-1.55,1,12,0,0,0,-2.61,4.09,2.1,107,9f440b6d-b2d5-43eb-9f24-a23f7a88ec07
TRUE,B0DR663QQB,B0D1KW9ZNG,light bulbs 3000k,1,kw,14,1,892.24,0,39.37,-0.8,73,1,892.24,74.19,0.16,-1.78,13,1,892.24,12.14,2.92,-1.73,1,18,0,0,0,-2.79,4.09,2.1,107,9f440b6d-b2d5-43eb-9f24-a23f7a88ec07
TRUE,B0DR663QQB,B0D1KW9ZNG,3000k light bulbs,1,kw,16,1,530.97,0,26.48,-0.77,65,1,530.97,65.57,0.16,-1.75,14,1,530.97,13.15,1.86,-1.7,1,15,0,0,0,-2.76,4.09,2.1,107,9f440b6d-b2d5-43eb-9f24-a23f7a88ec07
TRUE,B0DR663QQB,B0D1KW9ZNG,led light bulb 3000k,1,kw,14,1,659.82,0,25.45,-1.51,68,1,659.82,68.77,0.11,-1.66,13,1,659.82,12.14,1.9,-1.63,1,15,0,0,0,-2.67,4.09,2.1,107,9f440b6d-b2d5-43eb-9f24-a23f7a88ec07
TRUE,B0DR663QQB,B0D1KW9ZNG,a15 light bulb,2,kw,17,1,3656.21,0,168.16,0,73,1,3656.21,74.19,0.7,-0.96,14,1,3656.21,13.15,11.29,-0.88,1,20,0,0,0,-1.99,4.09,2.2,107,9f440b6d-b2d5-43eb-9f24-a23f7a88ec07
TRUE,B0DR663QQB,B0D1KW9ZNG,a15 led bulb,2,kw,20,1,1147.03,0,51.07,-0.83,79,1,1147.03,80.89,0.18,-0.97,17,1,1147.03,16.19,3.13,-0.93,1,25,0,0,0,-1.99,4.09,2.2,107,9f440b6d-b2d5-43eb-9f24-a23f7a88ec07
FALSE,B0DR663QQB,B0D1KW9ZNG,clear light bulbs,3,sr_rc,100,86.5,4.87,0,0,-3.73,100,113.36,2.25,140.88,0,-3.78,100,40.86,19.06,140.88,0,-3.7,1,159,0,0,0,-3.79,4.09,2.1,107,9f440b6d-b2d5-43eb-9f24-a23f7a88ec07
FALSE,B0DR663QQB,B0D1KW9ZNG,decorative led light bulbs,4,sr_rc,83,104.86,0.38,0,0,-1.98,100,121.77,0.24,140.88,0,-1.99,100,55.64,1.38,140.88,0,-1.98,1,171,0,0,0,-1.99,4.09,2.2,107,9f440b6d-b2d5-43eb-9f24-a23f7a88ec07
FALSE,B0DR663QQB,B0D1KW9ZNG,e26 led bulb 60 watt dimmable,5,sr_rc,100,82.71,9.84,0,0.01,-2.29,100,102.11,5.53,140.88,0,-2.47,100,33.82,48.17,140.88,0,-2.26,1,151,0,0,0,-2.48,4.09,2.1,107,9f440b6d-b2d5-43eb-9f24-a23f7a88ec07
TRUE,B0DJ3M6HYQ,B0C8CLSSXK,2x4 led flat panel light,1,kw,3,1,5963.82,0,51.17,-0.89,18,1,5963.82,17.3,2.32,-0.98,3,1,5963.82,2.03,16.87,-0.93,1,2,0,0,0,-1.99,3.41,1.1,107,9f440b6d-b2d5-43eb-9f24-a23f7a88ec07
TRUE,B0DJ3M6HYQ,B0C8CLSSXK,2 x 4 led flat panel light,1,kw,3,1,864.44,0,8.05,-1.1,17,1.02,827.97,16.28,0.46,-1.22,3,1,864.44,2.03,2.67,-1.14,1,2,0,0,0,-1.99,3.41,1.1,107,9f440b6d-b2d5-43eb-9f24-a23f7a88ec07
TRUE,B0DJ3M6HYQ,B0C8CLSSXK,led 2x4 flat panel,1,kw,4,1,1169.2,0,10.82,-0.73,50,1,1169.2,50.3,0.09,-0.98,4,1,1169.2,3.05,2.6,-0.93,1,4,0,0,0,-1.99,3.41,1.1,107,9f440b6d-b2d5-43eb-9f24-a23f7a88ec07
TRUE,B0DJ3M6HYQ,B0C8CLSSXK,flat panel led ceiling light 2 x 4,1,kw,4,1,880,0,7.18,-1.09,58,1,880,58.74,0.07,-1.18,4,1,880,3.05,1.71,-1.13,1,3,0,0,0,-1.99,3.41,1.1,107,9f440b6d-b2d5-43eb-9f24-a23f7a88ec07
FALSE,B0DJ3M6HYQ,B0C8CLSSXK,flat led ceiling light,2,kw,50,1,1813.42,0,9.05,0,87,16.73,31.9,92.66,0,-1.96,41,1,1813.42,40.92,0.2,-0.91,1,34,0,0,0,-1.98,3.41,1.2,107,9f440b6d-b2d5-43eb-9f24-a23f7a88ec07
TRUE,B0DJ3M6HYQ,B0C8CLSSXK,2x4 led drop ceiling light fixture,3,sr_rc,4,1.02,760.26,0,6.62,-1.92,19,1,793.75,18.32,0.28,-1.97,4,1,793.75,3.05,1.65,-1.93,1,2,0,0,0,-2.71,3.41,1.1,107,9f440b6d-b2d5-43eb-9f24-a23f7a88ec07
FALSE,B0DJ3M6HYQ,B0C8CLSSXK,drop ceiling lights,3,sr_rc,4,1,640.02,0,6.91,-1.21,50,1,640.02,50.3,0.1,-2.18,4,1,640.02,3.05,1.48,-2.14,1,4,0,0,0,-2.78,3.41,1.1,107,9f440b6d-b2d5-43eb-9f24-a23f7a88ec07
FALSE,B0DJ3M6HYQ,B0C8CLSSXK,2 x 4 led lights for drop ceiling,3,sr_rc,6,1.08,959.5,0,8.6,-1.02,53,1,1079.81,53.45,0.09,-1,6,1,1079.81,5.08,1.54,-0.95,1,4,0,0,0,-1.99,3.41,1.1,107,9f440b6d-b2d5-43eb-9f24-a23f7a88ec07
TRUE,B0D9HM8ZBK,B0D9HM8ZBK,mr16 led bulb dimmable,1,kw,4,1,542.37,0,38.29,-0.5,16,1,542.37,15.15,1.94,-1.46,4,1,542.37,3.03,8.7,-1.43,1,4,0,0,0,-2.49,3.05,2.1,107,9f440b6d-b2d5-43eb-9f24-a23f7a88ec07
TRUE,B0D9HM8ZBK,B0D9HM8ZBK,mr16 led bulb,1,kw,13,1,5563.89,0,330.59,-0.5,76,1,5563.89,77.11,1.11,-1.44,11,1,5563.89,10.09,28.29,-1.25,1,19,0,0,0,-2.48,3.05,2.1,107,9f440b6d-b2d5-43eb-9f24-a23f7a88ec07
FALSE,B0D9HM8ZBK,B0D9HM8ZBK,2 pin light bulbs,2,kw,95,1,954.59,0,3.78,-1.48,99,36.63,5.91,118.51,0,-2.71,74,1,954.59,74.92,0.22,-1.68,1,70,0,0,0,-2.73,3.05,2.2,107,9f440b6d-b2d5-43eb-9f24-a23f7a88ec07
TRUE,B0D8RBGMC2,B0BP2WFT6C,goof rings for 6 inch recessed lights,1,kw,8,1,4025.37,0,152.39,0,38,1,4025.37,37.27,2.41,-0.96,7,1,4025.37,6.03,19.97,-0.91,1,8,0,0,0,-1.99,2.41,1.1,107,9f440b6d-b2d5-43eb-9f24-a23f7a88ec07
TRUE,B0D8RBGMC2,B0BP2WFT6C,goof ring,1,kw,23,1,1587.6,0,45.13,0,13,14.71,5.67,12.07,0,-1.97,21,1,1587.6,20.12,2.06,-0.88,1,16,0,0,0,-1.99,2.41,1.1,107,9f440b6d-b2d5-43eb-9f24-a23f7a88ec07
TRUE,B0D8RBGMC2,B0BP2WFT6C,goof rings,1,kw,15,1,1332.73,0,43.68,0,13,9.64,12.56,12.07,0,-1.95,13,1,1332.73,12.07,3.15,-0.95,1,11,0,0,0,-1.99,2.41,1.1,107,9f440b6d-b2d5-43eb-9f24-a23f7a88ec07
TRUE,B0D8RBGMC2,B0BP2WFT6C,recessed light trim ring,2,kw,17,1,475.52,0,15.69,0,77,8.98,20.47,77.27,0,-1.92,16,1,475.52,15.09,0.99,-0.96,1,21,0,0,0,-1.99,2.41,1.2,107,9f440b6d-b2d5-43eb-9f24-a23f7a88ec07
FALSE,B0D8RBGMC2,B0BP2WFT6C,can light covers,3,sr_rc,89,1,632.68,0,2.17,-0.83,93,20.97,8.59,95.75,0,-1.96,63,1,632.68,62.71,0.11,-0.97,1,44,0,0,0,-1.99,2.41,1.1,107,9f440b6d-b2d5-43eb-9f24-a23f7a88ec07
FALSE,B0D8RBGMC2,B0BP2WFT6C,recessed light covers,3,sr_rc,82,1,315.49,0,2.02,-0.83,71,25.55,2.48,70.97,0,-1.98,55,1,315.49,54.52,0.08,-0.96,1,41,0,0,0,-1.99,2.41,1.1,107,9f440b6d-b2d5-43eb-9f24-a23f7a88ec07
FALSE,B0D8RBGMC2,B0BP2WFT6C,recessed light cover,3,sr_rc,100,7.83,53.54,0,0.02,-1.78,59,38.85,2.44,58.61,0,-1.98,79,1,768.37,79.4,0.07,-0.94,1,52,0,0,0,-1.99,2.41,1.1,107,9f440b6d-b2d5-43eb-9f24-a23f7a88ec07
TRUE,B0DFF44H4X,B0CTD5H359,solar walkway lights outdoor,1,kw,10,1,16876.44,0,326.04,0,76,1,16876.44,76.75,1.09,-0.89,9,1,16876.44,8.06,33.89,-0.75,1,20,0,0,0,-1.97,2.35,2.1,107,9f440b6d-b2d5-43eb-9f24-a23f7a88ec07
FALSE,B0DFF44H4X,B0CTD5H359,solar walkway lights,1,kw,9,49.66,5.06,0,0.2,-0.99,100,13.72,88.42,128.38,0,-1.82,92,1,2736.67,95.88,0.06,-0.75,1,62,0,0,0,-1.96,2.35,2.1,107,9f440b6d-b2d5-43eb-9f24-a23f7a88ec07
FALSE,B0DFF44H4X,B0CTD5H359,walkway lights,1,kw,89,33.72,51.46,0,0.12,-0.91,100,54.44,20.39,128.38,0,-1.9,91,1,5586.14,94.44,0.11,-0.75,1,101,0,0,0,-1.89,2.35,2.1,107,9f440b6d-b2d5-43eb-9f24-a23f7a88ec07
TRUE,B0DFF44H4X,B0CTD5H359,solar path lights outdoor,2,kw,8,1,5576.97,0,109.49,-0.67,57,1,5576.97,56.82,0.86,-1.56,7,1,5576.97,6.05,14.62,-1.42,1,15,0,0,0,-2.65,2.35,2.2,107,9f440b6d-b2d5-43eb-9f24-a23f7a88ec07
FALSE,B0DFF44H4X,B0CTD5H359,solar path lights,2,kw,54,1,12788.41,0,142.61,0,95,1,12788.41,100.96,0.17,-0.93,40,1,12788.41,39.43,4.28,-0.75,1,34,0,0,0,-1.99,2.35,2.2,107,9f440b6d-b2d5-43eb-9f24-a23f7a88ec07
FALSE,B0DFF44H4X,B0CTD5H359,solar pathway lights,3,sr_rc,49,4.84,3858.81,0,44.3,0,97,1,29737.81,105.77,0.23,-0.89,41,1,29737.81,40.45,8.95,-0.75,1,37,0,0,0,-1.98,2.35,2.1,107,9f440b6d-b2d5-43eb-9f24-a23f7a88ec07
FALSE,B0DFF44H4X,B0CTD5H359,solar lights outdoor pathway,3,sr_rc,11,132.43,6.38,0,0.19,-0.99,100,107.19,19.76,128.38,0,-1.95,11,130.88,7.03,10.08,0,-1.96,1,150,0,0,0,-1.98,2.35,2.1,107,9f440b6d-b2d5-43eb-9f24-a23f7a88ec07
TRUE,B0D1KZXGCQ,B09M932XK3,goof rings,1,kw,6,1,558.48,0,36.11,0,11,1.05,514.23,19.18,1.45,-0.97,4,1.07,497.83,5.75,4.71,-0.93,1,3,0,0,0,-1.99,2.31,1.1,107,9f440b6d-b2d5-43eb-9f24-a23f7a88ec07
TRUE,B0D1KZXGCQ,B09M932XK3,goof rings for 6 inch recessed lights,1,kw,3,1.02,1674.64,0,117.71,-0.73,50,1,1731.32,94.67,0.68,-0.98,3,1,1731.32,3.83,24.87,-0.88,1,3,0,0,0,-1.99,2.31,1.1,107,9f440b6d-b2d5-43eb-9f24-a23f7a88ec07
FALSE,B0D1KZXGCQ,B09M932XK3,goof rings for 4 inch recessed lights,1,kw,50,12.35,14.75,0,0.42,-2.8,100,35.05,1.34,272.08,0,-2.98,100,2.4,139.02,272.08,0,-2.12,1,45,0,0,0,-2.99,2.31,1.1,107,9f440b6d-b2d5-43eb-9f24-a23f7a88ec07
FALSE,B0D1KZXGCQ,B09M932XK3,goof ring,1,kw,1,1,0,0,0,-1.98,1,1,0,0,0,-1.99,1,1,0,0,0,-1.99,1,1,0,0,0,-1.99,2.31,1.1,107,9f440b6d-b2d5-43eb-9f24-a23f7a88ec07
TRUE,B0D1KZXGCQ,B09M932XK3,recessed light trim ring,2,kw,4,1.01,190.42,0,13.22,-0.73,51,1,193.63,96.63,0.1,-0.98,4,1,193.63,5.75,1.88,-0.93,1,3,0,0,0,-1.99,2.31,1.2,107,9f440b6d-b2d5-43eb-9f24-a23f7a88ec07
TRUE,B0D1KZXGCQ,B09M932XK3,recessed light trim,2,kw,6,1,247.42,0,16,-0.83,56,1.01,243.71,106.49,0.08,-0.97,6,1,247.42,9.58,1.42,-0.95,1,4,0,0,0,-1.99,2.31,1.2,107,9f440b6d-b2d5-43eb-9f24-a23f7a88ec07
TRUE,B0D1KZXGCQ,B09M932XK3,recessed lighting trims,2,kw,25,1,440.64,0,22.9,-0.73,20,19.01,0.7,36.48,0,-1.99,23,1.03,424.26,42.26,0.58,-0.96,1,20,0,0,0,-1.99,2.31,1.2,107,9f440b6d-b2d5-43eb-9f24-a23f7a88ec07
FALSE,B0D1KZXGCQ,B09M932XK3,can light covers,3,sr_rc,29,1,328.81,0,13.1,0,100,8.75,11.09,272.08,0,-1.92,26,1,328.81,48.04,0.22,-0.96,1,15,0,0,0,-1.98,2.31,1.1,107,9f440b6d-b2d5-43eb-9f24-a23f7a88ec07
FALSE,B0D1KZXGCQ,B09M932XK3,recessed light cover,3,sr_rc,17,1,394.16,0,22.1,0,19,11.24,1.57,34.55,0,-1.98,16,1,394.16,28.78,0.71,-0.91,1,12,0,0,0,-1.99,2.31,1.1,107,9f440b6d-b2d5-43eb-9f24-a23f7a88ec07
FALSE,B0D1KZXGCQ,B09M932XK3,recessed light covers,3,sr_rc,13,1,158.96,0,7.97,-1.01,100,3.44,25.36,272.08,0,-2.83,12,1,158.96,21.1,0.4,-1.92,1,9,0,0,0,-2.99,2.31,1.1,107,9f440b6d-b2d5-43eb-9f24-a23f7a88ec07
FALSE,B0C5JSMH9J,B09XY3NVR7,recessed light bulbs,1,kw,31,1,12831.36,0,297.7,-0.73,92,1,12831.36,277.11,0.14,-0.97,24,1,12831.36,66.31,4.79,-0.91,1,23,0,0,0,-1.99,2.27,2.1,107,9f440b6d-b2d5-43eb-9f24-a23f7a88ec07
FALSE,B0C5JSMH9J,B09XY3NVR7,recessed lighting bulbs,1,kw,30,1,981.56,0,22.36,-0.73,100,1.38,649.28,389.07,0,-0.99,23,1,981.56,63.42,0.32,-0.91,1,22,0,0,0,-1.99,2.27,2.1,107,9f440b6d-b2d5-43eb-9f24-a23f7a88ec07
TRUE,B0C5JSMH9J,B09XY3NVR7,led br30,2,kw,4,1.07,761.72,0,22.38,-0.62,12,1,837.75,31.67,0.67,-1.58,4,1,837.75,8.63,2.4,-1.55,1,6,0,0,0,-2.61,2.27,2.2,107,9f440b6d-b2d5-43eb-9f24-a23f7a88ec07
TRUE,B0C5JSMH9J,B09XY3NVR7,br30 led bulb 5000k,2,kw,5,1,1554.51,0,49.36,0,31,1,1554.51,86.57,0.43,-0.96,5,1,1554.51,11.51,3.81,-0.91,1,7,0,0,0,-1.99,2.27,2.2,107,9f440b6d-b2d5-43eb-9f24-a23f7a88ec07
TRUE,B0C5JSMH9J,B09XY3NVR7,br30 led bulb,2,kw,9,1,9779.61,0,276.15,-0.56,74,1,9779.61,213.88,0.35,-1.53,8,1,9779.61,20.15,11.95,-1.47,1,14,0,0,0,-2.55,2.27,2.2,107,9f440b6d-b2d5-43eb-9f24-a23f7a88ec07
TRUE,B0C5JSMH9J,B09XY3NVR7,br30 led,2,kw,9,1,1915.43,0,57.06,-0.65,59,1.01,1890.65,168.5,0.16,-1.62,8,1,1915.43,20.15,2.53,-1.58,1,12,0,0,0,-2.64,2.27,2.2,107,9f440b6d-b2d5-43eb-9f24-a23f7a88ec07
TRUE,B0C5JSMH9J,B09XY3NVR7,br 30 led bulbs,2,kw,17,1,1171.15,0,30.26,-0.6,82,9.02,52.72,239.49,0,-2.45,15,1,1171.15,40.32,0.67,-1.53,1,23,0,0,0,-2.59,2.27,2.2,107,9f440b6d-b2d5-43eb-9f24-a23f7a88ec07
TRUE,B0C5JSMH9J,B09XY3NVR7,br30 bulb,2,kw,25,1.02,1059.14,0,23.64,-1.36,16,25.49,4.17,43.2,0,-2.61,19,1,1086.06,51.86,0.46,-1.58,1,31,0,0,0,-2.62,2.27,2.2,107,9f440b6d-b2d5-43eb-9f24-a23f7a88ec07
FALSE,B0C5JSMH9J,B09XY3NVR7,led flood light bulbs indoor,3,sr_rc,13,1,5398.94,0,152.9,0,57,1,5398.94,162.57,0.45,-0.96,10,1.02,5262.68,25.91,5.54,-0.93,1,16,0,0,0,-1.99,2.27,2.1,107,9f440b6d-b2d5-43eb-9f24-a23f7a88ec07
FALSE,B0C5JSMH9J,B09XY3NVR7,led indoor flood light bulbs,3,sr_rc,16,1,1642.28,0,44.73,0,65,1,1642.28,186.42,0.07,-0.96,12,1,1642.28,31.67,1.37,-0.91,1,18,0,0,0,-1.99,2.27,2.1,107,9f440b6d-b2d5-43eb-9f24-a23f7a88ec07
FALSE,B0C5JSMH9J,B09XY3NVR7,indoor flood lights,3,sr_rc,42,1,2459.93,0,47.24,-0.68,92,15.75,49.04,277.11,0,-2.54,36,1,2459.93,101.08,0.54,-1.59,1,34,0,0,0,-2.67,2.27,2.1,107,9f440b6d-b2d5-43eb-9f24-a23f7a88ec07
FALSE,B0C5JSMH9J,B09XY3NVR7,led flood lights indoor,3,sr_rc,24,1,1323.04,0,31.66,0,100,1.48,798.83,389.07,0,-0.99,18,1,1323.04,48.97,0.65,-0.91,1,21,0,0,0,-1.99,2.27,2.1,107,9f440b6d-b2d5-43eb-9f24-a23f7a88ec07
FALSE,B0C5JSMH9J,B09XY3NVR7,flood lights indoor,3,sr_rc,31,1,6303.71,0,138.31,-1.3,92,7.38,417.98,277.11,0,-1.56,26,1,6303.71,72.09,1.97,-1.48,1,26,0,0,0,-2.56,2.27,2.1,107,9f440b6d-b2d5-43eb-9f24-a23f7a88ec07
TRUE,B0D96K4ZG7,B0C3JG77KY,fluorescent light bulbs 48 inch,1,kw,17,1,5074.14,0,67.74,0,66,1,5074.14,66.57,0.37,-0.97,14,1,5074.14,13.14,4.46,-0.93,1,13,0,0,0,-1.99,2.23,1.1,107,9f440b6d-b2d5-43eb-9f24-a23f7a88ec07
FALSE,B0D96K4ZG7,B0C3JG77KY,fluorescent light bulbs,1,kw,97,42.08,54.78,0,0.03,-1.81,100,80.89,11.04,139.03,0,-1.97,100,12.96,317.9,139.03,0,-1.54,1,110,0,0,0,-1.99,2.23,1.1,107,9f440b6d-b2d5-43eb-9f24-a23f7a88ec07
TRUE,B0D96K4ZG7,B0C3JG77KY,4ft led bulbs,2,kw,5,1,1742.91,0,25.2,0,18,1,1742.91,17.2,1.17,-0.96,4,1,1742.91,3.03,5.99,-0.93,1,4,0,0,0,-1.99,2.23,1.2,107,9f440b6d-b2d5-43eb-9f24-a23f7a88ec07
FALSE,B0D96K4ZG7,B0C3JG77KY,4 ft led light bulbs,2,kw,30,1,1507.5,0,13.84,0,85,7.46,90.76,87.86,0,-1.86,25,1,1507.5,24.3,0.57,-0.93,1,21,0,0,0,-1.99,2.23,1.2,107,9f440b6d-b2d5-43eb-9f24-a23f7a88ec07
TRUE,B0D96K4ZG7,B0C3JG77KY,4 foot led bulbs,3,sr_rc,4,1,702.99,0,10.38,-0.01,15,1,702.99,14.16,0.61,-0.97,3,1.17,535.23,2.02,2.46,-1.18,1,3,0,0,0,-1.99,2.23,1.1,107,9f440b6d-b2d5-43eb-9f24-a23f7a88ec07
FALSE,B0D96K4ZG7,B0C3JG77KY,t8 led,4,sr_rc,10,1,835.6,0,11.11,0,51,1,835.6,50.89,0.08,-0.98,9,1,835.6,8.08,1.04,-0.93,1,13,0,0,0,-1.99,2.23,1.2,107,9f440b6d-b2d5-43eb-9f24-a23f7a88ec07
FALSE,B0D96K4ZG7,B0C3JG77KY,4' led light bulbs,5,sr_rc,35,1,1208.95,0,11.96,0,76,10.4,41.55,77.39,0,-1.93,29,1,1208.95,28.37,0.38,-0.96,1,23,0,0,0,-1.99,2.23,1.1,107,9f440b6d-b2d5-43eb-9f24-a23f7a88ec07
TRUE,B0DDZJQJ7T,B096GSQYHQ,4 inch led recessed lights,1,kw,16,1,8403.76,0,171.52,-0.83,62,1,8403.76,83.79,0.89,-0.97,14,1,8403.76,17.67,9.21,-0.95,1,15,0,0,0,-1.99,2.08,2.1,107,9f440b6d-b2d5-43eb-9f24-a23f7a88ec07
TRUE,B0DDZJQJ7T,B096GSQYHQ,4 inch led recessed lights retrofit,1,kw,3,1,598.8,0,16,-0.73,17,1,598.8,21.76,0.57,-0.96,3,1,598.8,2.72,4.17,-0.91,1,3,0,0,0,-1.99,2.08,2.1,107,9f440b6d-b2d5-43eb-9f24-a23f7a88ec07
TRUE,B0DDZJQJ7T,B096GSQYHQ,retrofit led recessed lighting 4 inch,1,kw,3,1,597.92,0,16.39,-0.73,21,1,597.92,27.21,0.42,-0.96,3,1,597.92,2.72,4.32,-0.91,1,4,0,0,0,-1.99,2.08,2.1,107,9f440b6d-b2d5-43eb-9f24-a23f7a88ec07
TRUE,B0DDZJQJ7T,B096GSQYHQ,can lights 4 inch,1,kw,14,1,537.94,0,13.17,-0.57,57,1,537.94,76.77,0.08,-1.54,12,1,537.94,14.95,0.76,-1.5,1,13,0,0,0,-2.56,2.08,2.1,107,9f440b6d-b2d5-43eb-9f24-a23f7a88ec07
TRUE,B0DDZJQJ7T,B096GSQYHQ,4 inch can lights,1,kw,13,1,522.72,0,12.13,-0.9,60,1,522.72,80.98,0.07,-1.87,12,1,522.72,14.95,0.71,-1.83,1,14,0,0,0,-2.89,2.08,2.1,107,9f440b6d-b2d5-43eb-9f24-a23f7a88ec07
FALSE,B0DDZJQJ7T,B096GSQYHQ,can light conversion kit,2,kw,53,1,2224.63,0,29.41,-0.89,2,37.65,0.28,1.36,0,-1.99,43,1,2224.63,57.35,0.6,-0.93,1,38,0,0,0,-1.99,2.08,2.2,107,9f440b6d-b2d5-43eb-9f24-a23f7a88ec07
FALSE,B0DDZJQJ7T,B096GSQYHQ,recessed light conversion kit,2,kw,62,1,1655.63,0,18.13,-0.89,27,36.45,2.55,35.4,0,-1.98,47,1,1655.63,62.87,0.38,-0.93,1,41,0,0,0,-1.99,2.08,2.2,107,9f440b6d-b2d5-43eb-9f24-a23f7a88ec07
FALSE,B0DDZJQJ7T,B096GSQYHQ,4 recessed lighting led dimmable,3,sr_rc,25,1,865.34,0,17.31,-1.38,71,1,865.34,96.65,0.05,-1.52,21,1,865.34,27.21,0.67,-1.48,1,19,0,0,0,-2.54,2.08,2.1,107,9f440b6d-b2d5-43eb-9f24-a23f7a88ec07
TRUE,B0DTB3DCK9,B0CJWHPQS7,4 inch led recessed lights,1,kw,14,1,4098.26,0,180.22,-0.73,63,1,4098.26,63.77,1.17,-0.97,12,1,4098.26,11.15,14.73,-0.93,1,16,0,0,0,-1.99,2.01,1.1,107,9f440b6d-b2d5-43eb-9f24-a23f7a88ec07
TRUE,B0DTB3DCK9,B0CJWHPQS7,4 inch led recessed lights retrofit,1,kw,6,1,348.47,0,19.17,0,35,1,348.47,34.61,0.34,-0.97,5,1,348.47,4.05,3.63,-0.93,1,6,0,0,0,-1.99,2.01,1.1,107,9f440b6d-b2d5-43eb-9f24-a23f7a88ec07
TRUE,B0DTB3DCK9,B0CJWHPQS7,retrofit led recessed lighting 4 inch,1,kw,6,1.04,305.32,0,17.38,0,38,1,322.22,37.69,0.33,-0.97,6,1,322.22,5.06,2.88,-0.93,1,7,0,0,0,-1.99,2.01,1.1,107,9f440b6d-b2d5-43eb-9f24-a23f7a88ec07
TRUE,B0DTB3DCK9,B0CJWHPQS7,4 inch led recessed light,1,kw,12,1,388.99,0,19.82,0,52,1,388.99,52.17,0.17,-0.96,10,1,388.99,9.12,1.85,-0.93,1,11,0,0,0,-1.99,2.01,1.1,107,9f440b6d-b2d5-43eb-9f24-a23f7a88ec07
FALSE,B0DTB3DCK9,B0CJWHPQS7,can light conversion kit to pendant,2,kw,100,23.86,14.57,0,0.01,-2.75,15,75.53,0.11,14.2,0,-2.99,100,16.79,25.02,149.74,0,-2.85,1,77,0,0,0,-2.99,2.01,1.2,107,9f440b6d-b2d5-43eb-9f24-a23f7a88ec07
TRUE,B0C4W56W9B,B0CGCKFCSJ,2 prong light bulbs,1,kw,15,1,1802.07,0,191.37,0,42,1,1802.07,82.62,1.37,-0.93,13,1,1802.07,24.02,7.24,-0.88,1,9,0,0,0,-1.99,1.91,2.1,107,9f440b6d-b2d5-43eb-9f24-a23f7a88ec07
TRUE,B0C4W56W9B,B0CGCKFCSJ,two prong light bulb,1,kw,19,1,971.58,0,97.25,0,60,1,971.58,119.86,0.4,-0.94,16,1,971.58,30.04,2.96,-0.88,1,12,0,0,0,-1.99,1.91,2.1,107,9f440b6d-b2d5-43eb-9f24-a23f7a88ec07
TRUE,B0C4W56W9B,B0CGCKFCSJ,light bulbs with 2 prongs,1,kw,20,1,433.3,0,41.69,0,64,1,433.3,128.33,0.14,-0.96,16,1,433.3,30.04,1.28,-0.88,1,13,0,0,0,-1.99,1.91,2.1,107,9f440b6d-b2d5-43eb-9f24-a23f7a88ec07
FALSE,B0C4W56W9B,B0CGCKFCSJ,2 pin light bulbs,2,kw,43,1,525.72,0,40.28,0,87,16.64,8.85,182.26,0,-1.89,35,1,525.72,68.37,0.58,-0.91,1,32,0,0,0,-1.97,1.91,2.2,107,9f440b6d-b2d5-43eb-9f24-a23f7a88ec07
TRUE,B0DZ8WMB81,B0DKKQTDLH,uplights indoor,1,kw,6,1,2615.69,0,75.1,0,33,1,2615.69,32.37,1.43,-0.89,5,1,2615.69,4.03,13.88,-0.75,1,6,0,0,0,-1.94,1.88,1.1,107,9f440b6d-b2d5-43eb-9f24-a23f7a88ec07
TRUE,B0DZ8WMB81,B0DKKQTDLH,uplighting indoor,1,kw,11,1,3414.01,0,83.53,0,76,1,3414.01,77,0.27,-0.94,11,1,3414.01,10.09,6.81,-0.82,1,9,0,0,0,-1.96,1.88,1.1,107,9f440b6d-b2d5-43eb-9f24-a23f7a88ec07
TRUE,B0DZ8WMB81,B0DKKQTDLH,plant spotlight indoor,2,kw,7,1,679.64,0,17.49,0,43,1,679.64,42.55,0.18,-0.89,7,1,679.64,6.05,2.27,-0.75,1,6,0,0,0,-1.94,1.88,1.2,107,9f440b6d-b2d5-43eb-9f24-a23f7a88ec07
FALSE,B0DZ8WMB81,B0DKKQTDLH,led spot lights indoor,3,sr_rc,68,26.35,14.29,0,0.13,-1.69,40,64.51,0.64,39.49,0,-1.99,68,18.55,25.44,68.42,0,-1.92,1,70,0,0,0,-1.99,1.88,1.1,107,9f440b6d-b2d5-43eb-9f24-a23f7a88ec07
TRUE,B0D4WSBHCF,B0C5S4BPMS,recessed lighting,1,kw,19,1,13221.7,0,345.19,0,63,1,13221.7,96.13,1.54,-0.96,15,1,13221.7,21.56,14.54,-0.93,1,17,0,0,0,-1.99,1.83,2.1,107,9f440b6d-b2d5-43eb-9f24-a23f7a88ec07
TRUE,B0D4WSBHCF,B0C5S4BPMS,led recessed lighting,1,kw,25,1,337.74,0,10.09,-0.03,67,1,337.74,102.46,0.08,-1,20,1,337.74,29.27,0.37,-0.96,1,21,0,0,0,-1.99,1.83,2.1,107,9f440b6d-b2d5-43eb-9f24-a23f7a88ec07
FALSE,B0D4WSBHCF,B0C5S4BPMS,recessed led ceiling light,1,kw,39,1,579.56,0,11.6,-2.52,65,1,579.56,99.29,0.07,-2.76,28,1,579.56,41.63,0.28,-2.75,1,21,0,0,0,-3.78,1.83,2.1,107,9f440b6d-b2d5-43eb-9f24-a23f7a88ec07
TRUE,B0D4WSBHCF,B0C5S4BPMS,recessed light with night light,2,kw,4,1,305.21,0,10.32,-0.13,30,1.02,296.15,44.72,0.14,-1.13,4,1,305.21,4.62,1.78,-1.06,1,4,0,0,0,-1.99,1.83,2.2,107,9f440b6d-b2d5-43eb-9f24-a23f7a88ec07
FALSE,B0D4WSBHCF,B0C5S4BPMS,canless recessed lighting,3,sr_rc,34,1,340.6,0,8.55,-0.76,78,1,340.6,120.2,0,-1.02,26,1,340.6,38.54,0.17,-0.98,1,25,0,0,0,-1.98,1.83,2.1,107,9f440b6d-b2d5-43eb-9f24-a23f7a88ec07
TRUE,B0DQVM78NV,B0D1KVWWCS,a15 led bulb,1,kw,14,1,722.99,0,55.9,-0.71,66,1,722.99,66.6,0.29,-1.68,13,1,722.99,12.13,4.19,-1.62,1,18,0,0,0,-2.7,1.71,1.1,107,9f440b6d-b2d5-43eb-9f24-a23f7a88ec07
TRUE,B0DQVM78NV,B0D1KVWWCS,3000k light bulb,2,kw,15,1,674.1,0,46.72,-1.71,58,1,674.1,58.18,0.42,-1.85,14,1,674.1,13.15,3.35,-1.83,1,14,0,0,0,-2.87,1.71,1.2,107,9f440b6d-b2d5-43eb-9f24-a23f7a88ec07
TRUE,B0DQVM78NV,B0D1KVWWCS,light bulbs 3000k,2,kw,14,1,566.48,0,38.2,-1.65,59,1,566.48,59.23,0.31,-1.89,14,1,566.48,13.15,2.71,-1.87,1,17,0,0,0,-2.91,1.71,1.2,107,9f440b6d-b2d5-43eb-9f24-a23f7a88ec07
FALSE,B0DQVM78NV,B0D1KVWWCS,3000k light bulbs,2,kw,28,1,344.45,0,22.33,-1.78,77,1,344.45,78.57,0.1,-1.93,23,1,344.45,22.27,1,-1.9,1,29,0,0,0,-2.94,1.71,1.2,107,9f440b6d-b2d5-43eb-9f24-a23f7a88ec07
FALSE,B0DQVM78NV,B0D1KVWWCS,3000k edison bulb,3,sr_rc,7,1,370.38,0,25.13,-1.59,33,1,370.38,32.45,0.59,-1.68,6,1,370.38,5.05,4.12,-1.65,1,7,0,0,0,-2.69,1.71,1.1,107,9f440b6d-b2d5-43eb-9f24-a23f7a88ec07
TRUE,B0DR3CHQJM,B0D1KTSDNP,3000k edison led light bulbs,1,kw,4,1,441.98,0,29.66,-0.89,19,1,441.98,36.19,0.66,-0.98,4,1,441.98,6.03,4.13,-0.95,1,4,0,0,0,-1.99,1.65,2.1,107,9f440b6d-b2d5-43eb-9f24-a23f7a88ec07
TRUE,B0DR3CHQJM,B0D1KTSDNP,3000k led light bulbs,1,kw,14,1,3613.49,0,214.57,-1.3,65,1,3613.49,129.72,0.64,-1.55,13,1,3613.49,24.12,8.46,-1.52,1,17,0,0,0,-2.56,1.65,2.1,107,9f440b6d-b2d5-43eb-9f24-a23f7a88ec07
TRUE,B0DR3CHQJM,B0D1KTSDNP,e26 edison bulb 60w led 3000k dimmable light bulbs,1,kw,11,1,432.24,0,24.93,-1.76,41,1,432.24,80.63,0.22,-2.01,10,1,432.24,18.08,1.34,-1.98,1,8,0,0,0,-3.02,1.65,2.1,107,9f440b6d-b2d5-43eb-9f24-a23f7a88ec07
FALSE,B0DR3CHQJM,B0D1KTSDNP,3000k led light bulbs dimmable,1,kw,33,1,363.06,0,15.59,-1.47,65,1,363.06,129.72,0.07,-1.55,26,1,363.06,50.3,0.28,-1.53,1,25,0,0,0,-2.57,1.65,2.1,107,9f440b6d-b2d5-43eb-9f24-a23f7a88ec07
FALSE,B0DR3CHQJM,B0D1KTSDNP,3000k light bulbs,1,kw,31,1,419.46,0,21.51,-1.53,85,1,419.46,172.81,0.03,-1.62,26,1,419.46,50.3,0.48,-1.6,1,34,0,0,0,-2.63,1.65,2.1,107,9f440b6d-b2d5-43eb-9f24-a23f7a88ec07
FALSE,B0DR3CHQJM,B0D1KTSDNP,led light bulb 3000k,1,kw,30,1,520.45,0,20.97,-1.45,84,1,520.45,170.5,0.03,-1.54,26,1,520.45,50.3,0.37,-1.52,1,31,0,0,0,-2.55,1.65,2.1,107,9f440b6d-b2d5-43eb-9f24-a23f7a88ec07
TRUE,B0CQ9YYKP3,B088KSYTL5,emergency exit light,1,kw,7,1,4722.67,0,35.53,0,47,1,4722.67,110.9,0.18,-0.98,6,1,4722.67,11.99,2.44,-0.93,1,6,0,0,0,-1.98,1.62,1.1,107,9f440b6d-b2d5-43eb-9f24-a23f7a88ec07
TRUE,B0CQ9YYKP3,B088KSYTL5,emergency lights,1,kw,19,1,31001.14,0,175.11,-0.73,92,15.33,339.95,228.85,0,-1.74,18,1,31001.14,40.82,4.08,-0.96,1,21,0,0,0,-1.99,1.62,1.1,107,9f440b6d-b2d5-43eb-9f24-a23f7a88ec07
FALSE,B0CQ9YYKP3,B088KSYTL5,emergency lights for business,1,kw,20,1,15984.18,0,84.05,-1.89,100,14.26,178.37,309.51,0,-3.75,19,1,15984.18,43.23,1.78,-2.86,1,19,0,0,0,-3.88,1.62,1.1,107,9f440b6d-b2d5-43eb-9f24-a23f7a88ec07
TRUE,B0CQ9YYKP3,B088KSYTL5,emergency lighting,1,kw,22,1,6642.15,0,37.25,-0.86,2,16.88,1.76,2.4,0,-2.85,21,1,6642.15,48.04,0.76,-1.82,1,17,0,0,0,-2.85,1.62,1.1,107,9f440b6d-b2d5-43eb-9f24-a23f7a88ec07
FALSE,B0CQ9YYKP3,B088KSYTL5,led emergency lights,1,kw,52,1,3730.26,0,11.91,-1.71,2,39.82,0.21,2.4,0,-2.87,49,1,3730.26,115.77,0.08,-1.85,1,40,0,0,0,-2.87,1.62,1.1,107,9f440b6d-b2d5-43eb-9f24-a23f7a88ec07
TRUE,B0CQ9YYKP3,B088KSYTL5,emergency exit sign with lights battery backup,2,kw,6,1,7302.34,0,55.25,0,31,1,7302.34,72.14,0.47,-0.98,5,1,7302.34,9.6,4.75,-0.93,1,5,0,0,0,-1.99,1.62,1.2,107,9f440b6d-b2d5-43eb-9f24-a23f7a88ec07
TRUE,B0CQ9YYKP3,B088KSYTL5,emergency exit sign,2,kw,19,1,13313.27,0,94.59,0,100,1.7,6585.88,309.51,0,-0.96,15,1,13313.27,33.61,2.59,-0.88,1,13,0,0,0,-1.98,1.62,1.2,107,9f440b6d-b2d5-43eb-9f24-a23f7a88ec07
TRUE,B0CQ9YYKP3,B088KSYTL5,exit lights with emergency backup lighting,3,sr_rc,4,1.08,3794.22,0,25.45,-1.36,16,1,4325.51,36.01,0.68,-1.5,3,1.15,3396.99,4.8,3.96,-1.48,1,3,0,0,0,-2.51,1.62,1.1,107,9f440b6d-b2d5-43eb-9f24-a23f7a88ec07
TRUE,B0CQ9YYKP3,B088KSYTL5,emergency exit lights with battery backup,3,sr_rc,4,1,2163.09,0,15.3,-1.44,16,1.01,2127.29,36.01,0.29,-1.69,3,1,2163.09,4.8,2.66,-1.64,1,3,0,0,0,-2.69,1.62,1.1,107,9f440b6d-b2d5-43eb-9f24-a23f7a88ec07
FALSE,B0CQ9YYKP3,B088KSYTL5,led emergency lights with battery backup,4,sr_rc,50,1,3113.14,0,13.74,-1.72,15,26.44,1.36,33.61,0,-2.88,48,1,3113.14,113.33,0.11,-1.87,1,27,0,0,0,-2.88,1.62,1.2,107,9f440b6d-b2d5-43eb-9f24-a23f7a88ec07
TRUE,B0DR648H2B,B0D1KXJPWB,4000k led light bulbs,1,kw,11,1,3142.16,0,172.04,0,53,1,3142.16,52.66,1.58,-0.96,11,1,3142.16,10.07,14.16,-0.93,1,12,0,0,0,-1.99,1.58,2.1,107,9f440b6d-b2d5-43eb-9f24-a23f7a88ec07
FALSE,B0DR648H2B,B0D1KXJPWB,a15 led bulb,2,kw_sr_rc,90,22.58,17.46,0,0.11,-2.46,100,42.64,5.63,126.48,0,-2.53,82,1,1057.59,83.22,0.16,-1.55,1,85,0,0,0,-2.56,1.58,2.2,107,9f440b6d-b2d5-43eb-9f24-a23f7a88ec07
FALSE,B0DR648H2B,B0D1KXJPWB,a15 light bulb,2,kw,29,86.79,4.1,0,0.14,-2.66,99,77.48,6.06,113.97,0,-2.67,100,16.93,90.37,126.48,0,-2.25,1,118,0,0,0,-2.7,1.58,2.2,107,9f440b6d-b2d5-43eb-9f24-a23f7a88ec07
TRUE,B0DXW3TNNJ,B096H4Y97R,6 inch gimbal led recessed light,1,kw,3,1,562.69,0,14.19,0,4,1.13,425.14,5.55,1.55,-1.16,2,1.11,443.95,1.85,3.85,-1.09,1,2,0,0,0,-1.99,1.55,1.1,107,9f440b6d-b2d5-43eb-9f24-a23f7a88ec07
FALSE,B0DXW3TNNJ,B096H4Y97R,4 inch gimbal led recessed light,2,kw,67,22.4,13.85,0,0.15,-2.94,95,37.61,4.68,181.13,0,-2.98,82,1,932.04,151.83,0.04,-1.98,1,62,0,0,0,-2.99,1.55,1.2,107,9f440b6d-b2d5-43eb-9f24-a23f7a88ec07
TRUE,B0CT75QJR1,B0CLQ4KSLM,par20 led bulbs,1,kw,13,1,2986.43,0,103.08,-0.69,60,1.01,2947.57,60.82,0.78,-1.67,12,1,2986.43,11.17,8.18,-1.64,1,11,0,0,0,-2.68,1.52,2.1,107,9f440b6d-b2d5-43eb-9f24-a23f7a88ec07
TRUE,B0CT75QJR1,B0CLQ4KSLM,par 20 led bulbs,1,kw,10,1,2048.87,0,70.62,0,49,1,2048.87,49.21,0.74,-0.97,9,1,2048.87,8.12,7.49,-0.95,1,12,0,0,0,-1.99,1.52,2.1,107,9f440b6d-b2d5-43eb-9f24-a23f7a88ec07
FALSE,B0CT75QJR1,B0CLQ4KSLM,br20 led bulb,2,kw,68,1,1451.11,0,15.6,-3.08,84,39.42,5.46,88.3,0,-4.32,50,1,1451.11,50.25,0.48,-3.3,1,57,0,0,0,-4.34,1.52,2.2,107,9f440b6d-b2d5-43eb-9f24-a23f7a88ec07
TRUE,B0DJ5R9B2R,B0BWPM4LDK,2x2 led flat panel light,1,kw,14,1,43472.22,0,74.52,-1.49,41,1,43472.22,40.19,1.19,-1.74,12,1,43472.22,11.04,6.23,-1.72,1,11,0,0,0,-2.75,1.45,1.1,107,9f440b6d-b2d5-43eb-9f24-a23f7a88ec07
FALSE,B0DJ5R9B2R,B0BWPM4LDK,2x2 led panel lights for drop ceiling,2,kw,27,1,18088.64,0,24.34,-0.76,54,1,18088.64,53.32,0.26,-1.74,21,1,18088.64,20.08,1.15,-1.72,1,17,0,0,0,-2.75,1.45,1.2,107,9f440b6d-b2d5-43eb-9f24-a23f7a88ec07
TRUE,B0DKB1VRGM,B0CWPJ2N2M,retrofit led recessed lighting 6 inch,1,kw,7,1,5381.67,0,97.85,-0.73,54,1,5381.67,126.75,0.34,-0.97,7,1,5381.67,14.26,6.26,-0.93,1,9,0,0,0,-1.99,1.42,2.1,107,9f440b6d-b2d5-43eb-9f24-a23f7a88ec07
TRUE,B0DKB1VRGM,B0CWPJ2N2M,led recessed lighting 6 inch retrofit,1,kw,5,1,1177.39,0,28.5,0,31,1,1177.39,71.47,0.31,-0.96,5,1,1177.39,9.51,2.55,-0.91,1,6,0,0,0,-1.99,1.42,2.1,107,9f440b6d-b2d5-43eb-9f24-a23f7a88ec07
TRUE,B0DKB1VRGM,B0CWPJ2N2M,6 inch led recessed light retrofit,1,kw,6,1,1658.38,0,37.83,-0.73,37,1,1658.38,85.83,0.29,-0.97,6,1,1658.38,11.89,2.99,-0.93,1,7,0,0,0,-1.99,1.42,2.1,107,9f440b6d-b2d5-43eb-9f24-a23f7a88ec07
TRUE,B0DKB1VRGM,B0CWPJ2N2M,led retrofit recessed light 6 inch,1,kw,9,1,2661.62,0,55.78,0,59,1,2661.62,138.89,0.18,-0.97,8,1,2661.62,16.64,3.1,-0.93,1,9,0,0,0,-1.99,1.42,2.1,107,9f440b6d-b2d5-43eb-9f24-a23f7a88ec07
TRUE,B0DKB1VRGM,B0CWPJ2N2M,retrofit led recessed lighting,1,kw,6,1,580.77,0,12.68,0,37,1.01,572.74,85.83,0.13,-0.97,5,1,580.77,9.51,1.15,-0.93,1,6,0,0,0,-1.99,1.42,2.1,107,9f440b6d-b2d5-43eb-9f24-a23f7a88ec07
TRUE,B0DKB1VRGM,B0CWPJ2N2M,6 retrofit led recessed light,1,kw,8,1,1121.75,0,24.82,-0.73,64,1,1121.75,151.11,0.08,-0.97,7,1,1121.75,14.26,1.67,-0.93,1,9,0,0,0,-1.99,1.42,2.1,107,9f440b6d-b2d5-43eb-9f24-a23f7a88ec07
TRUE,B0DKB1VRGM,B0CWPJ2N2M,led can lights 6 inch,1,kw,21,1,3117.28,0,63.85,0,86,8.41,147.44,207.5,0,-1.72,19,1,3117.28,42.83,1.35,-0.95,1,20,0,0,0,-1.99,1.42,2.1,107,9f440b6d-b2d5-43eb-9f24-a23f7a88ec07
TRUE,B0DKB1VRGM,B0CWPJ2N2M,led can lights retrofit recessed lighting,1,kw,17,1,1744.47,0,28.66,-0.83,100,3.68,288.49,300.74,0,-1.47,16,1,1744.47,35.68,0.79,-0.91,1,14,0,0,0,-1.99,1.42,2.1,107,9f440b6d-b2d5-43eb-9f24-a23f7a88ec07
TRUE,B0DKB1VRGM,B0CWPJ2N2M,6 recessed lighting led retrofit,1,kw,9,1,1124.57,0,24.85,-0.73,100,2.03,436.22,300.74,0,-1.2,9,1,1124.57,19.02,1.24,-0.91,1,13,0,0,0,-1.99,1.42,2.1,107,9f440b6d-b2d5-43eb-9f24-a23f7a88ec07
TRUE,B0DKB1VRGM,B0CWPJ2N2M,recessed lighting 6 inch retrofit,1,kw,12,1,1125.09,0,23.76,0,100,2.93,258.38,300.74,0,-1.52,11,1,1125.09,23.78,0.98,-0.95,1,13,0,0,0,-1.99,1.42,2.1,107,9f440b6d-b2d5-43eb-9f24-a23f7a88ec07
TRUE,B0DKB1VRGM,B0CWPJ2N2M,6 inch retrofit led recessed light,1,kw,9,1.03,819.02,0,16.54,-0.73,87,1,851.53,210.34,0,-0.99,9,1,851.53,19.02,0.76,-0.91,1,11,0,0,0,-1.99,1.42,2.1,107,9f440b6d-b2d5-43eb-9f24-a23f7a88ec07
TRUE,B0DKB1VRGM,B0CWPJ2N2M,led retrofit can lights,1,kw,9,1,575.53,0,13.71,0,100,1.15,477.78,300.74,0,-1.12,7,1,575.53,14.26,0.85,-0.91,1,10,0,0,0,-1.99,1.42,2.1,107,9f440b6d-b2d5-43eb-9f24-a23f7a88ec07
TRUE,B0DKB1VRGM,B0CWPJ2N2M,retro fit 6 inch led can lights,2,kw,10,1,1399.71,0,31.44,0,60,1,1399.71,141.33,0.09,-0.98,9,1,1399.71,19.02,1.46,-0.93,1,10,0,0,0,-1.99,1.42,2.2,107,9f440b6d-b2d5-43eb-9f24-a23f7a88ec07
FALSE,B0DKB1VRGM,B0CWPJ2N2M,led recessed lighting,3,sr_rc,33,1,532.09,0,8.35,-0.92,63,11.63,14.5,155.79,0,-1.96,27,1,532.09,64.91,0.16,-0.99,1,23,0,0,0,-1.99,1.42,2.1,107,9f440b6d-b2d5-43eb-9f24-a23f7a88ec07
FALSE,B0DKB1VRGM,B0CWPJ2N2M,flat led ceiling light,4,sr_rc,61,1,910.9,0,7.9,-1,60,38.73,2.6,148.11,0,-2.99,47,1,910.9,115.14,0.1,-1.96,1,50,0,0,0,-2.99,1.42,2.2,107,9f440b6d-b2d5-43eb-9f24-a23f7a88ec07
FALSE,B0DKB1VRGM,B0CWPJ2N2M,ceiling lights,4,sr_rc,85,38.91,125.27,0,0.48,-1.6,91,80.56,21.47,232.88,0,-1.95,98,10.48,847.09,268.28,0,-0.99,1,108,0,0,0,-1.99,1.42,2.2,107,9f440b6d-b2d5-43eb-9f24-a23f7a88ec07
FALSE,B0DKB1VRGM,B0CWPJ2N2M,6 led recessed light dimmable,5,sr_rc,29,1,1980.98,0,30.98,-0.83,62,16.98,27.14,146.21,0,-1.94,25,1,1980.98,57.14,0.62,-0.93,1,28,0,0,0,-1.99,1.42,2.1,107,9f440b6d-b2d5-43eb-9f24-a23f7a88ec07
FALSE,B0DKB1VRGM,B0CWPJ2N2M,led kitchen ceiling light,6,sr_rc,100,76.98,3.82,0,0,-2.98,86,125.69,0.62,217.27,0,-2.99,100,56.27,7.17,312.12,0,-2.98,1,145,0,0,0,-2.99,1.42,2.2,107,9f440b6d-b2d5-43eb-9f24-a23f7a88ec07
FALSE,B0DKB1VRGM,B0CWPJ2N2M,can light,7,sr_rc,50,1,2022.56,0,17.93,-1.83,100,12.74,60.99,312.12,0,-2.88,39,1,2022.56,94.99,0.2,-1.95,1,35,0,0,0,-2.99,1.42,2.1,107,9f440b6d-b2d5-43eb-9f24-a23f7a88ec07
TRUE,B0DGYYCFMW,B08S6L3R71,led flood light bulbs outdoor,1,kw,9,1,3188.46,0,134.22,0,39,1.01,3145.88,137.03,0.53,-0.98,8,1,3188.46,25.17,4.6,-0.97,1,8,0,0,0,-1.99,1.28,1.1,107,9f440b6d-b2d5-43eb-9f24-a23f7a88ec07
TRUE,B0DGYYCFMW,B08S6L3R71,outdoor led flood light bulb,1,kw,8,1,1300.07,0,62.03,0,48,1,1300.07,169.72,0.2,-0.98,8,1,1300.07,25.17,2.17,-0.96,1,7,0,0,0,-1.99,1.28,1.1,107,9f440b6d-b2d5-43eb-9f24-a23f7a88ec07
TRUE,B0DGYYCFMW,B08S6L3R71,outdoor flood light bulbs waterproof,1,kw,10,1,350.33,0,15,0,37,1,350.33,129.78,0.12,-0.98,9,1,350.33,28.76,0.52,-0.96,1,8,0,0,0,-1.99,1.28,1.1,107,9f440b6d-b2d5-43eb-9f24-a23f7a88ec07
TRUE,B0DGYYCFMW,B08S6L3R71,led outdoor flood light bulbs,1,kw,10,1,1163.01,0,55.54,0,59,1,1163.01,209.97,0.08,-0.98,9,1,1163.01,28.76,1.65,-0.96,1,9,0,0,0,-1.99,1.28,1.1,107,9f440b6d-b2d5-43eb-9f24-a23f7a88ec07
TRUE,B0DGYYCFMW,B08S6L3R71,led flood light outdoor bulb,1,kw,13,1,1108.62,0,45.16,-0.73,57,1,1108.62,202.62,0.08,-0.99,12,1,1108.62,39.56,1.17,-0.97,1,10,0,0,0,-1.99,1.28,1.1,107,9f440b6d-b2d5-43eb-9f24-a23f7a88ec07
FALSE,B0DGYYCFMW,B08S6L3R71,flood lights outdoor,1,kw,76,1,46660.48,0,505.17,-0.89,93,49.87,47.81,346.35,0,-1.79,71,1,46660.48,254.55,2.35,-0.97,1,56,0,0,0,-1.99,1.28,1.1,107,9f440b6d-b2d5-43eb-9f24-a23f7a88ec07
FALSE,B0DGYYCFMW,B08S6L3R71,flood lights outdoor bulbs,1,kw,31,1,3874.89,0,124.93,-0.83,100,1.51,2279.44,450.55,0,-0.99,26,1,3874.89,90.01,1.41,-0.97,1,21,0,0,0,-1.99,1.28,1.1,107,9f440b6d-b2d5-43eb-9f24-a23f7a88ec07
FALSE,B0DGYYCFMW,B08S6L3R71,outdoor flood light,1,kw,68,1,3938.98,0,60.63,0,93,47.61,3.31,346.35,0,-1.98,66,1,3938.98,235.85,0.26,-0.95,1,52,0,0,0,-1.99,1.28,1.1,107,9f440b6d-b2d5-43eb-9f24-a23f7a88ec07
TRUE,B0DGYYCFMW,B08S6L3R71,outdoor led flood lights waterproof,1,kw,12,1,837.89,0,33.63,0,93,3.25,140.15,346.35,0,-1.41,12,1,837.89,39.56,0.75,-0.93,1,8,0,0,0,-1.99,1.28,1.1,107,9f440b6d-b2d5-43eb-9f24-a23f7a88ec07
FALSE,B0DGYYCFMW,B08S6L3R71,led outdoor flood light,1,kw,76,1,2504.06,0,24.98,-0.83,84,46.19,2.44,305.12,0,-1.98,68,1,2504.06,243.3,0.11,-0.97,1,51,0,0,0,-1.99,1.28,1.1,107,9f440b6d-b2d5-43eb-9f24-a23f7a88ec07
FALSE,B0DGYYCFMW,B08S6L3R71,outdoor flood lights for yard,1,kw,93,1,3921.53,0,12.14,0,100,71.24,0.88,450.55,0,-1.97,91,1,3921.53,335.96,0.05,-0.88,1,74,0,0,0,-1.96,1.28,1.1,107,9f440b6d-b2d5-43eb-9f24-a23f7a88ec07
FALSE,B0DGYYCFMW,B08S6L3R71,outdoor led flood light,1,kw,77,9.99,132.97,0,1.42,-1.37,84,55.01,1.81,305.12,0,-1.98,93,4.55,381.85,346.35,0,-0.99,1,60,0,0,0,-1.99,1.28,1.1,107,9f440b6d-b2d5-43eb-9f24-a23f7a88ec07
FALSE,B0DGYYCFMW,B08S6L3R71,led flood light outdoor,1,kw,66,93.64,15.54,0,0.25,-1.88,84,133.45,1.27,305.12,0,-1.99,80,83.78,21.5,289.08,0,-1.9,1,139,0,0,0,-1.99,1.28,1.1,107,9f440b6d-b2d5-43eb-9f24-a23f7a88ec07
FALSE,B0DGYYCFMW,B08S6L3R71,led flood lights outdoor,1,kw,86,21.93,27.35,0,0.18,-1.84,84,68.66,0.75,305.12,0,-1.99,89,15.9,44.67,326.54,0,-1.8,1,74,0,0,0,-1.99,1.28,1.1,107,9f440b6d-b2d5-43eb-9f24-a23f7a88ec07
FALSE,B0DGYYCFMW,B08S6L3R71,outdoor led flood lights,1,kw,85,17.65,16.99,0,0.11,-1.89,84,63.23,0.37,305.12,0,-1.99,85,12.85,27.14,309.24,0,-1.88,1,68,0,0,0,-1.99,1.28,1.1,107,9f440b6d-b2d5-43eb-9f24-a23f7a88ec07
FALSE,B0DGYYCFMW,B08S6L3R71,led outdoor flood lights,1,kw,87,21.76,8.71,0,0.05,-1.92,84,66.83,0.25,305.12,0,-1.99,87,16.44,13.42,317.71,0,-1.93,1,72,0,0,0,-1.99,1.28,1.1,107,9f440b6d-b2d5-43eb-9f24-a23f7a88ec07
TRUE,B0DGYYCFMW,B08S6L3R71,par38 outdoor flood light bulbs,2,kw,6,1,882.56,0,41.49,0,64,1,882.56,228.42,0.07,-0.98,6,1,882.56,17.97,1.94,-0.96,1,6,0,0,0,-1.99,1.28,1.2,107,9f440b6d-b2d5-43eb-9f24-a23f7a88ec07
TRUE,B0DGYYCFMW,B08S6L3R71,par 38 led flood light outdoor bulb,2,kw,9,1,1624.79,0,71.86,0,100,2.71,398.32,450.55,0,-0.99,8,1,1624.79,25.17,2.51,-0.97,1,10,0,0,0,-1.99,1.28,1.2,107,9f440b6d-b2d5-43eb-9f24-a23f7a88ec07
TRUE,B0DGYYCFMW,B08S6L3R71,par38 led flood light bulbs,2,kw,10,1,1103.19,0,48.36,0,98,3.83,152.43,387.11,0,-1.35,10,1,1103.19,32.36,1.32,-0.96,1,10,0,0,0,-1.99,1.28,1.2,107,9f440b6d-b2d5-43eb-9f24-a23f7a88ec07
FALSE,B0DGYYCFMW,B08S6L3R71,spotlight bulbs outdoor,3,sr_rc,9,1,614.36,0,24.67,-1,53,1,614.36,187.97,0.08,-1.98,8,1,614.36,25.17,0.96,-1.93,1,10,0,0,0,-2.99,1.28,1.1,107,9f440b6d-b2d5-43eb-9f24-a23f7a88ec07
FALSE,B0DGYYCFMW,B08S6L3R71,outdoor spotlight bulb,3,sr_rc,11,1,1005.4,0,39.54,0,59,1,1005.4,209.97,0.07,-0.98,10,1,1005.4,32.36,1.04,-0.95,1,14,0,0,0,-1.99,1.28,1.1,107,9f440b6d-b2d5-43eb-9f24-a23f7a88ec07
FALSE,B0DGYYCFMW,B08S6L3R71,outdoor floodlight bulb,4,sr_rc,18,1.03,903.53,0,34.54,0,76,1,938.67,273.55,0.05,-0.98,16,1,938.67,53.96,0.62,-0.95,1,16,0,0,0,-1.99,1.28,1.2,107,9f440b6d-b2d5-43eb-9f24-a23f7a88ec07
FALSE,B0DGYYCFMW,B08S6L3R71,led floodlights outdoor,4,sr_rc,16,1,1139.92,0,45.55,0,93,5.16,87.39,346.35,0,-1.63,15,1,1139.92,50.36,0.76,-0.93,1,10,0,0,0,-1.99,1.28,1.2,107,9f440b6d-b2d5-43eb-9f24-a23f7a88ec07
FALSE,B0DGYYCFMW,B08S6L3R71,led spot lights outdoor,5,sr_rc,82,3.64,976.82,0,7.54,-0.83,93,60.52,2.55,346.35,0,-1.98,82,1,5021.41,297.02,0.13,-0.96,1,65,0,0,0,-1.99,1.28,1.1,107,9f440b6d-b2d5-43eb-9f24-a23f7a88ec07
TRUE,B0DLLJTMD4,B0CCJZTFN7,2x2 led flat panel light,1,kw,9,1,14538.17,0,77.48,0,56,1,14538.17,55.66,0.64,-0.98,8,1,14538.17,7.05,9.35,-0.93,1,7,0,0,0,-1.99,1.25,2.1,107,9f440b6d-b2d5-43eb-9f24-a23f7a88ec07
TRUE,B0DLLJTMD4,B0CCJZTFN7,2x2 led panel lights for drop ceiling,2,kw,6,1,5620.81,0,30.07,0,34,1,5620.81,33.28,0.61,-0.97,6,1,5620.81,5.03,4.56,-0.93,1,5,0,0,0,-1.99,1.25,2.2,107,9f440b6d-b2d5-43eb-9f24-a23f7a88ec07
FALSE,B0DLLJTMD4,B0CCJZTFN7,flat led ceiling light,3,sr_rc,87,1,3467.66,0,2.33,-1.62,99,26.91,36.45,112.43,0,-2.76,65,1,3467.66,64.93,0.06,-1.76,1,61,0,0,0,-2.78,1.25,2.1,107,9f440b6d-b2d5-43eb-9f24-a23f7a88ec07
TRUE,B0CNHG9FDK,B0CGG86YYZ,outdoor flood light bulb,1,kw,21,1,6851.56,0,320.05,0,72,1,6851.56,89.52,1.24,-0.98,18,1,6851.56,20.92,14.31,-0.95,1,16,0,0,0,-1.99,1.24,1.1,107,9f440b6d-b2d5-43eb-9f24-a23f7a88ec07
TRUE,B0CLT7KJKP,B0CLT7KJKP,3000k edison led light bulbs,1,kw,6,1,409.23,0,33.39,-0.73,38,1.01,403.77,37.73,0.51,-0.98,5,1.1,359.58,4.06,5.68,-0.93,1,8,0,0,0,-1.99,1.19,2.1,107,9f440b6d-b2d5-43eb-9f24-a23f7a88ec07
TRUE,B0CLT7KJKP,B0CLT7KJKP,led edison bulb,1,kw,25,1,2258.85,0,145.98,0,79,1,2258.85,81.75,0.48,-0.98,20,1,2258.85,19.3,7.35,-0.93,1,25,0,0,0,-1.99,1.19,2.1,107,9f440b6d-b2d5-43eb-9f24-a23f7a88ec07
FALSE,B0CLT7KJKP,B0CLT7KJKP,edison bulbs,1,kw,72,33.31,104.67,0,2.36,-1.2,100,52.1,42,153.28,0,-1.69,90,1,11668.75,96.51,1.02,-0.97,1,91,0,0,0,-1.98,1.19,2.1,107,9f440b6d-b2d5-43eb-9f24-a23f7a88ec07
TRUE,B0CLT7KJKP,B0CLT7KJKP,75 watt light bulbs,2,kw,22,1,1920.43,0,115.1,0,90,1,1920.43,96.51,0.16,-0.97,21,1,1920.43,20.32,5.19,-0.91,1,23,0,0,0,-1.99,1.19,2.2,107,9f440b6d-b2d5-43eb-9f24-a23f7a88ec07
FALSE,B0CLT7KJKP,B0CLT7KJKP,light bulbs 75 watt,2,kw,31,1,2207.7,0,122.37,0,98,1,2207.7,119.82,0.04,-0.98,28,1,2207.7,27.47,4.29,-0.91,1,30,0,0,0,-1.98,1.19,2.2,107,9f440b6d-b2d5-43eb-9f24-a23f7a88ec07
TRUE,B0F6VQRQWK,B0CM439DTR,3000k edison bulb,1,kw,6,1,648.07,0,25.38,-0.83,29,1,648.07,28.63,0.63,-0.97,6,1,648.07,5.09,4.18,-0.93,1,6,0,0,0,-1.99,1.18,1.1,107,9f440b6d-b2d5-43eb-9f24-a23f7a88ec07
FALSE,B0F6VQRQWK,B0CM439DTR,edison bulbs,1,kw,67,1,20787.35,0,313.06,-1.43,99,23.79,267.44,138.34,0,-1.59,53,1,20787.35,53.66,8.02,-1.51,1,58,0,0,0,-2.59,1.18,1.1,107,9f440b6d-b2d5-43eb-9f24-a23f7a88ec07
FALSE,B0F6VQRQWK,B0CM439DTR,edison light bulb,1,kw,51,1,5669.01,0,131.86,0,100,13.02,184.65,168.39,0,-1.25,41,1,5669.01,41.06,3.56,-0.82,1,47,0,0,0,-1.99,1.18,1.1,107,9f440b6d-b2d5-43eb-9f24-a23f7a88ec07
FALSE,B0F6VQRQWK,B0CM439DTR,vintage light bulbs,2,kw,33,1,5857.14,0,187.88,-0.73,100,1.8,2776.63,168.39,0.01,-0.97,27,1,5857.14,26.57,7.29,-0.88,1,38,0,0,0,-1.99,1.18,1.2,107,9f440b6d-b2d5-43eb-9f24-a23f7a88ec07
FALSE,B0F6VQRQWK,B0CM439DTR,light bulbs 75 watt,3,sr_rc,19,1,3884.64,0,148.44,0,83,1,3884.64,87.93,0.33,-0.97,16,1,3884.64,15.29,8.6,-0.88,1,17,0,0,0,-1.99,1.18,1.1,107,9f440b6d-b2d5-43eb-9f24-a23f7a88ec07
FALSE,B0F6VQRQWK,B0CM439DTR,75 watt light bulbs,3,sr_rc,21,1,3417.14,0,122.13,0,86,1,3417.14,92.13,0.21,-0.97,18,1,3417.14,17.34,6.27,-0.88,1,20,0,0,0,-1.99,1.18,1.1,107,9f440b6d-b2d5-43eb-9f24-a23f7a88ec07
FALSE,B0F6VQRQWK,B0CM439DTR,clear light bulbs,4,sr_rc,100,13.79,93.16,0,0.04,-1.54,100,51.2,10.11,168.39,0,-1.95,85,1,2728.2,90.69,0.22,-0.73,1,90,0,0,0,-1.99,1.18,1.2,107,9f440b6d-b2d5-43eb-9f24-a23f7a88ec07
FALSE,B0DHR9KC5N,B09YDNSXDW,led ceiling light flush mount,1,kw,44,1,6736.4,0,47.59,-0.67,85,1,6736.4,88.25,0.14,-1.58,36,1,6736.4,35.55,1.41,-1.49,1,26,0,0,0,-2.66,1.17,2.1,107,9f440b6d-b2d5-43eb-9f24-a23f7a88ec07
FALSE,B0DHR9KC5N,B09YDNSXDW,led flush mount ceiling light 6 inch,1,kw,32,1,1707.07,0,13.86,-0.61,100,2.14,639.43,143.11,0,-2.01,28,1,1707.07,27.38,0.46,-1.56,1,24,0,0,0,-2.6,1.17,2.1,107,9f440b6d-b2d5-43eb-9f24-a23f7a88ec07
FALSE,B0DHR9KC5N,B09YDNSXDW,flush mount led ceiling light,1,kw_sr_rc,100,4.18,632.81,0,0.07,-1.99,92,32.07,26.42,98.33,0,-2.72,65,1,3907.16,65.66,0.25,-0.75,1,57,0,0,0,-2.74,1.17,2.1,107,9f440b6d-b2d5-43eb-9f24-a23f7a88ec07
FALSE,B0DHR9KC5N,B09YDNSXDW,flush mount lights,1,kw_sr_rc,100,29.48,14.07,0,0,-1.74,89,55.09,3.73,93.62,0,-1.99,93,1,1304.8,100.13,0.02,0,1,86,0,0,0,-1.99,1.17,2.1,107,9f440b6d-b2d5-43eb-9f24-a23f7a88ec07
FALSE,B0DHR9KC5N,B09YDNSXDW,flush mount led light,1,kw,100,28.99,21.57,0,0,-2.67,85,66.27,3.22,88.25,0,-2.79,100,3.26,430.38,143.11,0,-2.39,1,90,0,0,0,-2.79,1.17,2.1,107,9f440b6d-b2d5-43eb-9f24-a23f7a88ec07
TRUE,B0DHR9KC5N,B09YDNSXDW,led disk lights 6 inch,2,kw,2,1,824.99,0,9.43,-1.13,15,1.02,790.18,14.17,0.55,-1.24,2,1,824.99,1.01,4.7,-1.17,1,2,0,0,0,-1.99,1.17,2.2,107,9f440b6d-b2d5-43eb-9f24-a23f7a88ec07
TRUE,B0DHR9KC5N,B09YDNSXDW,led disk light,2,kw,6,1,1225.44,0,14.66,0,39,1,1225.44,38.62,0.27,-0.98,6,1,1225.44,5.06,2.29,-0.93,1,6,0,0,0,-1.99,1.17,2.2,107,9f440b6d-b2d5-43eb-9f24-a23f7a88ec07
FALSE,B0DHR9KC5N,B09YDNSXDW,disk lights,2,kw,1,1,0,0,0,-1.99,1,1,0,0,0,-1.99,1,1,0,0,0,-1.99,1,1,0,0,0,-1.99,1.17,2.2,107,9f440b6d-b2d5-43eb-9f24-a23f7a88ec07
FALSE,B0DHR9KC5N,B09YDNSXDW,disc lights ceiling,3,sr_rc,7,1,1146.34,0,13.1,0,44,1,1146.34,43.76,0.12,-0.98,6,1.02,1115.62,5.06,2.09,-0.93,1,7,0,0,0,-1.99,1.17,2.1,107,9f440b6d-b2d5-43eb-9f24-a23f7a88ec07
FALSE,B0DHR9KC5N,B09YDNSXDW,led disc light,4,sr_rc,13,1,1150.85,0,14.36,0,66,1,1150.85,66.72,0.09,-0.98,12,1,1150.85,11.13,1.11,-0.93,1,10,0,0,0,-1.99,1.17,2.2,107,9f440b6d-b2d5-43eb-9f24-a23f7a88ec07
FALSE,B0DHR9KC5N,B09YDNSXDW,surface mount led ceiling light,5,sr_rc,100,14.3,82.14,0,0.01,-2.68,85,48.89,7.19,88.25,0,-2.78,81,1,2642.11,83.38,0.09,-1.74,1,69,0,0,0,-2.79,1.17,2.1,107,9f440b6d-b2d5-43eb-9f24-a23f7a88ec07
TRUE,B0DRTLQG64,B08FPR1XZ1,3000k edison led light bulbs,1,kw,8,1,1182.64,0,35.96,0,38,1,1182.64,203.84,0.13,-0.99,7,1,1182.64,32.98,0.97,-0.97,1,9,0,0,0,-1.99,1.09,1.1,107,9f440b6d-b2d5-43eb-9f24-a23f7a88ec07
FALSE,B0DRTLQG64,B08FPR1XZ1,edison bulbs 60 watt led,1,kw,32,1,15452.91,0,307.91,0,88,1,15452.91,489.74,0.12,-0.98,25,1,15452.91,132.06,2.34,-0.95,1,24,0,0,0,-1.99,1.09,1.1,107,9f440b6d-b2d5-43eb-9f24-a23f7a88ec07
FALSE,B0DRTLQG64,B08FPR1XZ1,led edison bulb,1,kw,27,1,6397.15,0,139.51,-0.73,72,1,6397.15,394.06,0.12,-0.98,21,1,6397.15,110.02,1.28,-0.97,1,18,0,0,0,-1.99,1.09,1.1,107,9f440b6d-b2d5-43eb-9f24-a23f7a88ec07
TRUE,B0DRTLQG64,B08FPR1XZ1,3000k edison bulb,1,kw,9,1,1086.21,0,27.17,0,36,1,1086.21,192.78,0.12,-0.98,8,1,1086.21,38.48,0.67,-0.97,1,9,0,0,0,-1.99,1.09,1.1,107,9f440b6d-b2d5-43eb-9f24-a23f7a88ec07
FALSE,B0DRTLQG64,B08FPR1XZ1,edison bulbs,1,kw,46,1,32997.12,0,518.96,0,98,5.75,3282.66,580.93,0.01,-0.98,37,1,32997.12,198.31,2.91,-0.95,1,30,0,0,0,-1.99,1.09,1.1,107,9f440b6d-b2d5-43eb-9f24-a23f7a88ec07
FALSE,B0DRTLQG64,B08FPR1XZ1,edison bulb,1,kw,57,1,5333.9,0,63.1,-0.73,97,15.65,117.84,564.83,0,-1.69,48,1,5333.9,259.26,0.28,-0.93,1,39,0,0,0,-1.99,1.09,1.1,107,9f440b6d-b2d5-43eb-9f24-a23f7a88ec07
FALSE,B0DRTLQG64,B08FPR1XZ1,edison light bulbs,1,kw,67,1,3517.77,0,34.2,-0.83,94,15.75,78.97,533.31,0,-1.79,49,1,3517.77,264.82,0.2,-0.95,1,41,0,0,0,-1.99,1.09,1.1,107,9f440b6d-b2d5-43eb-9f24-a23f7a88ec07
FALSE,B0DRTLQG64,B08FPR1XZ1,edison light bulb,1,kw,96,8.76,557.33,0,0.8,-0.89,87,42.1,35.73,483.29,0,-1.9,71,1,9096.54,388.34,0.18,-0.93,1,65,0,0,0,-1.99,1.09,1.1,107,9f440b6d-b2d5-43eb-9f24-a23f7a88ec07
FALSE,B0DRTLQG64,B08FPR1XZ1,outdoor edison bulbs,1,kw,67,31.91,19.97,0,0.19,-2.78,87,64.28,3.37,483.29,0,-2.98,98,8.91,131.71,580.93,0,-2.66,1,84,0,0,0,-2.99,1.09,1.1,107,9f440b6d-b2d5-43eb-9f24-a23f7a88ec07
FALSE,B0DRTLQG64,B08FPR1XZ1,edison bulbs outdoor,1,kw,80,28.72,7.23,0,0.04,-2.81,87,71.04,0.79,483.29,0,-2.99,98,8.35,42.28,580.93,0,-2.88,1,90,0,0,0,-2.99,1.09,1.1,107,9f440b6d-b2d5-43eb-9f24-a23f7a88ec07
TRUE,B0DRTLQG64,B08FPR1XZ1,vintage light bulbs,2,kw,15,1.03,8855.17,0,246.52,0,72,1,9198.81,394.06,0.18,-0.96,13,1,9198.81,65.98,3.62,-0.91,1,17,0,0,0,-1.99,1.09,1.2,107,9f440b6d-b2d5-43eb-9f24-a23f7a88ec07
FALSE,B0DRTLQG64,B08FPR1XZ1,3000k led light bulbs,3,sr_rc,15,1,8538.14,0,219.87,0,67,1,8538.14,365.61,0.2,-0.98,13,1,8538.14,65.98,3.14,-0.96,1,19,0,0,0,-1.99,1.09,1.1,107,9f440b6d-b2d5-43eb-9f24-a23f7a88ec07
FALSE,B0DRTLQG64,B08FPR1XZ1,e26 edison bulb 60w led 3000k dimmable light bulbs,3,sr_rc,10,1,1037.27,0,28.13,-0.5,48,1,1037.27,259.26,0.1,-1.48,9,1,1037.27,43.97,0.52,-1.47,1,10,0,0,0,-2.49,1.09,1.1,107,9f440b6d-b2d5-43eb-9f24-a23f7a88ec07
FALSE,B0DRTLQG64,B08FPR1XZ1,3000k led light bulbs dimmable,3,sr_rc,32,1,857.18,0,16.09,-0.83,88,1,857.18,489.74,0,-0.99,27,1,857.18,143.09,0.14,-0.97,1,29,0,0,0,-1.99,1.09,1.1,107,9f440b6d-b2d5-43eb-9f24-a23f7a88ec07
FALSE,B0DRTLQG64,B08FPR1XZ1,st64 edison led bulb 60w,4,sr_rc,6,1,977.19,0,27.36,-0.73,47,1,977.19,253.71,0.11,-0.98,5,1,977.19,21.98,1.15,-0.95,1,8,0,0,0,-1.99,1.09,1.2,107,9f440b6d-b2d5-43eb-9f24-a23f7a88ec07
FALSE,B0DRTLQG64,B08FPR1XZ1,led bulbs 60 watt equivalent,5,sr_rc,52,39.65,72.08,0,0.95,-0.82,99,46.76,50.02,605.86,0,-1.87,100,2.24,4252.63,661.94,0,-0.93,1,84,0,0,0,-1.98,1.09,1.1,107,9f440b6d-b2d5-43eb-9f24-a23f7a88ec07
FALSE,B0DRTLQG64,B08FPR1XZ1,e26 led bulb 60 watt dimmable,6,sr_rc,32,60.52,21.56,0,0.4,-1.45,98,65.31,17.01,580.93,0,-2.45,99,12.58,327.98,605.86,0,-1.67,1,95,0,0,0,-2.49,1.09,1.2,107,9f440b6d-b2d5-43eb-9f24-a23f7a88ec07
FALSE,B0DRTLQG64,B08FPR1XZ1,60 watt led light bulbs,7,sr_rc,14,123.4,2.72,0,0,-1.98,99,101.32,7.66,605.86,0,-1.97,99,49.04,41.1,605.86,0,-1.89,1,141,0,0,0,-1.99,1.09,1.1,107,9f440b6d-b2d5-43eb-9f24-a23f7a88ec07
FALSE,B0DRTLQG64,B08FPR1XZ1,60 watt light bulbs,7,sr_rc,11,165.23,6.37,0,0.17,-1.98,99,139.99,22.86,605.86,0,-2.91,99,80.08,111.91,605.86,0,-2.65,1,178,0,0,0,-2.96,1.09,1.1,107,9f440b6d-b2d5-43eb-9f24-a23f7a88ec07
FALSE,B0D9C2D6SB,B0CJZ2PMXM,grow lights for indoor plants full spectrum,1,kw,58,1.08,65081.95,0,586.95,0,91,22.58,848.98,97.3,0.02,-0.89,41,1,71716.64,40.74,19.52,-0.75,1,45,0,0,0,-1.94,1.04,2.1,107,9f440b6d-b2d5-43eb-9f24-a23f7a88ec07
TRUE,B0D9C2D6SB,B0CJZ2PMXM,grow lights for seedlings,2,kw,16,1,3647.9,0,73.68,0,87,1,3647.9,91.32,0.13,-0.93,14,1,3647.9,13.17,4.94,-0.82,1,21,0,0,0,-1.97,1.04,2.2,107,9f440b6d-b2d5-43eb-9f24-a23f7a88ec07
FALSE,B0D9C2D6SB,B0CJZ2PMXM,led grow lights for seed starting,3,sr_rc,8,1,3122.1,0,66.59,0,60,1,3122.1,60.5,0.45,-0.89,8,1,3122.1,7.09,7.68,-0.75,1,10,0,0,0,-1.97,1.04,2.1,107,9f440b6d-b2d5-43eb-9f24-a23f7a88ec07
FALSE,B0D9C2D6SB,B0CJZ2PMXM,grow lights for indoor seed starting,3,sr_rc,10,1,2001.6,0,39.32,0,70,1,2001.6,71.22,0.16,-0.91,10,1,2001.6,9.12,3.59,-0.75,1,12,0,0,0,-1.97,1.04,2.1,107,9f440b6d-b2d5-43eb-9f24-a23f7a88ec07
FALSE,B0D9C2D6SB,B0CJZ2PMXM,seed starting lights,3,sr_rc,15,1,1191.06,0,21.84,0,75,1,1191.06,76.76,0.09,-0.91,13,1,1191.06,12.16,1.49,-0.75,1,14,0,0,0,-1.97,1.04,2.1,107,9f440b6d-b2d5-43eb-9f24-a23f7a88ec07
FALSE,B0D9C2D6SB,B0CJZ2PMXM,2ft grow light,4,sr_rc,4,1,756.67,0,15.56,0,47,1.01,746.2,46.93,0.19,-0.93,4,1,756.67,3.04,3.76,-0.82,1,6,0,0,0,-1.98,1.04,2.2,107,9f440b6d-b2d5-43eb-9f24-a23f7a88ec07
FALSE,B0D9C2D6SB,B0CJZ2PMXM,indoor grow lights,5,sr_rc,31,53.33,12.58,0,0.14,-0.98,86,68.63,5.6,89.97,0,-1.93,95,11.33,165.77,105.44,0,-1.42,1,91,0,0,0,-1.89,1.04,2.1,107,9f440b6d-b2d5-43eb-9f24-a23f7a88ec07
FALSE,B0D9C2D6SB,B0CJZ2PMXM,full spectrum led grow light,6,sr_rc,69,7.23,207.35,0,1.54,-0.58,91,21.87,32.6,97.3,0,-1.88,61,1,2738.92,61.56,0.37,-0.75,1,42,0,0,0,-1.89,1.04,2.2,107,9f440b6d-b2d5-43eb-9f24-a23f7a88ec07
FALSE,B0D9C2D6SB,B0CJZ2PMXM,hanging grow light,7,sr_rc,21,1,2612.09,0,43.09,-1,96,7.56,164.59,108.35,0,-2.64,19,1,2612.09,18.25,2.15,-1.75,1,25,0,0,0,-2.96,1.04,2.1,107,9f440b6d-b2d5-43eb-9f24-a23f7a88ec07
FALSE,B0D9C2D6SB,B0CJZ2PMXM,grow lights for greenhouse,8,sr_rc,68,22.89,14.52,0,0.1,-3.3,87,51.49,2.08,91.32,0,-3.59,99,5.35,115.15,126.1,0,-3.36,1,68,0,0,0,-3.59,1.04,2.2,107,9f440b6d-b2d5-43eb-9f24-a23f7a88ec07
FALSE,B0D9C2D6SB,B0CJZ2PMXM,3ft grow light,9,sr_rc,16,1,525.34,0,9.4,-1,97,6.42,41.25,112.07,0,-2.89,14,1,525.34,13.17,0.58,-1.75,1,22,0,0,0,-2.96,1.04,2.1,107,9f440b6d-b2d5-43eb-9f24-a23f7a88ec07
FALSE,B0D9C2D6SB,B0CJZ2PMXM,led grow lights,10,sr_rc,16,54.17,12.32,0,0.17,-1.71,83,60.49,8.1,86.13,0,-1.95,91,10.88,223.15,97.3,0,-1.48,1,79,0,0,0,-1.96,1.04,2.2,107,9f440b6d-b2d5-43eb-9f24-a23f7a88ec07
TRUE,B0CNHG9FDK,B0CGGB9B42,led flood light bulbs outdoor,1,kw,21,1,2368.75,0,112.33,-0.73,71,1,2368.75,88.06,0.46,-0.99,16,1,2368.75,18.45,5.91,-0.96,1,17,0,0,0,-1.99,1.02,1.1,107,9f440b6d-b2d5-43eb-9f24-a23f7a88ec07
TRUE,B0CNHG9FDK,B0CGGB9B42,outdoor led flood light bulb,1,kw,12,1,958.99,0,58.64,0,55,1,958.99,67.15,0.45,-0.98,10,1,958.99,11.06,4.75,-0.95,1,11,0,0,0,-1.99,1.02,1.1,107,9f440b6d-b2d5-43eb-9f24-a23f7a88ec07
FALSE,B0CNHG9FDK,B0CGGB9B42,spotlight bulb,2,kw,15,1,551.95,0,28.31,-1.83,79,1,551.95,99.22,0.08,-1.97,14,1,551.95,15.98,1.66,-1.93,1,21,0,0,0,-2.99,1.02,1.2,107,9f440b6d-b2d5-43eb-9f24-a23f7a88ec07
FALSE,B0CNHG9FDK,B0CGGB9B42,led spotlight bulb,2,kw,36,1,492.71,0,19.61,-1.83,95,17.21,9.54,130.33,0,-2.93,30,1,492.71,35.76,0.63,-1.93,1,42,0,0,0,-2.99,1.02,1.2,107,9f440b6d-b2d5-43eb-9f24-a23f7a88ec07
FALSE,B0CNHG9FDK,B0CGGB9B42,floodlight bulb,3,sr_rc,24,1,543.07,0,23.28,-1.89,92,1,543.07,121.75,0.03,-1.98,21,1,543.07,24.62,0.91,-1.95,1,29,0,0,0,-2.99,1.02,1.1,107,9f440b6d-b2d5-43eb-9f24-a23f7a88ec07
FALSE,B0CNHG9FDK,B0CGGB9B42,led floodlights outdoor,4,sr_rc,70,3.05,205.63,0,3.44,-1.89,3,48.8,0.03,2.45,0,-2.99,67,1,848.81,82.71,0.16,-1.97,1,49,0,0,0,-2.99,1.02,1.2,107,9f440b6d-b2d5-43eb-9f24-a23f7a88ec07
TRUE,B0DPY33HW5,B0D1Q47LVT,retrofit led recessed lighting 6 inch,1,kw,10,1,4194.49,0,109.5,-0.65,52,1,4194.49,79.68,0.66,-1.61,10,1,4194.49,13.98,6.75,-1.56,1,12,0,0,0,-2.64,1.02,2.1,107,9f440b6d-b2d5-43eb-9f24-a23f7a88ec07
TRUE,B0DPY33HW5,B0D1Q47LVT,recessed lighting 6 inch retrofit,1,kw,8,1,845.03,0,25.48,-0.66,49,1,845.03,74.94,0.22,-1.63,7,1.05,792.05,9.32,2.25,-1.59,1,10,0,0,0,-2.65,1.02,2.1,107,9f440b6d-b2d5-43eb-9f24-a23f7a88ec07
TRUE,B0DPY33HW5,B0D1Q47LVT,retrofit led recessed lighting,1,kw,17,1,480.82,0,11.73,-0.88,77,1,480.82,120.14,0.05,-1.85,15,1,480.82,21.75,0.52,-1.83,1,16,0,0,0,-2.87,1.02,2.1,107,9f440b6d-b2d5-43eb-9f24-a23f7a88ec07
FALSE,B0DPY33HW5,B0D1Q47LVT,6 inch recessed lighting led,1,kw,36,1,3173.22,0,61.53,-1.54,91,11.92,107.25,146.07,0,-2.44,30,1,3173.22,45.13,1.37,-1.64,1,35,0,0,0,-2.7,1.02,2.1,107,9f440b6d-b2d5-43eb-9f24-a23f7a88ec07
FALSE,B0DPY33HW5,B0D1Q47LVT,6 inch led light,1,kw,40,1,396.96,0,7.53,-1.55,91,17.51,7.44,146.07,0,-2.57,34,1,396.96,51.39,0.15,-1.61,1,42,0,0,0,-2.59,1.02,2.1,107,9f440b6d-b2d5-43eb-9f24-a23f7a88ec07
TRUE,B0DPY33HW5,B0D1Q47LVT,6 can lights led,2,kw,21,1,797.24,0,19.44,-1.46,100,3.04,188.72,201.93,0,-2.27,19,1,797.24,27.98,0.71,-1.66,1,27,0,0,0,-2.72,1.02,2.2,107,9f440b6d-b2d5-43eb-9f24-a23f7a88ec07
FALSE,B0DPY33HW5,B0D1Q47LVT,led can light,3,sr_rc,17,1,750.53,0,18.98,-0.84,59,1.01,740.86,90.8,0.09,-1.81,15,1,750.53,21.75,0.86,-1.77,1,13,0,0,0,-2.83,1.02,2.1,107,9f440b6d-b2d5-43eb-9f24-a23f7a88ec07
FALSE,B0DPY33HW5,B0D1Q47LVT,recess lights 6 inch led dimmable,4,sr_rc,37,1,746.17,0,13.78,-1.48,91,14.01,19.57,146.07,0,-2.59,31,1,746.17,46.7,0.29,-1.61,1,37,0,0,0,-2.64,1.02,2.2,107,9f440b6d-b2d5-43eb-9f24-a23f7a88ec07
FALSE,B07R7X535W,B07R924BVP,led flood light,1,kw,35,1,18153.75,0,158.46,-1.31,93,17.13,199.75,539.15,0,-2.3,34,1,18153.75,184.1,0.79,-1.53,1,25,0,0,0,-2.56,0.95,1.1,107,9f440b6d-b2d5-43eb-9f24-a23f7a88ec07
FALSE,B07R7X535W,B07R924BVP,led flood lights,1,kw,42,1.01,9422.86,0,73.69,-1.27,84,32.9,26.51,473.56,0,-2.48,41,1,9541.99,223.39,0.31,-1.5,1,40,0,0,0,-2.51,0.95,1.1,107,9f440b6d-b2d5-43eb-9f24-a23f7a88ec07
TRUE,B07R7X535W,B07R924BVP,br40 led light bulbs 5000k daylight,2,kw,3,1,1445.81,0,21.22,-0.73,2,1.75,471.56,5.56,0.95,-1.32,2,1,1445.81,5.56,3.25,-0.91,1,3,0,0,0,-1.99,0.95,1.2,107,9f440b6d-b2d5-43eb-9f24-a23f7a88ec07
TRUE,B07R7X535W,B07R924BVP,br40 led light bulbs,2,kw,6,1,8632.53,0,114.28,0,100,1.17,6856.72,716.25,0,-0.98,6,1,8632.53,27.82,3.82,-0.91,1,5,0,0,0,-1.99,0.95,1.2,107,9f440b6d-b2d5-43eb-9f24-a23f7a88ec07
TRUE,B07R7X535W,B07R924BVP,br40 light bulbs,2,kw,4,1,1270.95,0,21.31,0,99,1.05,1179.6,639.65,0,-0.99,4,1,1270.95,16.69,1.06,-0.91,1,4,0,0,0,-1.99,0.95,1.2,107,9f440b6d-b2d5-43eb-9f24-a23f7a88ec07
FALSE,B07R7X535W,B07R924BVP,led light bulbs,3,sr_rc,98,9.57,2852.28,0,1.21,-0.83,99,50.18,195.91,639.65,0,-1.73,78,1,50973.04,436.19,0.38,-0.96,1,89,0,0,0,-1.98,0.95,1.1,107,9f440b6d-b2d5-43eb-9f24-a23f7a88ec07
TRUE,B0B3YB8L88,B0038NEHBY,t8 led bulbs 4 foot,1,kw,4,1,11767.94,0,79.84,-0.83,34,1,11767.94,80.22,0.66,-0.98,4,1,11767.94,7.26,9.5,-0.93,1,3,0,0,0,-1.99,0.94,2.1,107,9f440b6d-b2d5-43eb-9f24-a23f7a88ec07
TRUE,B0B3YB8L88,B0038NEHBY,t8 led bulbs,1,kw,4,1,1310.96,0,10.7,0,44,1,1310.96,104.79,0.09,-0.98,4,1,1310.96,7.26,1.27,-0.93,1,4,0,0,0,-1.99,0.94,2.1,107,9f440b6d-b2d5-43eb-9f24-a23f7a88ec07
TRUE,B0B3YB8L88,B0038NEHBY,t8 led,1,kw,5,1,1201.69,0,9.14,-0.83,42,1,1201.69,99.86,0.09,-0.98,5,1,1201.69,9.68,0.78,-0.95,1,4,0,0,0,-1.99,0.94,2.1,107,9f440b6d-b2d5-43eb-9f24-a23f7a88ec07
TRUE,B0B3YB8L88,B0038NEHBY,4 foot led bulbs,1,kw,7,1,1366.93,0,12.16,0,99,2.97,193.67,302.9,0,-1.83,7,1,1366.93,14.52,0.67,-0.95,1,5,0,0,0,-1.98,0.94,2.1,107,9f440b6d-b2d5-43eb-9f24-a23f7a88ec07
FALSE,B0B3YB8L88,B0038NEHBY,fluorescent light bulbs 48 inch,2,kw,43,1,8726.5,0,43.7,-1.27,99,22.03,48.1,302.9,0,-2.48,40,1,8726.5,94.94,0.42,-1.5,1,28,0,0,0,-2.52,0.94,2.2,107,9f440b6d-b2d5-43eb-9f24-a23f7a88ec07
FALSE,B0B3YB8L88,B0038NEHBY,fluorescent light bulbs,2,kw,100,6.29,1348.05,0,0.12,0,44,67.23,8.26,104.79,0,-1.96,88,1,14009.36,221.89,0.07,-0.82,1,74,0,0,0,-1.96,0.94,2.2,107,9f440b6d-b2d5-43eb-9f24-a23f7a88ec07
FALSE,B0B3YB8L88,B0038NEHBY,led t8 bulbs 4ft,3,sr_rc,4,1,1453.76,0,12.49,-0.73,53,1,1453.76,127.11,0.09,-0.98,4,1,1453.76,7.26,1.55,-0.93,1,4,0,0,0,-1.99,0.94,2.1,107,9f440b6d-b2d5-43eb-9f24-a23f7a88ec07
FALSE,B0B3YB8L88,B0038NEHBY,4ft led bulbs,3,sr_rc,5,1,2649.89,0,22.18,-0.73,95,1,2649.89,252.62,0.01,-0.98,4,1.13,2147.13,7.26,2.2,-0.95,1,3,0,0,0,-1.99,0.94,2.1,107,9f440b6d-b2d5-43eb-9f24-a23f7a88ec07
FALSE,B0B3YB8L88,B0038NEHBY,led fluorescent tube replacement,4,sr_rc,11,1,2044.21,0,17.63,-0.58,30,9.49,21.77,70.44,0,-2.54,11,1,2044.21,24.22,0.64,-1.53,1,11,0,0,0,-2.56,0.94,2.2,107,9f440b6d-b2d5-43eb-9f24-a23f7a88ec07
FALSE,B0B3YB8L88,B0038NEHBY,led replacement for fluorescent tubes,4,sr_rc,11,1,1852.14,0,15.48,0,40,8.2,31.07,94.94,0,-1.95,11,1,1852.14,24.22,0.66,-0.95,1,10,0,0,0,-1.97,0.94,2.2,107,9f440b6d-b2d5-43eb-9f24-a23f7a88ec07
FALSE,B0B3YB8L88,B0038NEHBY,led fluorescent tube replacement 4ft,4,sr_rc,13,1,4512.09,0,40.85,-0.67,74,8.39,65.97,180.91,0,-2.59,13,1,4512.09,29.07,1.19,-1.62,1,10,0,0,0,-2.65,0.94,2.2,107,9f440b6d-b2d5-43eb-9f24-a23f7a88ec07
FALSE,B0B3YB8L88,B0038NEHBY,4' led light bulbs,5,sr_rc,7,1.08,1512.34,0,10.86,-0.83,100,2.26,380.62,354.74,0,-1.66,7,1,1701.96,14.52,0.72,-0.93,1,4,0,0,0,-1.98,0.94,2.1,107,9f440b6d-b2d5-43eb-9f24-a23f7a88ec07
FALSE,B0B3YB8L88,B0038NEHBY,led tube lights 4ft,6,sr_rc,37,1,5530.67,0,28.65,-2.44,40,24.03,5.11,94.94,0,-3.6,36,1,5530.67,85.12,0.32,-2.57,1,25,0,0,0,-3.59,0.94,2.2,107,9f440b6d-b2d5-43eb-9f24-a23f7a88ec07
FALSE,B0B3YB8L88,B0038NEHBY,4 ft led light bulbs,7,sr_rc,16,1,2455.29,0,16.95,0,57,9.53,25.34,137.12,0,-1.96,16,1,2455.29,36.35,0.38,-0.96,1,11,0,0,0,-1.98,0.94,2.1,107,9f440b6d-b2d5-43eb-9f24-a23f7a88ec07
TRUE,B0DX34R7JM,B0DCGSHZ17,2x4 led flat panel light,1,kw,17,1,96310.63,0,70.78,-1.69,38,1,96310.63,77.65,0.61,-1.94,13,1,96310.63,25.17,2.7,-1.93,1,9,0,0,0,-2.95,0.93,1.1,107,9f440b6d-b2d5-43eb-9f24-a23f7a88ec07
TRUE,B0DX34R7JM,B0DCGSHZ17,2 x 4 led flat panel light,1,kw,19,1,14078.06,0,10.97,-1.79,39,1,14078.06,79.75,0.11,-1.94,15,1,14078.06,29.37,0.31,-1.94,1,10,0,0,0,-2.95,0.93,1.1,107,9f440b6d-b2d5-43eb-9f24-a23f7a88ec07
TRUE,B0DX34R7JM,B0DCGSHZ17,led 2x4 flat panel,1,kw,15,1,13292.63,0,10.69,-1.69,38,1,13292.63,77.65,0.11,-1.84,12,1,13292.63,23.07,0.47,-1.83,1,9,0,0,0,-2.85,0.93,1.1,107,9f440b6d-b2d5-43eb-9f24-a23f7a88ec07
TRUE,B0DX34R7JM,B0DCGSHZ17,flat panel led ceiling light 2 x 4,1,kw,15,1,11029.77,0,8.08,-1.67,38,1,11029.77,77.65,0.1,-1.92,13,1,11029.77,25.17,0.28,-1.91,1,9,0,0,0,-2.93,0.93,1.1,107,9f440b6d-b2d5-43eb-9f24-a23f7a88ec07
FALSE,B0C489SRVH,B0C489SRVH,goof rings for 6 inch recessed lights,1,kw,27,1,6803.81,0,122.02,0,69,1,6803.81,68.47,0.75,-0.97,21,1,6803.81,20.06,6.02,-0.93,1,21,0,0,0,-1.99,0.92,2.1,107,9f440b6d-b2d5-43eb-9f24-a23f7a88ec07
FALSE,B0C489SRVH,B0C489SRVH,goof ring,1,kw,27,1,2556.31,0,40.86,0,77,1,2556.31,76.66,0.17,-0.96,22,1,2556.31,21.07,1.89,-0.93,1,19,0,0,0,-1.98,0.92,2.1,107,9f440b6d-b2d5-43eb-9f24-a23f7a88ec07
FALSE,B0C489SRVH,B0C489SRVH,goof rings,1,kw,40,1,2209.83,0,29.61,-0.73,88,9.45,100.63,88.25,0,-1.78,29,1,2209.83,28.1,1.15,-0.97,1,28,0,0,0,-1.99,0.92,2.1,107,9f440b6d-b2d5-43eb-9f24-a23f7a88ec07
FALSE,B0C489SRVH,B0C489SRVH,goof rings for 4 inch recessed lights,1,kw,18,49.23,3.38,0,0,-2.97,84,48.35,3.6,83.96,0,-2.98,91,15.34,35.7,91.6,0,-2.91,1,69,0,0,0,-2.99,0.92,2.1,107,9f440b6d-b2d5-43eb-9f24-a23f7a88ec07
FALSE,B0C489SRVH,B0C489SRVH,recessed light covers,2,kw,91,35.03,3.85,0,0,-1.97,95,48.46,1.86,96.51,0,-1.99,100,2.9,132.57,109.62,0,-1.7,1,80,0,0,0,-1.99,0.92,2.2,107,9f440b6d-b2d5-43eb-9f24-a23f7a88ec07
TRUE,B0D9MQZL9S,B0D9MQZL9S,recessed lighting trims,1,kw,12,1,1260.05,0,27.66,0,52,1,1260.05,51.42,0.28,-0.97,11,1,1260.05,10.05,2.42,-0.93,1,11,0,0,0,-1.99,0.89,1.1,107,9f440b6d-b2d5-43eb-9f24-a23f7a88ec07
TRUE,B0D9MQZL9S,B0D9MQZL9S,recessed light trim,1,kw,12,1,839.15,0,18.49,0,56,1,839.15,55.48,0.18,-0.97,11,1,839.15,10.05,1.57,-0.93,1,11,0,0,0,-1.99,0.89,1.1,107,9f440b6d-b2d5-43eb-9f24-a23f7a88ec07
TRUE,B0D9MQZL9S,B0D9MQZL9S,recessed light trim ring,1,kw,14,1,733.88,0,16.77,0,66,1,733.88,65.7,0.07,-0.98,13,1,733.88,12.06,1.2,-0.95,1,14,0,0,0,-1.99,0.89,1.1,107,9f440b6d-b2d5-43eb-9f24-a23f7a88ec07
TRUE,B0D9MQZL9S,B0D9MQZL9S,can light covers,2,kw,25,1,912.3,0,12.15,-1.51,33,1,912.3,32.2,0.28,-1.74,17,1,912.3,16.08,0.82,-1.69,1,7,0,0,0,-2.77,0.89,1.2,107,9f440b6d-b2d5-43eb-9f24-a23f7a88ec07
TRUE,B0D9MQZL9S,B0D9MQZL9S,recessed light covers,2,kw,23,1,476.8,0,7.6,-1.64,53,1.01,470.63,52.43,0.08,-1.88,20,1,476.8,19.1,0.39,-1.84,1,12,0,0,0,-2.9,0.89,1.2,107,9f440b6d-b2d5-43eb-9f24-a23f7a88ec07
FALSE,B0D9MQZL9S,B0D9MQZL9S,recessed light cover,2,kw,42,1,1189.78,0,13.92,-1.63,98,4.23,177.06,104.56,0,-2.51,33,1,1189.78,32.2,0.43,-1.83,1,24,0,0,0,-2.89,0.89,1.2,107,9f440b6d-b2d5-43eb-9f24-a23f7a88ec07
TRUE,B0CLYQ4WLW,B08LP6BK3L,flood light bulbs outdoor,1,kw,17,1,4308.44,0,96.36,-1.57,48,1,4308.44,116.89,0.52,-1.82,12,1,4308.44,27.29,3.54,-1.8,1,13,0,0,0,-2.83,0.88,2.1,107,9f440b6d-b2d5-43eb-9f24-a23f7a88ec07
FALSE,B0CLYQ4WLW,B08LP6BK3L,outdoor flood light bulbs,1,kw,38,1,4347.68,0,61.57,-1.72,62,1,4347.68,152.02,0.23,-1.81,21,1,4347.68,49.64,1.48,-1.8,1,18,0,0,0,-2.82,0.88,2.1,107,9f440b6d-b2d5-43eb-9f24-a23f7a88ec07
FALSE,B0CLYQ4WLW,B08LP6BK3L,outdoor flood lights bulbs,1,kw,31,1.02,1377,0,21.76,-1.75,61,1,1412.57,149.5,0.06,-1.84,19,1,1412.57,44.67,0.59,-1.82,1,17,0,0,0,-2.85,0.88,2.1,107,9f440b6d-b2d5-43eb-9f24-a23f7a88ec07
TRUE,B0CLYQ4WLW,B08LP6BK3L,outdoor flood lights,1,kw,24,1,23118.58,0,478.05,-0.58,100,14,376.38,284.84,0,-1.57,23,1,23118.58,54.61,7.78,-1.51,1,22,0,0,0,-2.57,0.88,2.1,107,9f440b6d-b2d5-43eb-9f24-a23f7a88ec07
FALSE,B0CLYQ4WLW,B08LP6BK3L,flood light,1,kw,100,129.13,13.22,0,0,-1.92,100,173.09,1.29,284.84,0,-1.99,100,122.22,15.99,284.84,0,-1.95,1,180,0,0,0,-1.99,0.88,2.1,107,9f440b6d-b2d5-43eb-9f24-a23f7a88ec07
TRUE,B0CLYQ4WLW,B08LP6BK3L,exterior flood light bulbs,2,kw,22,1,1111.55,0,20.39,-1.65,54,1,1111.55,131.91,0.07,-1.74,16,1,1111.55,37.22,0.63,-1.72,1,14,0,0,0,-2.75,0.88,2.2,107,9f440b6d-b2d5-43eb-9f24-a23f7a88ec07
FALSE,B0CLYQ4WLW,B08LP6BK3L,outdoor led light bulb,3,sr_rc,84,45.15,12.5,0,0.05,-1.94,100,29.61,28.01,284.84,0,-1.91,95,1,2604.28,241.72,0.02,-0.98,1,87,0,0,0,-1.99,0.88,2.1,107,9f440b6d-b2d5-43eb-9f24-a23f7a88ec07
TRUE,B0DK7YRM5H,B0DK7YRM5H,par20 led bulbs,1,kw,17,1,9264.22,0,98.67,-1.35,59,1,9264.22,58.29,0.8,-1.6,15,1,9264.22,14.04,6.48,-1.58,1,17,0,0,0,-2.61,0.8,1.1,107,9f440b6d-b2d5-43eb-9f24-a23f7a88ec07
TRUE,B0DWV7LHDH,B0DJHRWF84,2x4 led flat panel light,1,kw,24,1,182397.34,0,67.01,-1.59,61,1,182397.34,60.3,0.59,-1.74,19,1,182397.34,18.05,3.72,-1.73,1,19,0,0,0,-2.75,0.78,2.1,107,9f440b6d-b2d5-43eb-9f24-a23f7a88ec07
TRUE,B0DWV7LHDH,B0DJHRWF84,2 x 4 led flat panel light,1,kw,21,1,26202.98,0,11.13,-1.49,48,1,26202.98,47.19,0.19,-1.74,16,1,26202.98,15.04,0.76,-1.73,1,15,0,0,0,-2.75,0.78,2.1,107,9f440b6d-b2d5-43eb-9f24-a23f7a88ec07
TRUE,B0CRZWQ6VB,B0CLMGCS7J,par 30 led bulbs,1,kw,5,1,203.96,0,18.06,0,30,1,203.96,29.29,0.4,-0.96,5,1,203.96,4.03,3.26,-0.91,1,5,0,0,0,-1.99,0.75,1.1,107,9f440b6d-b2d5-43eb-9f24-a23f7a88ec07
TRUE,B0CRZWQ6VB,B0CLMGCS7J,par30 led bulb,1,kw,12,1,420.26,0,31.86,0,50,1.01,414.65,49.65,0.35,-0.96,10,1.05,393.4,9.07,2.68,-0.91,1,8,0,0,0,-1.99,0.75,1.1,107,9f440b6d-b2d5-43eb-9f24-a23f7a88ec07
TRUE,B0DXQGDDJC,B0CWPSJ5P2,led retrofit recessed light 6 inch,1,kw,9,1,1610.29,0,63.51,0,52,1,1610.29,51.77,0.56,-0.96,9,1,1610.29,8.07,6.47,-0.91,1,10,0,0,0,-1.99,0.75,2.1,107,9f440b6d-b2d5-43eb-9f24-a23f7a88ec07
TRUE,B0DXQGDDJC,B0CWPSJ5P2,6 led can light retrofit,1,kw,16,1,1203.22,0,43.18,-0.73,74,1,1203.22,74.81,0.19,-0.97,13,1,1203.22,12.11,3.34,-0.91,1,16,0,0,0,-1.99,0.75,2.1,107,9f440b6d-b2d5-43eb-9f24-a23f7a88ec07
TRUE,B0DH8XNY8B,B0CM43Y22N,75 watt led light bulbs daylight,1,kw,8,1,846.59,0,60.38,0,45,1,846.59,44.8,0.74,-0.97,8,1,846.59,7.08,6.7,-0.91,1,8,0,0,0,-1.99,0.74,1.1,107,9f440b6d-b2d5-43eb-9f24-a23f7a88ec07
FALSE,B0DH8XNY8B,B0CM43Y22N,light bulbs 75 watt,1,kw,65,1,2223.56,0,62.28,-0.73,100,16.91,49.27,143.91,0,-1.64,52,1,2223.56,52.04,1.53,-0.95,1,52,0,0,0,-1.99,0.74,1.1,107,9f440b6d-b2d5-43eb-9f24-a23f7a88ec07
FALSE,B0DH8XNY8B,B0CM43Y22N,75 watt light bulbs,1,kw,74,1,1947.08,0,39.13,-0.73,100,22.63,27.46,143.91,0,-1.79,58,1,1947.08,58.3,1.06,-0.93,1,58,0,0,0,-1.99,0.74,1.1,107,9f440b6d-b2d5-43eb-9f24-a23f7a88ec07
TRUE,B08BJFPGRM,B082K639S8,dusk to dawn led outdoor light bulb,1,kw,21,1,30179.26,0,818.52,-1.46,88,1,30179.26,200.88,0.65,-1.61,19,1.01,29798.66,40.37,19.73,-1.56,1,23,0,0,0,-2.62,0.67,2.1,107,9f440b6d-b2d5-43eb-9f24-a23f7a88ec07
FALSE,B08BJFPGRM,B082K639S8,outdoor light bulbs for porch lights,2,kw,49,1,4475.31,0,81.83,-1.83,98,1,4475.31,241.79,0.02,-1.98,36,1,4475.31,78.64,1.32,-1.95,1,46,0,0,0,-2.99,0.67,2.2,107,9f440b6d-b2d5-43eb-9f24-a23f7a88ec07
TRUE,B07MLB2L2F,B086Z6LCR2,br40 led light bulbs,1,kw,7,1,4920.19,0,122.61,0,23,1,4920.19,125.34,0.67,-0.97,6,1,4920.19,28.46,3.8,-0.93,1,6,0,0,0,-1.99,0.67,1.1,107,9f440b6d-b2d5-43eb-9f24-a23f7a88ec07
TRUE,B07MLB2L2F,B086Z6LCR2,br40 light bulbs,1,kw,8,1.07,720.51,0,20.4,-0.73,99,1.78,351.52,617.24,0,-1.15,8,1,789.69,39.85,0.61,-0.93,1,8,0,0,0,-1.98,0.67,1.1,107,9f440b6d-b2d5-43eb-9f24-a23f7a88ec07
FALSE,B07MLB2L2F,B086Z6LCR2,canned light bulbs,2,kw,19,1,1132.43,0,24.13,-1.73,98,6.66,82.49,594.39,0,-2.78,15,1,1132.43,79.73,0.32,-1.93,1,21,0,0,0,-2.98,0.67,1.2,107,9f440b6d-b2d5-43eb-9f24-a23f7a88ec07
TRUE,B0CB722B5N,B01CQ2ZKZO,t8 led bulbs 4 foot,1,kw,10,1,7967.76,0,102.99,0,18,1,7967.76,132.17,0.58,-0.98,7,1,7967.76,46.64,1.98,-0.97,1,8,0,0,0,-1.99,0.67,2.1,107,9f440b6d-b2d5-43eb-9f24-a23f7a88ec07
TRUE,B0CB722B5N,B01CQ2ZKZO,t8 led,1,kw,8,1.08,673.01,0,9.07,-0.89,31,1.02,726.64,233.31,0,-0.99,8,1,746.13,54.41,0.15,-0.97,1,9,0,0,0,-1.99,0.67,2.1,107,9f440b6d-b2d5-43eb-9f24-a23f7a88ec07
FALSE,B0CB722B5N,B01CQ2ZKZO,4 foot led bulbs,1,kw,38,1,846.45,0,8.37,-0.89,13,20.25,4.65,93.29,0,-1.98,27,1,846.45,202.19,0,-0.99,1,25,0,0,0,-1.99,0.67,2.1,107,9f440b6d-b2d5-43eb-9f24-a23f7a88ec07
FALSE,B0CB722B5N,B01CQ2ZKZO,fluorescent light bulbs 48 inch,2,kw,39,1,4750.27,0,47.68,-0.62,100,6,424.42,819.61,0,-1.96,32,1,4750.27,241.1,0.24,-1.59,1,24,0,0,0,-2.6,0.67,2.2,107,9f440b6d-b2d5-43eb-9f24-a23f7a88ec07
FALSE,B0CB722B5N,B01CQ2ZKZO,fluorescent light bulbs,2,kw,100,5.36,905.9,0,0.13,-1,100,45.78,27.9,819.61,0,-2.95,75,1,7650.4,577.17,0.04,-1.88,1,72,0,0,0,-2.98,0.67,2.2,107,9f440b6d-b2d5-43eb-9f24-a23f7a88ec07
FALSE,B0CB722B5N,B01CQ2ZKZO,led fluorescent tube replacement 4ft,3,sr_rc,15,1,2480.91,0,38.4,-0.61,55,1,2480.91,420.37,0.09,-1.58,11,1,2480.91,77.74,0.52,-1.57,1,11,0,0,0,-2.6,0.67,2.1,107,9f440b6d-b2d5-43eb-9f24-a23f7a88ec07
FALSE,B0CB722B5N,B01CQ2ZKZO,led replacement for fluorescent tubes,3,sr_rc,13,1,1028.45,0,16.28,0,48,1,1028.45,365.74,0,-0.99,11,1,1028.45,77.74,0.16,-0.97,1,13,0,0,0,-1.99,0.67,2.1,107,9f440b6d-b2d5-43eb-9f24-a23f7a88ec07
FALSE,B0CB722B5N,B01CQ2ZKZO,led fluorescent tube replacement,3,sr_rc,14,1,1131.78,0,16.53,0,55,1,1131.78,420.37,0,-0.99,12,1,1131.78,85.51,0.16,-0.97,1,14,0,0,0,-1.99,0.67,2.1,107,9f440b6d-b2d5-43eb-9f24-a23f7a88ec07
FALSE,B0CB722B5N,B01CQ2ZKZO,4 ft led light bulbs,4,sr_rc,41,1,1387.45,0,11.18,-0.83,69,15.58,21.56,529.95,0,-1.96,32,1.01,1370,241.1,0.1,-0.97,1,26,0,0,0,-1.99,0.67,2.2,107,9f440b6d-b2d5-43eb-9f24-a23f7a88ec07
FALSE,B0CB722B5N,B01CQ2ZKZO,4' led light bulbs,5,sr_rc,16,1,1065.69,0,13.91,0,55,1,1065.69,420.37,0,-0.99,13,1,1065.69,93.29,0.13,-0.97,1,10,0,0,0,-1.99,0.67,2.1,107,9f440b6d-b2d5-43eb-9f24-a23f7a88ec07
FALSE,B0CB722B5N,B01CQ2ZKZO,led tube lights 4ft,6,sr_rc,30,1,2998.23,0,36.57,-0.72,69,10,95.43,529.95,0,-2.56,25,1,2998.23,186.62,0.14,-1.69,1,19,0,0,0,-2.71,0.67,2.2,107,9f440b6d-b2d5-43eb-9f24-a23f7a88ec07
FALSE,B0CB722B5N,B01CQ2ZKZO,led t8 bulbs 4ft,7,sr_rc,9,1,892.83,0,14.19,0,27,1,892.83,202.19,0,-0.99,7,1,892.83,46.64,0.33,-0.97,1,8,0,0,0,-1.99,0.67,2.1,107,9f440b6d-b2d5-43eb-9f24-a23f7a88ec07
TRUE,B0C5JSMH9J,B09XY43435,br30 led bulb 3000k,1,kw,5,1,1676.05,0,53.16,-0.73,25,1,1676.05,69.2,0.64,-0.96,4,1,1676.05,8.63,5.59,-0.91,1,5,0,0,0,-1.99,0.64,1.1,107,9f440b6d-b2d5-43eb-9f24-a23f7a88ec07
FALSE,B0C5JSMH9J,B09XY43435,r30 led bulb,2,kw,93,7.63,65.48,0,0.15,-1.78,77,42.28,2.22,223.27,0,-1.98,82,1,902.89,239.46,0.03,-0.97,1,54,0,0,0,-1.99,0.64,1.2,107,9f440b6d-b2d5-43eb-9f24-a23f7a88ec07
TRUE,B0DLXXRTSL,B086Z853PY,vanity light bulbs,1,kw,14,1,7632.28,0,197.23,-1.61,56,1,7632.28,425.86,0.22,-1.85,12,1.05,7149.76,84.67,2.21,-1.79,1,9,0,0,0,-2.87,0.63,2.1,107,9f440b6d-b2d5-43eb-9f24-a23f7a88ec07
TRUE,B0DLXXRTSL,B086Z853PY,led vanity light bulbs,1,kw,9,1,1038.47,0,33.3,-1.61,26,1,1038.47,192.66,0.15,-1.84,7,1,1038.47,46.17,0.73,-1.81,1,4,0,0,0,-2.87,0.63,2.1,107,9f440b6d-b2d5-43eb-9f24-a23f7a88ec07
TRUE,B0DLXXRTSL,B086Z853PY,vanity bulbs,1,kw,12,1,1541.13,0,41.57,-1.71,41,1,1541.13,308.82,0.1,-1.86,10,1,1541.13,69.27,0.62,-1.81,1,8,0,0,0,-2.87,0.63,2.1,107,9f440b6d-b2d5-43eb-9f24-a23f7a88ec07
TRUE,B0DLXXRTSL,B086Z853PY,vanity light bulbs for bathroom,1,kw,21,1,2097.34,0,58.96,-0.89,50,1,2097.34,378.89,0.09,-1.86,18,1,2097.34,130.91,0.45,-1.8,1,9,0,0,0,-2.88,0.63,2.1,107,9f440b6d-b2d5-43eb-9f24-a23f7a88ec07
FALSE,B0DLXXRTSL,B086Z853PY,vanity mirror light bulbs,1,kw,27,1,790.38,0,19.93,-1.59,87,8.63,22.32,680.28,0,-2.78,25,1,790.38,184.94,0.14,-1.79,1,13,0,0,0,-2.84,0.63,2.1,107,9f440b6d-b2d5-43eb-9f24-a23f7a88ec07
FALSE,B0DLXXRTSL,B086Z853PY,light bulbs for vanity mirror,1,kw,44,1,507.5,0,8.83,-1.48,8,23.46,0.76,53.87,0,-2.74,41,1,507.5,308.82,0,-1.73,1,25,0,0,0,-2.73,0.63,2.1,107,9f440b6d-b2d5-43eb-9f24-a23f7a88ec07
TRUE,B0DLXXRTSL,B086Z853PY,led edison bulb,2,kw,21,1,5286.93,0,155.99,-0.75,98,2.93,1278.11,829.86,0,-1.74,19,1,5286.93,138.63,1.1,-1.72,1,19,0,0,0,-2.74,0.63,2.2,107,9f440b6d-b2d5-43eb-9f24-a23f7a88ec07
FALSE,B0DLXXRTSL,B086Z853PY,vanity bulbs for bathroom,3,sr_rc,23,1.03,1785.92,0,40.69,-2.59,61,1.01,1832.98,465.22,0.07,-2.84,20,1,1857.31,146.34,0.26,-2.77,1,10,0,0,0,-3.85,0.63,2.1,107,9f440b6d-b2d5-43eb-9f24-a23f7a88ec07
FALSE,B0DLXXRTSL,B086Z853PY,round light bulbs,4,sr_rc,10,1,1528.55,0,43.56,-1.57,100,5.09,130.12,967.56,0,-3.17,9,1,1528.55,61.57,0.63,-2.5,1,11,0,0,0,-3.55,0.63,2.2,107,9f440b6d-b2d5-43eb-9f24-a23f7a88ec07
FALSE,B0DLXXRTSL,B086Z853PY,light bulbs for bathroom,5,sr_rc,30,1,1039.17,0,26.73,-0.78,90,1,1039.17,709.17,0,-1.77,26,1,1039.17,192.66,0.14,-1.66,1,24,0,0,0,-2.76,0.63,2.1,107,9f440b6d-b2d5-43eb-9f24-a23f7a88ec07
FALSE,B0DLXXRTSL,B086Z853PY,led bathroom light bulbs,5,sr_rc,19,1,687.32,0,20.14,-0.89,63,1,687.32,481.03,0,-1.88,17,1,687.32,123.2,0.16,-1.82,1,14,0,0,0,-2.87,0.63,2.1,107,9f440b6d-b2d5-43eb-9f24-a23f7a88ec07
FALSE,B0DLXXRTSL,B086Z853PY,light bulbs for bathroom above mirror,5,sr_rc,91,1,712.37,0,2.12,-2.59,98,32.41,3.75,829.86,0,-3.84,75,1,712.37,577.4,0,-2.85,1,49,0,0,0,-3.85,0.63,2.1,107,9f440b6d-b2d5-43eb-9f24-a23f7a88ec07
FALSE,B0DLXXRTSL,B086Z853PY,bathroom light bulbs over mirror,5,sr_rc,52,1,1771.8,0,24.66,-0.67,96,1,1771.8,784.13,0,-1.66,41,1,1771.8,308.82,0.09,-1.49,1,13,0,0,0,-2.65,0.63,2.1,107,9f440b6d-b2d5-43eb-9f24-a23f7a88ec07
FALSE,B0DLXXRTSL,B086Z853PY,dimmable light bulbs,6,sr_rc,73,1,15164.88,0,122.1,-1.48,100,7.81,1020.91,967.56,0,-1.74,57,1,15164.88,433.71,0.43,-1.63,1,40,0,0,0,-2.74,0.63,2.2,107,9f440b6d-b2d5-43eb-9f24-a23f7a88ec07
FALSE,B0DLXXRTSL,B086Z853PY,light bulbs daylight,7,sr_rc,27,1,5177.99,0,129.92,-0.75,100,5.98,498.75,967.56,0,-1.74,24,1,5177.99,177.21,0.72,-1.57,1,35,0,0,0,-2.74,0.63,2.1,107,9f440b6d-b2d5-43eb-9f24-a23f7a88ec07
FALSE,B0DLXXRTSL,B086Z853PY,decorative led light bulbs,8,sr_rc,100,24.35,6.26,0,0,-2.51,72,76.94,0.4,553,0,-2.79,100,4.48,62.36,967.56,0,-2.59,1,94,0,0,0,-2.78,0.63,2.2,107,9f440b6d-b2d5-43eb-9f24-a23f7a88ec07
FALSE,B0DLXXRTSL,B086Z853PY,60 watt light bulbs,9,sr_rc,100,108.22,44.1,0,0.02,-0.87,96,145.85,12.87,784.13,0,-1.91,100,81.65,86.45,967.56,0,-1.56,1,172,0,0,0,-1.91,0.63,2.1,107,9f440b6d-b2d5-43eb-9f24-a23f7a88ec07
FALSE,B0DLXXRTSL,B086Z853PY,e26 led bulb,10,sr_rc,23,99.17,4.1,0,0.14,-2.92,95,97.12,4.51,768.15,0,-3.08,95,38.41,39.13,768.15,0,-2.97,1,127,0,0,0,-3.09,0.63,2.2,107,9f440b6d-b2d5-43eb-9f24-a23f7a88ec07
FALSE,B0DLXXRTSL,B086Z853PY,light bulb base sizes chart,11,sr_rc,42,1,1348.55,0,23.95,-1.88,93,22.74,15.05,741.83,0,-3.82,35,1,1348.55,262.28,0.11,-2.76,1,43,0,0,0,-3.87,0.63,2.1,107,9f440b6d-b2d5-43eb-9f24-a23f7a88ec07
TRUE,B0884HK3GW,B086Z7J4Z6,r20 led bulb,1,kw,5,1,799.46,0,65.97,0,40,1,799.46,227.1,0.11,-0.93,4,1,799.46,17.43,3.34,-0.82,1,3,0,0,0,-1.97,0.6,1.1,107,9f440b6d-b2d5-43eb-9f24-a23f7a88ec07
TRUE,B0884HK3GW,B086Z7J4Z6,br20 led bulb,2,kw,2,1.13,308.61,0,23.98,-0.5,11,1.01,399.74,58.11,0.49,-1.44,2,1.07,351.3,5.81,3.77,-1.41,1,2,0,0,0,-2.47,0.6,1.2,107,9f440b6d-b2d5-43eb-9f24-a23f7a88ec07
TRUE,B0DYQ3LNC7,B086Z6XN7W,e26 edison bulb 60w led 3000k dimmable light bulbs,1,kw,5,1,404.5,0,25.95,-0.5,22,1,404.5,135.12,0.15,-1.48,4,1.05,376.87,19.29,1.09,-1.46,1,5,0,0,0,-2.49,0.57,2.1,107,9f440b6d-b2d5-43eb-9f24-a23f7a88ec07
TRUE,B0DYQ3LNC7,B086Z6XN7W,3000k edison led light bulbs,1,kw,6,1,489.74,0,34.22,0,31,1,489.74,193.11,0.14,-0.99,6,1,489.74,32.15,0.98,-0.97,1,7,0,0,0,-1.99,0.57,2.1,107,9f440b6d-b2d5-43eb-9f24-a23f7a88ec07
TRUE,B0DYQ3LNC7,B086Z6XN7W,3000k edison bulb,1,kw,8,1,456.46,0,26.41,-0.73,38,1,456.46,238.27,0.11,-0.99,7,1,456.46,38.59,0.67,-0.96,1,8,0,0,0,-1.99,0.57,2.1,107,9f440b6d-b2d5-43eb-9f24-a23f7a88ec07
FALSE,B0DYQ3LNC7,B086Z6XN7W,edison bulb,1,kw,80,57.59,8.15,0,0.11,-1.89,96,81.4,3.08,631.41,0,-1.97,96,24.65,35.4,631.41,0,-1.78,1,112,0,0,0,-1.99,0.57,2.1,107,9f440b6d-b2d5-43eb-9f24-a23f7a88ec07
FALSE,B0DYQ3LNC7,B086Z6XN7W,edison light bulbs,1,kw,100,8.18,99.86,0,0.07,-1.39,98,24.68,18.2,655.96,0,-1.88,66,1,1499.86,419.83,0.07,-0.97,1,59,0,0,0,-1.99,0.57,2.1,107,9f440b6d-b2d5-43eb-9f24-a23f7a88ec07
TRUE,B0DYQ3LNC7,B086Z6XN7W,st64 edison led bulb 60w,2,kw,2,1.12,275.67,0,18.61,-0.89,17,1,334.91,102.93,0.17,-0.98,2,1,334.91,6.43,2.96,-0.93,1,3,0,0,0,-1.99,0.57,2.2,107,9f440b6d-b2d5-43eb-9f24-a23f7a88ec07
TRUE,B0F6KCTGG7,B0CZ4H77XH,4000k led light bulbs,1,kw,16,1,4302.53,0,151.84,-0.73,76,1,4302.53,76.46,0.57,-0.97,15,1,4302.53,14.1,9.94,-0.95,1,16,0,0,0,-1.99,0.57,1.1,107,9f440b6d-b2d5-43eb-9f24-a23f7a88ec07
FALSE,B0F6KCTGG7,B0CZ4H77XH,cool white light bulbs,2,kw_sr_rc,100,7.82,126.87,0,0.05,-2.11,100,33.31,14.6,123.41,0,-2.54,86,1,1747.66,87.51,0.12,-1.56,1,80,0,0,0,-2.59,0.57,1.2,107,9f440b6d-b2d5-43eb-9f24-a23f7a88ec07
FALSE,B0F6KCTGG7,B0CZ4H77XH,led lamp bulbs,3,sr_rc,93,58.43,1.73,0,0,-1.98,100,82.88,0.79,123.41,0,-1.99,100,5.31,52.13,123.41,0,-1.8,1,136,0,0,0,-1.99,0.57,1.1,107,9f440b6d-b2d5-43eb-9f24-a23f7a88ec07
TRUE,B08XZX42YB,B08D3KLYYY,goof ring,1,kw,4,1,631.49,0,30.95,-1.3,10,1,631.49,55.03,0.46,-1.53,3,1.05,567.03,12.22,2.01,-1.48,1,2,0,0,0,-2.55,0.56,2.1,107,9f440b6d-b2d5-43eb-9f24-a23f7a88ec07
TRUE,B08XZX42YB,B08D3KLYYY,goof rings,1,kw,3,1.11,426.47,0,21.96,-1.45,97,1,540.53,626.72,0,-1.61,3,1.1,435.78,12.22,1.75,-1.58,1,2,0,0,0,-2.6,0.56,2.1,107,9f440b6d-b2d5-43eb-9f24-a23f7a88ec07
FALSE,B08XZX42YB,B08D3KLYYY,goof rings for 6 inch recessed lights,1,kw,1,1,0,0,0,-1.98,1,1,0,0,0,-1.99,1,1,0,0,0,-1.98,1,1,0,0,0,-1.99,0.56,2.1,107,9f440b6d-b2d5-43eb-9f24-a23f7a88ec07
TRUE,B08XZX42YB,B08D3KLYYY,recessed lighting trims,2,kw,4,1,420.25,0,22.18,-0.83,51,1,420.25,306.88,0,-0.98,4,1,420.25,18.34,1.08,-0.95,1,3,0,0,0,-1.98,0.56,2.2,107,9f440b6d-b2d5-43eb-9f24-a23f7a88ec07
TRUE,B08XZX42YB,B08D3KLYYY,recessed light trim,2,kw,3,1.08,182.84,0,9.74,-0.97,25,1.01,212.58,146.89,0,-0.98,3,1,217.22,12.22,0.91,-0.96,1,2,0,0,0,-1.98,0.56,2.2,107,9f440b6d-b2d5-43eb-9f24-a23f7a88ec07
TRUE,B08XZX42YB,B08D3KLYYY,recessed light trim ring,2,kw,3,1.05,168.27,0,9.36,-0.99,20,1,187.4,116.24,0,-1.05,3,1,187.4,12.22,0.75,-1.03,1,2,0,0,0,-1.98,0.56,2.2,107,9f440b6d-b2d5-43eb-9f24-a23f7a88ec07
FALSE,B08XZX42YB,B08D3KLYYY,can light covers,3,sr_rc,5,1,316.91,0,14.37,-0.67,29,1,316.91,171.42,0.1,-1.64,5,1,316.91,24.45,0.55,-1.6,1,3,0,0,0,-2.65,0.56,2.1,107,9f440b6d-b2d5-43eb-9f24-a23f7a88ec07
FALSE,B08XZX42YB,B08D3KLYYY,recessed light covers,3,sr_rc,5,1,174.37,0,9.22,-0.13,35,1,174.37,208.27,0,-1.11,5,1,174.37,24.45,0.33,-1.08,1,4,0,0,0,-1.97,0.56,2.1,107,9f440b6d-b2d5-43eb-9f24-a23f7a88ec07
FALSE,B08XZX42YB,B08D3KLYYY,recessed light cover,3,sr_rc,4,1,384.24,0,18.65,0,53,1.01,377.88,319.26,0,-0.98,4,1,384.24,18.34,0.96,-0.88,1,3,0,0,0,-1.97,0.56,2.1,107,9f440b6d-b2d5-43eb-9f24-a23f7a88ec07
FALSE,B08XZX42YB,B08D3KLYYY,7 inch led recessed lighting,4,sr_rc,80,1,344.7,0,3.19,-2.77,6,62.58,0.02,30.57,0,-3.91,74,1,344.7,450.9,0,-2.89,1,63,0,0,0,-3.9,0.56,2.2,107,9f440b6d-b2d5-43eb-9f24-a23f7a88ec07
FALSE,B08XZX42YB,B08D3KLYYY,7 inch recessed led light,4,sr_rc,20,1,270.47,0,10.41,-1,6,12.59,0.47,30.57,0,-2.97,18,1,270.47,103.99,0.12,-1.88,1,13,0,0,0,-2.96,0.56,2.2,107,9f440b6d-b2d5-43eb-9f24-a23f7a88ec07
FALSE,B0DH9JCBVT,B0CLT4WQ43,led edison bulb,1,kw,70,1,3268.61,0,57.77,-1.56,100,7.51,246.54,127.44,0,-1.65,51,1,3268.61,50.63,1.76,-1.63,1,65,0,0,0,-2.66,0.56,1.1,107,9f440b6d-b2d5-43eb-9f24-a23f7a88ec07
FALSE,B0DH9JCBVT,B0CLT4WQ43,edison light bulb,1,kw_sr_rc,94,40.8,32.2,0,0.12,-1.81,100,61.73,14.28,127.44,0,-1.92,94,1,4559.76,98.89,0.17,-0.94,1,115,0,0,0,-1.98,0.56,1.1,107,9f440b6d-b2d5-43eb-9f24-a23f7a88ec07
TRUE,B0DH9JCBVT,B0CLT4WQ43,75 watt led light bulbs daylight,2,kw,10,1,1233.32,0,56.84,0,53,1,1233.32,52.68,0.56,-0.97,9,1,1233.32,8.06,5.97,-0.93,1,10,0,0,0,-1.99,0.56,1.2,107,9f440b6d-b2d5-43eb-9f24-a23f7a88ec07
FALSE,B0DH9JCBVT,B0CLT4WQ43,75 watt light bulbs,2,kw,94,26.87,36.32,0,0.13,-1.8,100,53.79,9.78,127.44,0,-1.94,92,1,2790.2,95.72,0.13,-0.98,1,95,0,0,0,-1.99,0.56,1.2,107,9f440b6d-b2d5-43eb-9f24-a23f7a88ec07
FALSE,B0DH9JCBVT,B0CLT4WQ43,light bulbs 75 watt,2,kw,90,55.41,13.28,0,0.08,-1.9,100,81.6,5.16,127.44,0,-1.96,100,15.01,100.42,127.44,0,-1.49,1,122,0,0,0,-1.99,0.56,1.2,107,9f440b6d-b2d5-43eb-9f24-a23f7a88ec07
FALSE,B0DH9JCBVT,B0CLT4WQ43,clear light bulbs,3,sr_rc,100,71.37,6.35,0,0,-2.51,100,93.46,3.33,127.44,0,-2.56,100,15.83,65.16,127.44,0,-2.24,1,149,0,0,0,-2.57,0.56,1.1,107,9f440b6d-b2d5-43eb-9f24-a23f7a88ec07
FALSE,B0DH9JCBVT,B0CLT4WQ43,outdoor edison bulbs,4,sr_rc,86,86.69,2.12,0,0.03,-2.93,100,110.52,1.05,127.44,0,-2.99,100,41.21,8.38,127.44,0,-2.94,1,156,0,0,0,-2.98,0.56,1.2,107,9f440b6d-b2d5-43eb-9f24-a23f7a88ec07
FALSE,B0DH9JCBVT,B0CLT4WQ43,edison bulbs outdoor,4,sr_rc,100,65.95,1.02,0,0,-3.84,100,94.85,0.41,127.44,0,-3.86,100,21.79,6.05,127.44,0,-3.82,1,139,0,0,0,-3.86,0.56,1.2,107,9f440b6d-b2d5-43eb-9f24-a23f7a88ec07
FALSE,B0F6PD7TG9,B0D1PQRJB3,led can lights,1,kw,18,1,3692.51,0,59.84,-2.76,68,1,3692.51,68.41,0.34,-2.84,15,1,3692.51,14.13,4.12,-2.8,1,18,0,0,0,-3.86,0.56,2.1,107,9f440b6d-b2d5-43eb-9f24-a23f7a88ec07
TRUE,B0F6PD7TG9,B0D1PQRJB3,led can lights 6 inch,2,kw,22,1,1936.34,0,47.46,-1.76,75,1,1936.34,75.9,0.19,-1.9,19,1,1936.34,18.17,2.51,-1.86,1,24,0,0,0,-2.92,0.56,2.2,107,9f440b6d-b2d5-43eb-9f24-a23f7a88ec07
FALSE,B0F6PD7TG9,B0D1PQRJB3,can lights 6 inch led,2,kw,46,1,543.07,0,8.75,-1.82,85,1,543.07,87.21,0.03,-1.89,35,1,543.07,34.4,0.34,-1.86,1,32,0,0,0,-2.92,0.56,2.2,107,9f440b6d-b2d5-43eb-9f24-a23f7a88ec07
FALSE,B0F6PD7TG9,B0D1PQRJB3,high hat lights,3,sr_rc,14,1,206.05,0,5.25,-2.12,70,1,206.05,70.53,0,-2.38,13,1,206.05,12.11,0.44,-2.32,1,13,0,0,0,-2.99,0.56,2.1,107,9f440b6d-b2d5-43eb-9f24-a23f7a88ec07
FALSE,B07MLB2L2F,B01N39VZZF,br40 65w indoor flood,1,kw,7,1,1801.8,0,36.27,-1,21,1,1801.8,113.93,0.23,-1.97,6,1,1801.8,28.46,1.12,-1.93,1,4,0,0,0,-2.99,0.55,1.1,107,9f440b6d-b2d5-43eb-9f24-a23f7a88ec07
TRUE,B07MLB2L2F,B01N39VZZF,br40 led light bulbs 3000k,2,kw,3,1,1084.72,0,28.93,0,15,1.04,1021.68,79.73,0.32,-0.97,3,1,1084.72,11.38,2.23,-0.93,1,4,0,0,0,-1.99,0.55,1.2,107,9f440b6d-b2d5-43eb-9f24-a23f7a88ec07
TRUE,B0BT5472DR,B096HB8NZX,led can lights,1,kw,3,1,3896.66,0,77.14,-0.83,18,1,3896.66,422.93,0.13,-0.98,3,1,3896.66,49.73,1.58,-0.95,1,3,0,0,0,-1.99,0.53,2.1,107,9f440b6d-b2d5-43eb-9f24-a23f7a88ec07
TRUE,B0BT5472DR,B096HB8NZX,can lights,1,kw,5,1.01,24317.56,0,552.88,0,99,1,24658.69,2665.64,0,-0.98,5,1,24658.69,99.46,4.98,-0.93,1,6,0,0,0,-1.98,0.53,2.1,107,9f440b6d-b2d5-43eb-9f24-a23f7a88ec07
FALSE,B0BT5472DR,B096HB8NZX,can light,1,kw,4,1,1506.89,0,30.45,-1.73,90,1,1506.89,2260.54,0,-1.98,4,1,1506.89,74.59,0.32,-1.93,1,5,0,0,0,-2.97,0.53,2.1,107,9f440b6d-b2d5-43eb-9f24-a23f7a88ec07
TRUE,B0BT5472DR,B096HB8NZX,led can light,1,kw,2,1.17,495.01,0,11.27,-0.89,24,1.02,628.88,572.39,0,-0.98,2,1.12,535.16,24.86,0.55,-0.95,1,3,0,0,0,-1.97,0.53,2.1,107,9f440b6d-b2d5-43eb-9f24-a23f7a88ec07
TRUE,B0BT5472DR,B096HB8NZX,recessed lighting 6 inch,2,kw,3,1.11,22107.74,0,397.69,-0.83,57,1,25965.18,1397.99,0.13,-0.98,3,1,25965.18,49.73,9.01,-0.95,1,4,0,0,0,-1.99,0.53,2.2,107,9f440b6d-b2d5-43eb-9f24-a23f7a88ec07
TRUE,B0BT5472DR,B096HB8NZX,led recessed lighting 6 inch,2,kw,5,1,5363.89,0,125.02,-0.73,51,1,5363.89,1247.16,0.1,-0.98,4,1,5363.89,74.59,1.68,-0.93,1,4,0,0,0,-1.98,0.53,2.2,107,9f440b6d-b2d5-43eb-9f24-a23f7a88ec07
TRUE,B0BT5472DR,B096HB8NZX,6 inch led recessed light,2,kw,11,1,23012.44,0,498.83,0,100,3.55,3468.83,2862.62,0,-0.98,10,1,23012.44,223.82,2.08,-0.96,1,9,0,0,0,-1.98,0.53,2.2,107,9f440b6d-b2d5-43eb-9f24-a23f7a88ec07
TRUE,B0BT5472DR,B096HB8NZX,6 led recessed light,2,kw,8,1,7206.31,0,187.97,0,87,1,7206.31,2174.62,0,-0.99,8,1,7206.31,174.07,0.97,-0.95,1,6,0,0,0,-1.98,0.53,2.2,107,9f440b6d-b2d5-43eb-9f24-a23f7a88ec07
TRUE,B0BT5472DR,B096HB8NZX,6 inch recessed lights,2,kw,10,1,6928.77,0,161.27,0,3,11.26,26.9,49.73,0,-1.92,9,1,6928.77,198.95,0.73,-0.95,1,12,0,0,0,-1.98,0.53,2.2,107,9f440b6d-b2d5-43eb-9f24-a23f7a88ec07
TRUE,B0BT5472DR,B096HB8NZX,6 recessed lighting led,2,kw,10,1,3933.02,0,77.25,0,2,8.11,37.48,24.86,0,-1.9,9,1,3933.02,198.95,0.3,-0.95,1,9,0,0,0,-1.98,0.53,2.2,107,9f440b6d-b2d5-43eb-9f24-a23f7a88ec07
TRUE,B0BT5472DR,B096HB8NZX,6 inch recessed lighting led,2,kw,6,1,3096.13,0,73.23,0,69,1.01,3051.95,1701.82,0,-0.98,6,1,3096.13,124.33,0.55,-0.95,1,5,0,0,0,-1.98,0.53,2.2,107,9f440b6d-b2d5-43eb-9f24-a23f7a88ec07
TRUE,B0BT5472DR,B096HB8NZX,6inch recessed led lights,2,kw,11,1,2458.48,0,54.94,-0.73,2,10.07,15.08,24.86,0,-1.95,9,1,2458.48,198.95,0.36,-0.96,1,11,0,0,0,-1.98,0.53,2.2,107,9f440b6d-b2d5-43eb-9f24-a23f7a88ec07
TRUE,B0BT5472DR,B096HB8NZX,led can lights 6 inch,2,kw,3,1,1572.77,0,39.83,-0.89,18,1,1572.77,422.93,0,-0.99,3,1,1572.77,49.73,0.81,-0.96,1,2,0,0,0,-1.98,0.53,2.2,107,9f440b6d-b2d5-43eb-9f24-a23f7a88ec07
TRUE,B0BT5472DR,B096HB8NZX,led recessed lights,2,kw,6,1,1355.01,0,35.66,-0.63,44,1,1355.01,1071.72,0,-1.61,5,1,1355.01,99.46,0.39,-1.56,1,5,0,0,0,-2.61,0.53,2.2,107,9f440b6d-b2d5-43eb-9f24-a23f7a88ec07
TRUE,B0BT5472DR,B096HB8NZX,6 inch led recessed lighting,2,kw,5,1,1187.67,0,30.95,-0.73,28,1,1187.67,672.1,0,-0.98,4,1,1187.67,74.59,0.42,-0.93,1,4,0,0,0,-1.97,0.53,2.2,107,9f440b6d-b2d5-43eb-9f24-a23f7a88ec07
TRUE,B0BT5472DR,B096HB8NZX,6 inch can lights,2,kw,5,1,1324.42,0,30.86,-0.73,100,2.01,479.15,2862.62,0,-0.98,5,1,1324.42,99.46,0.37,-0.95,1,7,0,0,0,-1.97,0.53,2.2,107,9f440b6d-b2d5-43eb-9f24-a23f7a88ec07
TRUE,B0BT5472DR,B096HB8NZX,recessed lights 6 inch,2,kw,7,1,1248.2,0,28.46,-0.51,100,2.95,248.56,2862.62,0,-1.96,7,1,1248.2,149.2,0.18,-1.44,1,8,0,0,0,-2.48,0.53,2.2,107,9f440b6d-b2d5-43eb-9f24-a23f7a88ec07
TRUE,B0BT5472DR,B096HB8NZX,6 inch led recessed light retrofit,2,kw,2,1,895.58,0,24.33,-1.45,19,1,895.58,447.84,0,-1.55,2,1,895.58,24.86,0.87,-1.51,1,2,0,0,0,-2.54,0.53,2.2,107,9f440b6d-b2d5-43eb-9f24-a23f7a88ec07
TRUE,B0BT5472DR,B096HB8NZX,led 6 inch recessed lighting,2,kw,5,1,843.12,0,21.62,0,65,1,843.12,1600.11,0,-0.98,5,1,843.12,99.46,0.2,-0.93,1,6,0,0,0,-1.97,0.53,2.2,107,9f440b6d-b2d5-43eb-9f24-a23f7a88ec07
TRUE,B0BT5472DR,B096HB8NZX,recess lights 6 inch,2,kw,13,1,928.82,0,19.57,-0.73,7,16.42,1.23,149.2,0,-1.97,13,1,928.82,298.47,0,-0.95,1,17,0,0,0,-1.96,0.53,2.2,107,9f440b6d-b2d5-43eb-9f24-a23f7a88ec07
FALSE,B0BT5472DR,B096HB8NZX,canless led recessed light 6 inch,2,kw,18,1,1047.72,0,19.11,-2.33,100,19.93,6.25,2862.62,0,-3.57,18,1,1047.72,422.93,0,-2.57,1,25,0,0,0,-3.58,0.53,2.2,107,9f440b6d-b2d5-43eb-9f24-a23f7a88ec07
TRUE,B0BT5472DR,B096HB8NZX,6 can lights led,2,kw,5,1,806.01,0,18.95,-0.83,100,1,806.01,2862.62,0,-0.98,5,1,806.01,99.46,0.19,-0.96,1,6,0,0,0,-1.97,0.53,2.2,107,9f440b6d-b2d5-43eb-9f24-a23f7a88ec07
TRUE,B0BT5472DR,B096HB8NZX,6 inch recessed led light,2,kw,8,1,749.81,0,18.93,0,65,1,749.81,1600.11,0,-0.98,6,1,749.81,124.33,0.2,-0.93,1,6,0,0,0,-1.97,0.53,2.2,107,9f440b6d-b2d5-43eb-9f24-a23f7a88ec07
FALSE,B0BT5472DR,B096HB8NZX,5/6 inch led recessed lighting,2,kw,6,1,763.5,0,17.77,-2.43,28,1,763.5,672.1,0,-2.58,6,1,763.5,124.33,0.18,-2.56,1,4,0,0,0,-3.57,0.53,2.2,107,9f440b6d-b2d5-43eb-9f24-a23f7a88ec07
TRUE,B0BT5472DR,B096HB8NZX,6 inch led lights recessed,2,kw,6,1.01,652.7,0,17.13,0,100,1,661.85,2862.62,0,-0.98,6,1,661.85,124.33,0.19,-0.93,1,6,0,0,0,-1.97,0.53,2.2,107,9f440b6d-b2d5-43eb-9f24-a23f7a88ec07
FALSE,B0BT5472DR,B096HB8NZX,5/6 inch led can lights retrofit recessed lighting,2,kw,3,1,751.12,0,16.77,-1.89,39,1,751.12,946.67,0,-1.98,3,1,751.12,49.73,0.36,-1.95,1,3,0,0,0,-2.98,0.53,2.2,107,9f440b6d-b2d5-43eb-9f24-a23f7a88ec07
TRUE,B0BT5472DR,B096HB8NZX,recessed led lights,2,kw,7,1,577.47,0,15.12,-0.62,83,1,577.47,2065.5,0,-1.59,6,1,577.47,124.33,0.2,-1.55,1,7,0,0,0,-2.58,0.53,2.2,107,9f440b6d-b2d5-43eb-9f24-a23f7a88ec07
TRUE,B0BT5472DR,B096HB8NZX,can lights 6 inch led,2,kw,4,1,622.96,0,15.06,0,57,1,622.96,1397.99,0,-0.98,4,1,622.96,74.59,0.19,-0.95,1,4,0,0,0,-1.97,0.53,2.2,107,9f440b6d-b2d5-43eb-9f24-a23f7a88ec07
TRUE,B0BT5472DR,B096HB8NZX,recess lights 6 inch led dimmable,2,kw,3,1,627.09,0,14.08,-0.73,33,1,627.09,796.83,0,-0.98,3,1,627.09,49.73,0.35,-0.95,1,3,0,0,0,-1.97,0.53,2.2,107,9f440b6d-b2d5-43eb-9f24-a23f7a88ec07
TRUE,B0BT5472DR,B096HB8NZX,6 inch led light,2,kw,8,1,412.89,0,10.73,-0.12,100,1.77,185.33,2862.62,0,-1.58,7,1,412.89,149.2,0,-1.08,1,8,0,0,0,-1.97,0.53,2.2,107,9f440b6d-b2d5-43eb-9f24-a23f7a88ec07
TRUE,B0BT5472DR,B096HB8NZX,led recessed lighting,2,kw,5,1,379.85,0,9.89,-0.92,58,1,379.85,1423.18,0,-1.17,5,1,379.85,99.46,0,-1.16,1,4,0,0,0,-1.98,0.53,2.2,107,9f440b6d-b2d5-43eb-9f24-a23f7a88ec07
TRUE,B0BT5472DR,B096HB8NZX,led recessed light,2,kw,8,1,204.52,0,4.97,-1.17,44,1.01,201.6,1071.72,0,-2.15,7,1,204.52,149.2,0,-2.1,1,5,0,0,0,-2.57,0.53,2.2,107,9f440b6d-b2d5-43eb-9f24-a23f7a88ec07
FALSE,B0BT5472DR,B096HB8NZX,led retrofit recessed light 6 inch,2,kw,1,1,0,0,0,-2.54,1,1,0,0,0,-2.55,1,1,0,0,0,-2.54,1,1,0,0,0,-2.54,0.53,2.2,107,9f440b6d-b2d5-43eb-9f24-a23f7a88ec07
FALSE,B0BT5472DR,B096HB8NZX,6 inch retrofit led recessed light,2,kw,1,1,0,0,0,-2.53,1,1,0,0,0,-2.57,1,1,0,0,0,-2.55,1,1,0,0,0,-2.56,0.53,2.2,107,9f440b6d-b2d5-43eb-9f24-a23f7a88ec07
FALSE,B0BT5472DR,B096HB8NZX,led recessed lighting 6 inch retrofit,2,kw,1,1,0,0,0,-1.98,1,1,0,0,0,-1.99,1,1,0,0,0,-1.98,1,1,0,0,0,-1.98,0.53,2.2,107,9f440b6d-b2d5-43eb-9f24-a23f7a88ec07
FALSE,B0BT5472DR,B096HB8NZX,retrofit led recessed lighting 6 inch,2,kw,1,1,0,0,0,-2.55,1,1,0,0,0,-2.56,1,1,0,0,0,-2.55,1,1,0,0,0,-2.55,0.53,2.2,107,9f440b6d-b2d5-43eb-9f24-a23f7a88ec07
FALSE,B0BT5472DR,B096HB8NZX,can lights for ceiling 6 inch,3,sr_rc,4,1,3636.64,0,74.09,-1.42,32,1.01,3576.44,771.87,0.11,-1.57,3,1.1,3089.65,49.73,1.31,-1.54,1,3,0,0,0,-2.58,0.53,2.1,107,9f440b6d-b2d5-43eb-9f24-a23f7a88ec07
FALSE,B0BT5472DR,B096HB8NZX,ceiling lights,3,sr_rc,100,61.24,52.59,0,0.01,-3.73,74,129.53,1.66,1829.91,0,-3.87,100,54.26,66.28,2862.62,0,-3.72,1,135,0,0,0,-3.86,0.53,2.1,107,9f440b6d-b2d5-43eb-9f24-a23f7a88ec07
FALSE,B0BT5472DR,B096HB8NZX,recessed light fixtures,4,sr_rc,7,1,11703.41,0,301.11,-0.71,71,1,11703.41,1752.91,0.06,-1.69,6,1,11703.41,124.33,2.31,-1.64,1,5,0,0,0,-2.69,0.53,2.2,107,9f440b6d-b2d5-43eb-9f24-a23f7a88ec07
FALSE,B0BT5472DR,B096HB8NZX,recessed lighting trims,5,sr_rc,7,1,1142.76,0,29.56,-1.7,69,1,1142.76,1701.82,0,-2.69,6,1.05,1064.71,124.33,0.19,-2.67,1,5,0,0,0,-3.68,0.53,2.1,107,9f440b6d-b2d5-43eb-9f24-a23f7a88ec07
FALSE,B0BT5472DR,B096HB8NZX,recessed light trim,5,sr_rc,14,1,813.25,0,21,-1.73,100,1.39,516.8,2862.62,0,-2.72,14,1,813.25,323.36,0,-2.71,1,8,0,0,0,-3.72,0.53,2.1,107,9f440b6d-b2d5-43eb-9f24-a23f7a88ec07
FALSE,B0BT5472DR,B096HB8NZX,led retrofit can lights,6,sr_rc,1,1,0,0,0,-1.94,1,1,0,0,0,-1.98,1,1,0,0,0,-1.96,1,1,0,0,0,-1.97,0.53,2.2,107,9f440b6d-b2d5-43eb-9f24-a23f7a88ec07
FALSE,B0BT5472DR,B096HB8NZX,led can lights retrofit recessed lighting,6,sr_rc,1,1,0,0,0,-1.96,1,1,0,0,0,-1.98,1,1,0,0,0,-1.97,1,1,0,0,0,-1.98,0.53,2.2,107,9f440b6d-b2d5-43eb-9f24-a23f7a88ec07
FALSE,B0BT5472DR,B096HB8NZX,6 retrofit led recessed light,6,sr_rc,3,1,760.77,0,19.4,-1.53,39,1,760.77,946.67,0,-1.62,3,1,760.77,49.73,0.41,-1.6,1,3,0,0,0,-2.62,0.53,2.2,107,9f440b6d-b2d5-43eb-9f24-a23f7a88ec07
FALSE,B0BT5472DR,B096HB8NZX,6 led can light retrofit,6,sr_rc,1,1,0,0,0,-1.97,1,1,0,0,0,-1.99,1,1,0,0,0,-1.98,1,1,0,0,0,-1.98,0.53,2.2,107,9f440b6d-b2d5-43eb-9f24-a23f7a88ec07
FALSE,B0BT5472DR,B096HB8NZX,6 recessed lighting led retrofit,6,sr_rc,1,1,0,0,0,-2.57,1,1,0,0,0,-2.59,1,1,0,0,0,-2.58,1,1,0,0,0,-2.59,0.53,2.2,107,9f440b6d-b2d5-43eb-9f24-a23f7a88ec07
FALSE,B0BT5472DR,B096HB8NZX,retrofit led recessed lighting,6,sr_rc,3,1,454.81,0,10.68,-1.44,62,1,454.81,1524.15,0,-1.59,3,1,454.81,49.73,0.19,-1.57,1,4,0,0,0,-2.56,0.53,2.2,107,9f440b6d-b2d5-43eb-9f24-a23f7a88ec07
FALSE,B0BT5472DR,B096HB8NZX,6 led recessed light dimmable,7,sr_rc,6,1,1528.2,0,36.17,0,65,1,1528.2,1600.11,0,-0.98,6,1,1528.2,124.33,0.37,-0.95,1,6,0,0,0,-1.97,0.53,2.1,107,9f440b6d-b2d5-43eb-9f24-a23f7a88ec07
FALSE,B0BT5472DR,B096HB8NZX,high hat lights,8,sr_rc,16,1,284.4,0,5.88,-1.39,100,10.78,4.21,2862.62,0,-2.97,15,1,284.4,348.25,0,-2.36,1,14,0,0,0,-2.98,0.53,2.2,107,9f440b6d-b2d5-43eb-9f24-a23f7a88ec07
FALSE,B0BT5472DR,B096HB8NZX,recessed lighting bulbs,9,sr_rc,29,1,1210.31,0,20.19,-2.59,73,18.86,8.16,1804.19,0,-3.73,27,1,1210.31,647.16,0,-2.75,1,24,0,0,0,-3.75,0.53,2.1,107,9f440b6d-b2d5-43eb-9f24-a23f7a88ec07
FALSE,B0BT5472DR,B096HB8NZX,can light bulbs,9,sr_rc,19,1,8713.84,0,134.3,-2.52,100,12.86,88.27,2862.62,0,-3.49,19,1,8713.84,447.84,0.24,-2.65,1,16,0,0,0,-3.68,0.53,2.1,107,9f440b6d-b2d5-43eb-9f24-a23f7a88ec07
FALSE,B0BT5472DR,B096HB8NZX,recess lights,9,sr_rc,8,1,1847.07,0,47.01,-0.69,100,4.24,222.49,2862.62,0,-2.19,8,1,1847.07,174.07,0.19,-1.62,1,11,0,0,0,-2.66,0.53,2.1,107,9f440b6d-b2d5-43eb-9f24-a23f7a88ec07
FALSE,B0BT5472DR,B096HB8NZX,recessed lighting,9,sr_rc,8,1,17021.79,0,303.46,-0.6,100,2.41,4890.48,2862.62,0,-1.59,7,1,17021.79,149.2,1.92,-1.55,1,9,0,0,0,-2.58,0.53,2.1,107,9f440b6d-b2d5-43eb-9f24-a23f7a88ec07
FALSE,B0BT5472DR,B096HB8NZX,led recessed light bulb,9,sr_rc,12,1,1416.16,0,27.08,-2.61,100,5.31,101.78,2862.62,0,-3.55,11,1,1416.16,248.7,0.15,-2.73,1,10,0,0,0,-3.77,0.53,2.1,107,9f440b6d-b2d5-43eb-9f24-a23f7a88ec07
FALSE,B0BT5472DR,B096HB8NZX,recessed can lights,9,sr_rc,2,1.16,278.41,0,6.24,-1.29,3,2.02,78.1,49.73,0,-1.81,2,1,360.06,24.86,0.36,-1.18,1,3,0,0,0,-1.98,0.53,2.1,107,9f440b6d-b2d5-43eb-9f24-a23f7a88ec07
FALSE,B0BT5472DR,B096HB8NZX,recessed lights,9,sr_rc,8,1,5576.24,0,118.8,-0.76,100,2.24,1792.09,2862.62,0,-1.74,7,1,5576.24,149.2,0.83,-1.69,1,9,0,0,0,-2.74,0.53,2.1,107,9f440b6d-b2d5-43eb-9f24-a23f7a88ec07
FALSE,B0BT5472DR,B096HB8NZX,led kitchen ceiling light,10,sr_rc,100,27.63,15.35,0,0,-1.57,46,72.2,0.4,1121.8,0,-2.57,100,20.75,24.55,2862.62,0,-2.48,1,76,0,0,0,-2.56,0.53,2.2,107,9f440b6d-b2d5-43eb-9f24-a23f7a88ec07
FALSE,B0BT5472DR,B096HB8NZX,led lights for ceiling,10,sr_rc,46,1,448.44,0,5.67,-2.6,7,30.68,0.08,149.2,0,-3.8,45,1,448.44,1096.76,0,-2.82,1,31,0,0,0,-3.79,0.53,2.2,107,9f440b6d-b2d5-43eb-9f24-a23f7a88ec07
FALSE,B0BT5472DR,B096HB8NZX,ceiling led lights,10,sr_rc,33,1,5253.76,0,83.79,-2.61,5,17.76,2.46,99.46,0,-3.86,32,1,5253.76,771.87,0.13,-2.81,1,18,0,0,0,-3.85,0.53,2.2,107,9f440b6d-b2d5-43eb-9f24-a23f7a88ec07
FALSE,B0BT5472DR,B096HB8NZX,ceiling led light,10,sr_rc,79,1,363.16,0,1.97,-2.05,7,47.7,0.02,149.2,0,-3.78,75,1,363.16,1855.7,0,-2.87,1,48,0,0,0,-3.74,0.53,2.2,107,9f440b6d-b2d5-43eb-9f24-a23f7a88ec07
FALSE,B0BT5472DR,B096HB8NZX,led ceiling light,10,sr_rc,88,1,9869.58,0,30.06,-2.6,100,48.31,10.14,2862.62,0,-3.83,82,1,9869.58,2038.81,0.04,-2.83,1,54,0,0,0,-3.84,0.53,2.2,107,9f440b6d-b2d5-43eb-9f24-a23f7a88ec07
FALSE,B0BT5472DR,B096HB8NZX,led ceiling lights,10,sr_rc,46,1,2109.07,0,25.79,-1.89,5,31.78,0.24,99.46,0,-3.87,44,1,2109.07,1071.72,0,-2.85,1,32,0,0,0,-3.86,0.53,2.2,107,9f440b6d-b2d5-43eb-9f24-a23f7a88ec07
FALSE,B0BT5472DR,B096HB8NZX,7 inch recessed led light,11,sr_rc,100,6.51,60.22,0,0.01,-2.79,15,68.1,0.05,348.25,0,-2.98,100,1.41,426.72,2862.62,0,-2.06,1,69,0,0,0,-2.98,0.53,2.1,107,9f440b6d-b2d5-43eb-9f24-a23f7a88ec07
FALSE,B0BT5472DR,B096HB8NZX,7 inch led recessed lighting,11,sr_rc,62,1,807.01,0,7.65,-1.73,100,49.02,0.71,2862.62,0,-2.98,54,1,807.01,1322.51,0,-1.97,1,54,0,0,0,-2.98,0.53,2.1,107,9f440b6d-b2d5-43eb-9f24-a23f7a88ec07
FALSE,B0BT5472DR,B096HB8NZX,can light conversion kit,12,sr_rc,9,1,2658.86,0,53.07,-1.6,100,2.52,712.57,2862.62,0,-2.58,9,1,2658.86,198.95,0.31,-2.55,1,9,0,0,0,-3.58,0.53,2.2,107,9f440b6d-b2d5-43eb-9f24-a23f7a88ec07
FALSE,B0BT5472DR,B096HB8NZX,recessed light conversion kit,12,sr_rc,35,1,2081,0,27.41,-2.56,100,26.05,4.5,2862.62,0,-3.7,35,1,2081,846.75,0,-2.69,1,29,0,0,0,-3.7,0.53,2.2,107,9f440b6d-b2d5-43eb-9f24-a23f7a88ec07
FALSE,B0BT5472DR,B096HB8NZX,can light conversion kit to pendant,12,sr_rc,100,19.15,50.74,0,0.01,-3.19,100,62.06,0.84,2862.62,0,-3.54,100,16.22,65.69,2862.62,0,-3.36,1,65,0,0,0,-3.53,0.53,2.2,107,9f440b6d-b2d5-43eb-9f24-a23f7a88ec07
FALSE,B0BT5472DR,B096HB8NZX,retro fit 6 inch led can lights,13,sr_rc,3,1,941.32,0,24.18,-0.89,38,1,941.32,921.68,0,-0.99,3,1,941.32,49.73,0.41,-0.95,1,3,0,0,0,-1.98,0.53,2.1,107,9f440b6d-b2d5-43eb-9f24-a23f7a88ec07
FALSE,B0BT5472DR,B096HB8NZX,luces led para cuartos para el techo,14,sr_rc,100,22.73,27.81,0,0.01,-1.94,8,83.55,0.05,174.07,0,-2.97,100,19.3,35.65,2862.62,0,-2.85,1,84,0,0,0,-2.96,0.53,2.2,107,9f440b6d-b2d5-43eb-9f24-a23f7a88ec07
FALSE,B0BT5472DR,B096HB8NZX,luces led,15,sr_rc,16,142.53,5.93,0,0.16,-2.72,36,151.54,1.83,871.72,0,-2.97,100,92.63,45.6,2862.62,0,-2.83,1,156,0,0,0,-2.96,0.53,2.1,107,9f440b6d-b2d5-43eb-9f24-a23f7a88ec07
FALSE,B0BT5472DR,B096HB8NZX,recessed led ceiling light,16,sr_rc,10,1,651.83,0,14.96,-0.77,53,1,651.83,1297.38,0,-1.76,9,1,651.83,198.95,0,-1.75,1,4,0,0,0,-2.75,0.53,2.2,107,9f440b6d-b2d5-43eb-9f24-a23f7a88ec07
FALSE,B0BT5472DR,B096HB8NZX,recessed ceiling lights,16,sr_rc,21,1,883.43,0,17.55,-1.71,100,6.68,44.71,2862.62,0,-2.76,19,1,883.43,447.84,0,-1.85,1,12,0,0,0,-2.86,0.53,2.2,107,9f440b6d-b2d5-43eb-9f24-a23f7a88ec07
FALSE,B0BT5472DR,B096HB8NZX,recessed light cover,17,sr_rc,100,20.02,21.82,0,0.01,-3.51,100,57.53,0.95,2862.62,0,-3.59,100,13.55,39.73,2862.62,0,-3.5,1,64,0,0,0,-3.58,0.53,2.1,107,9f440b6d-b2d5-43eb-9f24-a23f7a88ec07
TRUE,B0BT5472DR,B096HB8NZX,recessed lighting 6 inch retrofit,18,sr_rc,2,1,577.62,0,14.53,-1.5,18,1.02,553.25,422.93,0,-1.6,2,1,577.62,24.86,0.61,-1.57,1,2,0,0,0,-2.59,0.53,2.2,107,9f440b6d-b2d5-43eb-9f24-a23f7a88ec07
FALSE,B0BT5472DR,B096HB8NZX,led light fixtures ceiling mount,19,sr_rc,100,141.91,0.89,0,0,-2.4,35,181.16,0.05,846.75,0,-2.63,100,135.57,1.08,2862.62,0,-2.55,1,184,0,0,0,-2.6,0.53,2.1,107,9f440b6d-b2d5-43eb-9f24-a23f7a88ec07
TRUE,B09K2SK1QX,B09FC1NC29,par20 led bulbs,1,kw,3,1.05,1341.16,0,81.52,-0.83,48,1.01,1432.46,96.78,0.5,-0.98,3,1,1456.57,4.08,17.22,-0.93,1,3,0,0,0,-1.99,0.53,1.1,107,9f440b6d-b2d5-43eb-9f24-a23f7a88ec07
TRUE,B09K2SK1QX,B09FC1NC29,par 20 led bulbs,1,kw,4,1,1095.75,0,64.29,-0.73,92,1,1095.75,202.21,0.03,-0.98,3,1.2,824.48,4.08,9.39,-0.93,1,4,0,0,0,-1.99,0.53,1.1,107,9f440b6d-b2d5-43eb-9f24-a23f7a88ec07
FALSE,B0CGG165FG,B0BTMP2TMR,closet light fixture,1,kw,74,1,2281.28,0,24.93,-1,96,1,2281.28,119.1,0.03,-1.89,49,1,2281.28,57.78,0.71,-1.75,1,42,0,0,0,-2.94,0.52,2.1,107,9f440b6d-b2d5-43eb-9f24-a23f7a88ec07
FALSE,B0CGG165FG,B0BTMP2TMR,closet ceiling light,2,kw,13,1.03,500.77,0,19.57,-1,71,1,520.16,84.62,0.06,-1.89,13,1,520.16,14.41,1.19,-1.75,1,18,0,0,0,-2.94,0.52,2.2,107,9f440b6d-b2d5-43eb-9f24-a23f7a88ec07
FALSE,B0CGG165FG,B0BTMP2TMR,bathroom light ceiling,3,sr_rc,5,1,322.67,0,13.29,-1,23,1,322.67,26.43,0.43,-1.89,4,1,322.67,3.6,2.7,-1.75,1,5,0,0,0,-2.94,0.52,2.1,107,9f440b6d-b2d5-43eb-9f24-a23f7a88ec07
FALSE,B0CGG165FG,B0BTMP2TMR,ceiling lights,3,sr_rc,22,89.02,10.87,0,0.27,-2.85,100,71.42,20.48,138.49,0,-2.91,97,1,8269.2,121.43,0.09,-1.95,1,127,0,0,0,-2.98,0.52,2.1,107,9f440b6d-b2d5-43eb-9f24-a23f7a88ec07
FALSE,B0CGG165FG,B0BTMP2TMR,flush mount led ceiling light,4,sr_rc,86,66.13,2.83,0,0.03,-1.82,99,79.53,1.77,128.85,0,-1.96,100,18.56,22.95,138.49,0,-1.85,1,125,0,0,0,-1.96,0.52,2.2,107,9f440b6d-b2d5-43eb-9f24-a23f7a88ec07
FALSE,B0CGG165FG,B0BTMP2TMR,led flush mount ceiling light,4,sr_rc,75,67.55,4.14,0,0.05,-1.87,99,78.34,2.85,128.85,0,-1.97,100,17.26,38.6,138.49,0,-1.83,1,126,0,0,0,-1.97,0.52,2.2,107,9f440b6d-b2d5-43eb-9f24-a23f7a88ec07
FALSE,B0CGG165FG,B0BTMP2TMR,led ceiling light flush mount,4,sr_rc,80,49.22,8.03,0,0.07,-1.91,99,60.47,5.07,128.85,0,-1.96,100,1.1,1501.49,138.49,0,-0.97,1,106,0,0,0,-1.98,0.52,2.2,107,9f440b6d-b2d5-43eb-9f24-a23f7a88ec07
FALSE,B0CGG165FG,B0BTMP2TMR,led lights for bathroom,5,sr_rc,100,118,2.97,0,0,-2.39,100,138.67,1.61,138.49,0,-2.63,100,79.67,7.71,138.49,0,-2.59,1,177,0,0,0,-2.63,0.52,2.1,107,9f440b6d-b2d5-43eb-9f24-a23f7a88ec07
FALSE,B0CGG165FG,B0BTMP2TMR,led light fixtures ceiling mount,6,sr_rc,95,3.42,191.1,0,0.51,-0.29,100,21.59,15.05,138.49,0,-1.91,65,1,905.16,77.24,0.14,-0.75,1,70,0,0,0,-1.96,0.52,2.2,107,9f440b6d-b2d5-43eb-9f24-a23f7a88ec07
FALSE,B0CGG165FG,B0BTMP2TMR,black flush mount ceiling light,7,sr_rc,68,118.36,1.15,0,0,-1,98,118.06,1.16,124.4,0,-1.94,97,67.01,4.51,121.43,0,-1.73,1,168,0,0,0,-1.89,0.52,2.1,107,9f440b6d-b2d5-43eb-9f24-a23f7a88ec07
TRUE,B0D9BYKV2G,B096H8F6RT,can lights,1,kw,21,1,49707.06,0,513.95,0,99,5.36,5159.88,897.8,0,-0.99,18,1,49707.06,144.16,3.5,-0.95,1,22,0,0,0,-1.99,0.5,1.1,107,9f440b6d-b2d5-43eb-9f24-a23f7a88ec07
TRUE,B0D9BYKV2G,B096H8F6RT,can light,1,kw,21,1,3140.1,0,32.26,-0.68,95,9,145.06,822.41,0,-2.5,18,1,3140.1,144.16,0.15,-1.65,1,24,0,0,0,-2.67,0.5,1.1,107,9f440b6d-b2d5-43eb-9f24-a23f7a88ec07
TRUE,B0D9BYKV2G,B096H8F6RT,retrofit led recessed lighting 4 inch,2,kw,3,1,1260.81,0,20.34,0,17,1,1260.81,135.67,0.19,-0.98,3,1,1260.81,16.95,1.1,-0.95,1,3,0,0,0,-1.99,0.5,1.2,107,9f440b6d-b2d5-43eb-9f24-a23f7a88ec07
TRUE,B0D9BYKV2G,B096H8F6RT,4 inch led recessed lights,2,kw,10,1,18718.13,0,237.95,0,71,1,18718.13,596.93,0.11,-0.98,9,1,18718.13,67.81,3.13,-0.96,1,8,0,0,0,-1.99,0.5,1.2,107,9f440b6d-b2d5-43eb-9f24-a23f7a88ec07
TRUE,B0D9BYKV2G,B096H8F6RT,4 led recessed light,2,kw,14,1,6596.83,0,87.38,0,69,1,6596.83,579.58,0.07,-0.98,12,1,6596.83,93.26,0.93,-0.93,1,8,0,0,0,-1.99,0.5,1.2,107,9f440b6d-b2d5-43eb-9f24-a23f7a88ec07
TRUE,B0D9BYKV2G,B096H8F6RT,4 recessed lighting led,2,kw,13,1,4877.23,0,67.87,0,69,1.01,4812.1,579.58,0.07,-0.98,12,1,4877.23,93.26,0.58,-0.93,1,8,0,0,0,-1.99,0.5,1.2,107,9f440b6d-b2d5-43eb-9f24-a23f7a88ec07
TRUE,B0D9BYKV2G,B096H8F6RT,4 inch recessed lights,2,kw,7,1,4987.24,0,70.82,0,73,1,4987.24,614.34,0.06,-0.98,7,1,4987.24,50.86,1.16,-0.93,1,8,0,0,0,-1.99,0.5,1.2,107,9f440b6d-b2d5-43eb-9f24-a23f7a88ec07
TRUE,B0D9BYKV2G,B096H8F6RT,4inch led recessed lighting,2,kw,12,1,3891.75,0,49.77,0,100,1.93,1596.21,956.78,0,-0.99,11,1,3891.75,84.77,0.55,-0.93,1,11,0,0,0,-1.99,0.5,1.2,107,9f440b6d-b2d5-43eb-9f24-a23f7a88ec07
TRUE,B0D9BYKV2G,B096H8F6RT,4 inch recessed lighting led,2,kw,20,1,3239.14,0,35.19,-0.73,100,4.77,352.92,956.78,0,-1.58,17,1,3239.14,135.67,0.33,-0.95,1,14,0,0,0,-1.99,0.5,1.2,107,9f440b6d-b2d5-43eb-9f24-a23f7a88ec07
TRUE,B0D9BYKV2G,B096H8F6RT,led recessed lighting 4 inch,2,kw,15,1,2400.09,0,31.78,0,100,3.97,345.04,956.78,0,-1.59,14,1,2400.09,110.22,0.18,-0.93,1,13,0,0,0,-1.99,0.5,1.2,107,9f440b6d-b2d5-43eb-9f24-a23f7a88ec07
TRUE,B0D9BYKV2G,B096H8F6RT,4 inch led recessed light,2,kw,14,1,1831.46,0,23.82,0,81,1,1831.46,684.84,0,-0.99,12,1,1831.46,93.26,0.18,-0.95,1,9,0,0,0,-1.99,0.5,1.2,107,9f440b6d-b2d5-43eb-9f24-a23f7a88ec07
TRUE,B0D9BYKV2G,B096H8F6RT,4 inch led recessed lights retrofit,2,kw,4,1,1534.64,0,23.17,0,28,1,1534.64,229.06,0,-0.99,3,1,1534.64,16.95,1.25,-0.95,1,4,0,0,0,-1.99,0.5,1.2,107,9f440b6d-b2d5-43eb-9f24-a23f7a88ec07
TRUE,B0D9BYKV2G,B096H8F6RT,recessed lights 4 inch,2,kw,8,1,1641.58,0,22.82,0,97,1,1641.58,850.86,0,-0.99,7,1,1641.58,50.86,0.38,-0.93,1,10,0,0,0,-1.99,0.5,1.2,107,9f440b6d-b2d5-43eb-9f24-a23f7a88ec07
TRUE,B0D9BYKV2G,B096H8F6RT,can lights 4 inch,2,kw,11,1,1230.05,0,17.16,-0.53,92,1,1230.05,788.55,0,-1.52,9,1,1230.05,67.81,0.19,-1.48,1,10,0,0,0,-2.52,0.5,1.2,107,9f440b6d-b2d5-43eb-9f24-a23f7a88ec07
TRUE,B0D9BYKV2G,B096H8F6RT,4 inch can lights,2,kw,7,1,1150.93,0,16.52,-0.73,58,1,1150.93,484.85,0,-1.72,6,1,1150.93,42.38,0.4,-1.69,1,7,0,0,0,-2.72,0.5,1.2,107,9f440b6d-b2d5-43eb-9f24-a23f7a88ec07
FALSE,B0D9BYKV2G,B096H8F6RT,can light conversion kit,3,sr_rc,42,1,5158.28,0,40.46,-0.83,40,29.55,7.19,331.12,0,-1.98,38,1,5158.28,314.1,0.12,-0.97,1,32,0,0,0,-1.99,0.5,1.1,107,9f440b6d-b2d5-43eb-9f24-a23f7a88ec07
FALSE,B0D9BYKV2G,B096H8F6RT,can light conversion kit to pendant,3,sr_rc,100,6.99,392.23,0,0.06,-1.54,100,49.36,8.49,956.78,0,-2.98,91,1,4748.46,778.28,0,-1.99,1,61,0,0,0,-2.99,0.5,1.1,107,9f440b6d-b2d5-43eb-9f24-a23f7a88ec07
FALSE,B0D9BYKV2G,B096H8F6RT,recessed light conversion kit,3,sr_rc,17,1,3773.68,0,47.45,0,100,3.53,690.6,956.78,0,-1.19,15,1,3773.68,118.7,0.35,-0.95,1,17,0,0,0,-1.99,0.5,1.1,107,9f440b6d-b2d5-43eb-9f24-a23f7a88ec07
FALSE,B0D9BYKV2G,B096H8F6RT,black recessed lights,4,sr_rc,37,92.88,2.28,0,0,-2.98,9,126.74,0.01,67.81,0,-2.99,37,92.14,2.35,305.59,0,-2.99,1,127,0,0,0,-2.99,0.5,1.2,107,9f440b6d-b2d5-43eb-9f24-a23f7a88ec07
FALSE,B0D9BYKV2G,B096H8F6RT,4 inch led recessed lights color changing,5,sr_rc,52,1,495.15,0,3.6,-1.42,8,37.98,0.17,59.34,0,-2.99,44,1,495.15,365.2,0,-2.41,1,39,0,0,0,-2.99,0.5,1.1,107,9f440b6d-b2d5-43eb-9f24-a23f7a88ec07
FALSE,B0DZF63BSW,B09YCP63Z5,6 led recessed light,1,kw,30,1,14456.48,0,170.99,0,78,1,14456.48,126.74,0.44,-0.96,24,1,14456.48,37.48,4.74,-0.93,1,30,0,0,0,-1.99,0.5,2.1,107,9f440b6d-b2d5-43eb-9f24-a23f7a88ec07
FALSE,B0DZF63BSW,B09YCP63Z5,5/6 inch led can lights retrofit recessed lighting,1,kw,12,1,1776.09,0,21.84,-2.35,72,1,1776.09,116.54,0.06,-2.59,11,1,1776.09,16.28,1.25,-2.55,1,17,0,0,0,-3.61,0.5,2.1,107,9f440b6d-b2d5-43eb-9f24-a23f7a88ec07
TRUE,B0DL6PK3WZ,B0CYV56TW4,farmhouse ceiling light,1,kw,6,1,1745.84,0,53.07,0,16,1,1745.84,88.69,0.5,-0.89,5,1,1745.84,23.65,2.12,-0.75,1,5,0,0,0,-1.94,0.5,1.1,107,9f440b6d-b2d5-43eb-9f24-a23f7a88ec07
TRUE,B0C5JZ9M43,B07572VBWQ,par20 led bulbs,1,kw,3,1,1758.89,0,68.29,-0.89,11,1.02,1684.68,170.84,0.34,-0.99,2,1.15,1272.41,17.08,2.82,-0.97,1,2,0,0,0,-1.99,0.48,2.1,107,9f440b6d-b2d5-43eb-9f24-a23f7a88ec07
TRUE,B0C5JZ9M43,B07572VBWQ,par 20 led bulbs,1,kw,3,1,1200.21,0,45.04,-0.89,25,1.01,1174.61,410.25,0.14,-0.98,3,1,1200.21,34.16,1.26,-0.97,1,2,0,0,0,-1.99,0.48,2.1,107,9f440b6d-b2d5-43eb-9f24-a23f7a88ec07
FALSE,B0C5JZ9M43,B07572VBWQ,r20 led bulb,2,kw,53,1,2122.57,0,38.22,-1,20,40.76,1.35,324.71,0,-2.99,48,1,2122.57,804.58,0.09,-1.93,1,43,0,0,0,-2.99,0.48,2.2,107,9f440b6d-b2d5-43eb-9f24-a23f7a88ec07
FALSE,B0C5JZ9M43,B07572VBWQ,br20 led bulb,3,sr_rc,78,1,1402.11,0,10.89,-3.02,23,61.5,0.24,376.03,0,-4.18,69,1,1402.11,1167.46,0,-3.18,1,63,0,0,0,-4.18,0.48,2.1,107,9f440b6d-b2d5-43eb-9f24-a23f7a88ec07
FALSE,B0C5JZ9M43,B07572VBWQ,spot light bulb,4,sr_rc,21,1,766.4,0,26.41,-0.73,97,5.6,71.45,1707.95,0,-1.73,18,1,766.4,290.51,0.17,-0.97,1,19,0,0,0,-1.99,0.48,2.2,107,9f440b6d-b2d5-43eb-9f24-a23f7a88ec07
TRUE,B0F1DMTPVB,B081C2GVCX,par20 led bulbs,1,kw,8,1,1680.4,0,111.04,0,39,1,1680.4,133.49,0.47,-0.99,8,1,1680.4,24.55,3.88,-0.97,1,7,0,0,0,-1.99,0.48,1.1,107,9f440b6d-b2d5-43eb-9f24-a23f7a88ec07
TRUE,B0F1DMTPVB,B081C2GVCX,par 20 led bulbs,1,kw,12,1,1220.64,0,74.33,0,94,1,1220.64,334.99,0.01,-0.99,11,1,1220.64,35.08,1.96,-0.96,1,17,0,0,0,-1.99,0.48,1.1,107,9f440b6d-b2d5-43eb-9f24-a23f7a88ec07
FALSE,B0DXJKL9C8,B0B529BR4J,led shop lights,1,kw,28,1,174512.46,0,428.35,-0.85,29,27.48,292.27,64.17,0,-2.74,24,1,174512.46,52.67,7.75,-1.6,1,30,0,0,0,-2.84,0.48,2.1,107,9f440b6d-b2d5-43eb-9f24-a23f7a88ec07
FALSE,B0DXJKL9C8,B0B529BR4J,led shop light,1,kw,61,1,42617.88,0,61.49,-0.79,29,54.41,16.39,64.17,0,-2.78,57,1,42617.88,129.42,0.47,-1.72,1,57,0,0,0,-2.78,0.48,2.1,107,9f440b6d-b2d5-43eb-9f24-a23f7a88ec07
TRUE,B0DXJKL9C8,B0B529BR4J,shop led lights,1,kw,20,1,8686.86,0,27.12,-0.7,29,22.65,20.78,64.17,0,-2.68,19,1,8686.86,41.18,0.6,-1.52,1,25,0,0,0,-2.69,0.48,2.1,107,9f440b6d-b2d5-43eb-9f24-a23f7a88ec07
TRUE,B0DXJKL9C8,B0B529BR4J,highbay led shop lights,1,kw,4,1,1170.24,0,4.04,-1.68,100,1.66,503.14,336.4,0,-2.89,4,1,1170.24,6.85,0.5,-2.59,1,4,0,0,0,-3.06,0.48,2.1,107,9f440b6d-b2d5-43eb-9f24-a23f7a88ec07
TRUE,B0DXJKL9C8,B0B529BR4J,high bay lights,2,kw,3,1,7779.82,0,27.32,-0.83,43,1,7779.82,96.57,0.21,-0.98,3,1,7779.82,4.57,4.87,-0.93,1,3,0,0,0,-1.99,0.48,2.2,107,9f440b6d-b2d5-43eb-9f24-a23f7a88ec07
TRUE,B0DXJKL9C8,B0B529BR4J,high bay led,2,kw,5,1,1407.95,0,4.91,-1.36,18,1,1407.95,38.89,0.15,-1.5,4,1.04,1317.74,6.85,0.55,-1.49,1,3,0,0,0,-1.99,0.48,2.2,107,9f440b6d-b2d5-43eb-9f24-a23f7a88ec07
TRUE,B0DXJKL9C8,B0B529BR4J,led high bay lights,2,kw,3,1,5500.92,0,15.94,-0.73,34,1,5500.92,75.71,0.1,-0.97,3,1,5500.92,4.57,2.78,-0.93,1,2,0,0,0,-1.99,0.48,2.2,107,9f440b6d-b2d5-43eb-9f24-a23f7a88ec07
TRUE,B0DXJKL9C8,B0B529BR4J,high bay led shop lights,2,kw,3,1,12646.45,0,39.57,-0.62,90,1,12646.45,216.34,0.02,-1.6,3,1,12646.45,4.57,6.77,-1.55,1,3,0,0,0,-2.61,0.48,2.2,107,9f440b6d-b2d5-43eb-9f24-a23f7a88ec07
TRUE,B0DXJKL9C8,B0B529BR4J,high bay led lights,2,kw,3,1,2407.48,0,7.11,-0.93,42,1.01,2356.13,94.25,0,-1.21,3,1,2407.48,4.57,1.21,-1.11,1,2,0,0,0,-1.99,0.48,2.2,107,9f440b6d-b2d5-43eb-9f24-a23f7a88ec07
FALSE,B0DXJKL9C8,B0B529BR4J,plug in shop light,3,sr_rc,70,1,4815.72,0,6.12,-0.55,47,39.53,4.89,101.07,0,-2.54,64,1,4815.72,139.54,0.07,-1.3,1,43,0,0,0,-2.54,0.48,2.1,107,9f440b6d-b2d5-43eb-9f24-a23f7a88ec07
FALSE,B0DXJKL9C8,B0B529BR4J,garage ceiling lights,4,sr_rc,100,29.97,104.35,0,0,-3.82,21,82.17,2.77,45.77,0,-3.89,100,18.56,220.64,336.4,0,-3.82,1,87,0,0,0,-3.89,0.48,2.2,107,9f440b6d-b2d5-43eb-9f24-a23f7a88ec07
FALSE,B0DXJKL9C8,B0B529BR4J,led ufo high bay light,5,sr_rc,1,1,0,0,0,-1.99,1,1,0,0,0,-1.99,1,1,0,0,0,-1.99,1,1,0,0,0,-1.99,0.48,2.1,107,9f440b6d-b2d5-43eb-9f24-a23f7a88ec07
FALSE,B0DXJKL9C8,B0B529BR4J,ufo led high bay light,5,sr_rc,1,1,0,0,0,-1.99,1,1,0,0,0,-1.99,1,1,0,0,0,-1.99,1,1,0,0,0,-1.99,0.48,2.1,107,9f440b6d-b2d5-43eb-9f24-a23f7a88ec07
FALSE,B0DXJKL9C8,B0B529BR4J,commercial bay lighting,6,sr_rc,3,1.08,2969.2,0,11.25,-0.01,64,1,3384.97,146.16,0,-0.99,3,1.02,3274.13,4.57,2.08,-0.91,1,3,0,0,0,-1.99,0.48,2.2,107,9f440b6d-b2d5-43eb-9f24-a23f7a88ec07
FALSE,B0DXJKL9C8,B0B529BR4J,shop lights for garage led super bright,7,sr_rc,51,1,17058.85,0,28.01,-1.86,21,28.78,23.01,43.67,0,-3.84,47,1,17058.85,101.07,0.26,-2.68,1,31,0,0,0,-3.85,0.48,2.1,107,9f440b6d-b2d5-43eb-9f24-a23f7a88ec07
TRUE,B0DGYYTCL5,B0CGFYCQ9M,led flood light outdoor bulb,1,kw,20,1,2364.86,0,42.13,-0.83,65,1,2364.86,66.02,0.27,-0.98,17,1,2364.86,16.24,2.52,-0.95,1,15,0,0,0,-1.99,0.48,1.1,107,9f440b6d-b2d5-43eb-9f24-a23f7a88ec07
FALSE,B0DGYYTCL5,B0CGFYCQ9M,flood light bulb,1,kw,27,1,2846.7,0,45.2,-0.83,73,1,2846.7,74.8,0.21,-0.96,22,1,2846.7,21.34,2.18,-0.93,1,22,0,0,0,-1.99,0.48,1.1,107,9f440b6d-b2d5-43eb-9f24-a23f7a88ec07
FALSE,B0DGYYTCL5,B0CGFYCQ9M,outdoor led flood lights waterproof,2,kw,62,1.14,1585.04,0,12.2,-0.89,97,38.95,3.2,113.83,0,-1.98,59,1,1869.99,59.61,0.28,-0.97,1,45,0,0,0,-1.99,0.48,1.2,107,9f440b6d-b2d5-43eb-9f24-a23f7a88ec07
FALSE,B0DLXXRTSL,B081QNWMLK,edison bulbs,1,kw,26,1,27185.75,0,726.51,-0.8,70,15.24,488.34,537.51,0,-1.79,23,1,27185.75,169.59,4.04,-1.73,1,28,0,0,0,-2.79,0.46,2.1,107,9f440b6d-b2d5-43eb-9f24-a23f7a88ec07
FALSE,B0DLXXRTSL,B081QNWMLK,edison light bulb,1,kw,26,1,7386.77,0,200.28,-0.67,88,8.42,367.69,691.31,0,-1.66,23,1,7386.77,169.59,1.18,-1.55,1,22,0,0,0,-2.66,0.46,2.1,107,9f440b6d-b2d5-43eb-9f24-a23f7a88ec07
TRUE,B0DLXXRTSL,B081QNWMLK,edison bulb,1,kw,21,1,4325.94,0,116.41,-0.8,94,3.88,696.51,757.23,0,-1.78,19,1,4325.94,138.7,0.72,-1.68,1,18,0,0,0,-2.78,0.46,2.1,107,9f440b6d-b2d5-43eb-9f24-a23f7a88ec07
TRUE,B0DLXXRTSL,B081QNWMLK,edison light bulbs,1,kw,21,1,2872.07,0,82.9,-0.71,71,10.59,95.21,545.59,0,-2.41,19,1,2872.07,138.7,0.61,-1.64,1,23,0,0,0,-2.7,0.46,2.1,107,9f440b6d-b2d5-43eb-9f24-a23f7a88ec07
FALSE,B0DLXXRTSL,B081QNWMLK,vintage light bulbs,2,kw,26,1,7698.88,0,208.79,-0.56,70,16.32,122.12,537.51,0,-2.18,23,1.02,7507.81,169.59,1.23,-1.49,1,29,0,0,0,-2.55,0.46,2.2,107,9f440b6d-b2d5-43eb-9f24-a23f7a88ec07
TRUE,B0DLXXRTSL,B081QNWMLK,clear globe light bulbs for bathroom,3,sr_rc,2,1,337.1,0,11.45,-0.73,14,1.03,316,100.13,0.17,-1,2,1,337.1,7.7,1.33,-0.93,1,2,0,0,0,-1.99,0.46,2.1,107,9f440b6d-b2d5-43eb-9f24-a23f7a88ec07
FALSE,B0DLXXRTSL,B081QNWMLK,clear light bulbs,3,sr_rc,13,1,3452.77,0,110.64,0,60,1,3452.77,457.76,0.08,-0.91,11,1,3452.77,77.01,1.39,-0.75,1,12,0,0,0,-1.98,0.46,2.1,107,9f440b6d-b2d5-43eb-9f24-a23f7a88ec07
FALSE,B0DLXXRTSL,B081QNWMLK,globe light bulbs,3,sr_rc,5,1,4535.78,0,160.87,0,99,3.18,654.83,879.73,0,-0.99,5,1,4535.78,30.79,4.62,-0.93,1,6,0,0,0,-1.99,0.46,2.1,107,9f440b6d-b2d5-43eb-9f24-a23f7a88ec07
FALSE,B0DLXXRTSL,B081QNWMLK,globe light bulbs for bathroom,3,sr_rc,19,1,1573.3,0,38.99,-0.73,91,11.59,25.19,721.62,0,-1.91,18,1,1573.3,130.98,0.28,-0.95,1,16,0,0,0,-1.99,0.46,2.1,107,9f440b6d-b2d5-43eb-9f24-a23f7a88ec07
FALSE,B0DLXXRTSL,B081QNWMLK,g25 led light bulbs,4,sr_rc,3,1,1177.79,0,39.57,-1.64,28,1,1177.79,208.24,0.14,-1.73,3,1,1177.79,15.39,2.47,-1.68,1,2,0,0,0,-2.74,0.46,2.2,107,9f440b6d-b2d5-43eb-9f24-a23f7a88ec07
FALSE,B0DLXXRTSL,B081QNWMLK,g25 light bulbs,4,sr_rc,3,1.15,409.35,0,13.51,-1.51,100,1.16,403.77,981.68,0,-1.61,3,1.07,458.26,15.39,0.93,-1.55,1,4,0,0,0,-2.61,0.46,2.2,107,9f440b6d-b2d5-43eb-9f24-a23f7a88ec07
FALSE,B0DLXXRTSL,B081QNWMLK,bathroom vanity light bulbs,5,sr_rc,17,1,1635.18,0,44.56,-0.86,60,1,1635.18,457.76,0.07,-1.84,15,1,1635.18,107.84,0.46,-1.79,1,10,0,0,0,-2.85,0.46,2.1,107,9f440b6d-b2d5-43eb-9f24-a23f7a88ec07
FALSE,B0DLXXRTSL,B081QNWMLK,bathroom vanity bulbs,5,sr_rc,21,1,673.41,0,17.15,-1.48,100,1.27,492.14,981.68,0,-1.74,19,1,673.41,138.7,0.15,-1.71,1,13,0,0,0,-2.74,0.46,2.1,107,9f440b6d-b2d5-43eb-9f24-a23f7a88ec07
TRUE,B0DLXXRTSL,B081QNWMLK,globe led light bulbs,6,sr_rc,3,1,281.36,0,8.62,-1.04,18,1.02,269.49,130.98,0,-1.17,3,1,281.36,15.39,0.53,-1.08,1,2,0,0,0,-1.99,0.46,2.2,107,9f440b6d-b2d5-43eb-9f24-a23f7a88ec07
FALSE,B0DLXXRTSL,B081QNWMLK,led globe light bulbs,6,sr_rc,3,1,789.89,0,23.22,-0.89,49,1,789.89,371.38,0,-0.99,3,1,789.89,15.39,1.34,-0.93,1,3,0,0,0,-1.99,0.46,2.2,107,9f440b6d-b2d5-43eb-9f24-a23f7a88ec07
FALSE,B0DLXXRTSL,B081QNWMLK,round bathroom light bulbs,7,sr_rc,22,1,430.98,0,12.25,-0.75,44,15.71,2.22,332.38,0,-2.73,21,1,430.98,154.14,0,-1.73,1,18,0,0,0,-2.73,0.46,2.1,107,9f440b6d-b2d5-43eb-9f24-a23f7a88ec07
FALSE,B0DLXXRTSL,B081QNWMLK,round light bulbs for bathroom,7,sr_rc,14,1,1939.98,0,59.77,-0.57,98,4.85,135.41,835.81,0,-2.15,13,1,1939.98,92.42,0.65,-1.5,1,8,0,0,0,-2.56,0.46,2.1,107,9f440b6d-b2d5-43eb-9f24-a23f7a88ec07
FALSE,B0DLXXRTSL,B081QNWMLK,e26 led bulb 60 watt dimmable,8,sr_rc,57,109.35,6.86,0,0.08,-2.96,67,139.3,1.72,513.41,0,-3.23,100,74.45,19.01,981.68,0,-3.15,1,154,0,0,0,-3.22,0.46,2.2,107,9f440b6d-b2d5-43eb-9f24-a23f7a88ec07
FALSE,B0DLXXRTSL,B081QNWMLK,g25 globe light bulbs 60 watt,9,sr_rc,3,1,1228.29,0,39.81,0,89,1,1228.29,701.05,0,-0.99,3,1,1228.29,15.39,2.3,-0.93,1,4,0,0,0,-1.98,0.46,2.1,107,9f440b6d-b2d5-43eb-9f24-a23f7a88ec07
FALSE,B0DLXXRTSL,B081QNWMLK,g25 globe light bulbs 40 watt,9,sr_rc,14,1,1546.59,0,37.78,-1.83,100,11.57,24.93,981.68,0,-2.91,13,1,1546.59,92.42,0.42,-1.93,1,16,0,0,0,-2.99,0.46,2.1,107,9f440b6d-b2d5-43eb-9f24-a23f7a88ec07
FALSE,B0D1QGCM1S,B0D1QGCM1S,can lights for ceiling 6 inch,1,kw,39,1,6888.41,0,71.54,-1.77,81,1,6888.41,82.12,0.27,-1.85,28,1,6888.41,27.24,2.97,-1.81,1,32,0,0,0,-2.87,0.45,1.1,107,9f440b6d-b2d5-43eb-9f24-a23f7a88ec07
FALSE,B0D1QGCM1S,B0D1QGCM1S,recessed led ceiling light,2,kw,39,1,1111.02,0,13.03,-0.9,59,1,1111.02,58.83,0.18,-1.87,29,1,1111.02,28.25,0.46,-1.83,1,22,0,0,0,-2.89,0.45,1.2,107,9f440b6d-b2d5-43eb-9f24-a23f7a88ec07
FALSE,B0D1QGCM1S,B0D1QGCM1S,recess lights 6 inch led dimmable,3,sr_rc,43,1,1192.02,0,12.37,-1.7,100,2.88,309.21,126.65,0,-2.33,33,1,1192.02,32.3,0.42,-1.74,1,41,0,0,0,-2.79,0.45,1.1,107,9f440b6d-b2d5-43eb-9f24-a23f7a88ec07
FALSE,B0D1QGCM1S,B0D1QGCM1S,7 inch led recessed lighting,4,sr_rc,64,1,1156.83,0,8.08,-1.79,97,27.16,11.01,105.19,0,-3.76,49,1,1156.83,48.57,0.21,-2.72,1,55,0,0,0,-3.78,0.45,1.2,107,9f440b6d-b2d5-43eb-9f24-a23f7a88ec07
TRUE,B0D5FMQK8G,B09YDLSTL5,disk lights,1,kw,7,1,1160.68,0,26.27,0,54,1,1160.68,53.73,0.22,-0.97,6,1,1160.68,5.04,4.04,-0.91,1,7,0,0,0,-1.98,0.44,2.1,107,9f440b6d-b2d5-43eb-9f24-a23f7a88ec07
FALSE,B0D5FMQK8G,B09YDLSTL5,surface mount led ceiling light,2,kw,28,1,1450.84,0,22.06,-1.6,76,1,1450.84,76.76,0.1,-2.54,25,1,1450.84,24.22,0.77,-2.48,1,20,0,0,0,-3.59,0.44,2.2,107,9f440b6d-b2d5-43eb-9f24-a23f7a88ec07
FALSE,B0D5FMQK8G,B09YDLSTL5,led disc light,3,sr_rc,12,1,638.6,0,13.27,0,55,1,638.6,54.76,0.11,-0.98,11,1,638.6,10.08,1.06,-0.95,1,9,0,0,0,-1.99,0.44,2.1,107,9f440b6d-b2d5-43eb-9f24-a23f7a88ec07
FALSE,B0D5FMQK8G,B09YDLSTL5,disc lights outdoor,3,sr_rc,100,38.98,6.14,0,0,-2.72,99,85.11,0.75,115.09,0,-2.99,100,18.99,18.73,128.4,0,-2.95,1,105,0,0,0,-2.98,0.44,2.1,107,9f440b6d-b2d5-43eb-9f24-a23f7a88ec07
FALSE,B0D5FMQK8G,B09YDLSTL5,led flush mount ceiling light 6 inch,4,sr_rc,29,1,959.12,0,15.2,0,95,1,959.12,100.96,0.01,-0.98,26,1,959.12,25.23,0.48,-0.93,1,29,0,0,0,-1.99,0.44,2.2,107,9f440b6d-b2d5-43eb-9f24-a23f7a88ec07
FALSE,B0D5FMQK8G,B09YDLSTL5,flush mount led ceiling light,4,sr_rc,71,100.78,2.66,0,0,-1.98,96,112.1,1.81,103.12,0,-1.99,100,52.89,11.2,128.4,0,-1.96,1,149,0,0,0,-1.99,0.44,2.2,107,9f440b6d-b2d5-43eb-9f24-a23f7a88ec07
FALSE,B0D5FMQK8G,B09YDLSTL5,flush mount lights,4,sr_rc,19,151.67,0.19,0,0,-2.95,96,128.92,0.5,103.12,0,-2.98,100,69.81,2.45,128.4,0,-2.97,1,171,0,0,0,-2.97,0.44,2.2,107,9f440b6d-b2d5-43eb-9f24-a23f7a88ec07
FALSE,B0D5FMQK8G,B09YDLSTL5,flush mount led light,4,sr_rc,100,9.64,58.17,0,0.01,-1.78,98,37.71,6.53,109.36,0,-1.98,70,1,1067,70.35,0.08,0,1,74,0,0,0,-1.98,0.44,2.2,107,9f440b6d-b2d5-43eb-9f24-a23f7a88ec07
FALSE,B0D5FMQK8G,B09YDLSTL5,flush mount light,4,sr_rc,40,145.34,1.38,0,0,-1.98,94,134.29,2.03,99.09,0,-1.99,100,76.85,8.91,128.4,0,-1.96,1,178,0,0,0,-1.98,0.44,2.2,107,9f440b6d-b2d5-43eb-9f24-a23f7a88ec07
FALSE,B0D5FMQK8G,B09YDLSTL5,led flush mount ceiling light,4,sr_rc,72,110.33,3.79,0,0,-1.98,94,129.44,2.09,99.09,0,-1.99,100,59.54,14.66,128.4,0,-1.97,1,167,0,0,0,-1.99,0.44,2.2,107,9f440b6d-b2d5-43eb-9f24-a23f7a88ec07
FALSE,B0CJVXD2NF,B0CCWN79H6,led flood light bulbs indoor,1,kw,27,1,4328.02,0,124.23,-1.51,79,1,4328.02,84.49,0.44,-1.65,22,1,4328.02,22.29,5.68,-1.59,1,27,0,0,0,-2.67,0.44,1.1,107,9f440b6d-b2d5-43eb-9f24-a23f7a88ec07
TRUE,B0DPF3ZFF1,B0CJCN7LX4,2x2 led flat panel light,1,kw,10,1,51885.57,0,81.74,0,100,3.79,6433.53,125.63,0,-1.11,9,1,51885.57,8.06,8.34,-0.95,1,8,0,0,0,-1.99,0.44,2.1,107,9f440b6d-b2d5-43eb-9f24-a23f7a88ec07
FALSE,B0DPF3ZFF1,B0CJCN7LX4,2x2 led panel lights for drop ceiling,2,kw,16,1,17039.98,0,18.71,-2.68,32,1,17039.98,31.28,0.44,-2.92,13,1,17039.98,12.09,1.41,-2.9,1,3,0,0,0,-3.94,0.44,2.2,107,9f440b6d-b2d5-43eb-9f24-a23f7a88ec07
TRUE,B0DZ9NDY4N,B0DKKRWB9R,uplighting indoor,1,kw,17,1,5960.54,0,75.16,0,66,1,5960.54,65.39,0.44,-0.93,14,1,5960.54,13.04,5.3,-0.88,1,13,0,0,0,-1.97,0.44,1.1,107,9f440b6d-b2d5-43eb-9f24-a23f7a88ec07
TRUE,B0D34C5WS3,B0BFYS2RFQ,flat panel led ceiling light 2 x 4,1,kw,16,1,5293.31,0,8.36,-0.72,63,1,5293.31,66.52,0.06,-1.71,12,1,5293.31,11.73,0.7,-1.67,1,11,0,0,0,-2.71,0.41,2.1,107,9f440b6d-b2d5-43eb-9f24-a23f7a88ec07
TRUE,B0D34C5WS3,B0BFYS2RFQ,2x4 led flat panel light,1,kw,17,1,46678.22,0,75.04,-0.6,68,7.91,1696.55,71.99,0,-2.26,15,1,46678.22,14.93,4.63,-1.56,1,13,0,0,0,-2.59,0.41,2.1,107,9f440b6d-b2d5-43eb-9f24-a23f7a88ec07
TRUE,B0D34C5WS3,B0BFYS2RFQ,2 x 4 led flat panel light,1,kw,15,1.04,6362.18,0,11.53,-0.52,68,5.29,526.95,71.99,0,-2.41,15,1,6699.55,14.93,0.77,-1.48,1,11,0,0,0,-2.51,0.41,2.1,107,9f440b6d-b2d5-43eb-9f24-a23f7a88ec07
TRUE,B0D34C5WS3,B0BFYS2RFQ,led 2x4 flat panel,1,kw,15,1,6336.88,0,11.29,-0.62,99,2.61,1646.42,117.17,0,-2.29,14,1,6336.88,13.86,0.76,-1.58,1,10,0,0,0,-2.61,0.41,2.1,107,9f440b6d-b2d5-43eb-9f24-a23f7a88ec07
TRUE,B0D34C5WS3,B0BFYS2RFQ,2 x 4 led lights for drop ceiling,2,kw,13,1,5540.76,0,10.78,-0.68,3,3.36,702.8,2.13,0.35,-2.52,7,1,5540.76,6.4,1.35,-1.63,1,6,0,0,0,-2.67,0.41,2.2,107,9f440b6d-b2d5-43eb-9f24-a23f7a88ec07
FALSE,B0D34C5WS3,B0BFYS2RFQ,2x4 led drop ceiling light fixture,2,kw,28,1,6287.33,0,9.09,-0.61,68,7.44,339.37,71.99,0,-2.54,22,1,6287.33,22.4,0.4,-1.57,1,17,0,0,0,-2.6,0.41,2.2,107,9f440b6d-b2d5-43eb-9f24-a23f7a88ec07
FALSE,B0D34C5WS3,B0BFYS2RFQ,drop ceiling lights,2,kw,28,1,3598.36,0,5.83,-0.88,99,1,3598.36,117.17,0,-1.87,24,1,3598.36,24.54,0.29,-1.83,1,22,0,0,0,-2.56,0.41,2.2,107,9f440b6d-b2d5-43eb-9f24-a23f7a88ec07
FALSE,B0D34C5WS3,B0BFYS2RFQ,flat led ceiling light,3,sr_rc,59,1,8608.31,0,7.08,-1.36,100,11.33,346.99,127.8,0,-2.54,46,1,8608.31,48.12,0.19,-1.56,1,47,0,0,0,-2.61,0.41,2.1,107,9f440b6d-b2d5-43eb-9f24-a23f7a88ec07
TRUE,B0D7D7G5C1,B0CNL3ZQCJ,4 inch gimbal led recessed light,1,kw,5,1,643.48,0,17.63,0,29,1,643.48,28.36,0.4,-0.96,5,1,643.48,4.04,3.25,-0.91,1,5,0,0,0,-1.99,0.4,1.1,107,9f440b6d-b2d5-43eb-9f24-a23f7a88ec07
TRUE,B0CS4356LD,B0BQLB65R2,3 inch recessed led lights,1,kw,10,1,5729.17,0,44.6,0,34,1,5729.17,197.06,0.13,-0.98,9,1,5729.17,47.75,0.9,-0.93,1,9,0,0,0,-1.99,0.38,2.1,107,9f440b6d-b2d5-43eb-9f24-a23f7a88ec07
TRUE,B0CS4356LD,B0BQLB65R2,3 recessed lighting led,1,kw,9,1,2793.18,0,21.08,-0.73,31,1,2793.18,179.14,0.13,-1.71,8,1,2793.18,41.78,0.52,-1.68,1,6,0,0,0,-2.72,0.38,2.1,107,9f440b6d-b2d5-43eb-9f24-a23f7a88ec07
TRUE,B0CS4356LD,B0BQLB65R2,3 led recessed light,1,kw,11,1,2976.86,0,22.44,-0.58,37,1,2976.86,215,0.12,-1.56,9,1,2976.86,47.75,0.35,-1.53,1,7,0,0,0,-2.57,0.38,2.1,107,9f440b6d-b2d5-43eb-9f24-a23f7a88ec07
TRUE,B0CS4356LD,B0BQLB65R2,3 inch led recessed light,1,kw,18,1,2790.08,0,18.11,0,82,1,2790.08,485.47,0,-0.99,15,1,2790.08,83.57,0.15,-0.96,1,14,0,0,0,-1.99,0.38,2.1,107,9f440b6d-b2d5-43eb-9f24-a23f7a88ec07
TRUE,B0D9KWQDWM,B0D9KWQDWM,emergency lights,1,kw,17,1,20059.14,0,202.15,-0.88,93,1,20059.14,95.79,0.19,-1.86,16,1,20059.14,15.09,12.09,-1.83,1,14,0,0,0,-2.87,0.38,1.1,107,9f440b6d-b2d5-43eb-9f24-a23f7a88ec07
TRUE,B0D9KWQDWM,B0D9KWQDWM,emergency light,1,kw,25,1,67907.08,0,597.62,-1.33,100,1.64,35779.92,119.57,0.03,-1.58,22,1,67907.08,21.13,27.44,-1.53,1,19,0,0,0,-2.59,0.38,1.1,107,9f440b6d-b2d5-43eb-9f24-a23f7a88ec07
FALSE,B0D9KWQDWM,B0D9KWQDWM,emergency lights for business,1,kw,25,1,10532.09,0,81.16,-1.73,53,11.39,275.18,52.49,0,-2.68,21,1,10532.09,20.12,3.92,-1.96,1,21,0,0,0,-2.99,0.38,1.1,107,9f440b6d-b2d5-43eb-9f24-a23f7a88ec07
FALSE,B0D9KWQDWM,B0D9KWQDWM,led emergency lights,1,kw,28,1,2419.99,0,19.99,-0.73,100,5.5,238.8,119.57,0,-1.73,25,1,2419.99,24.15,0.78,-0.95,1,21,0,0,0,-1.99,0.38,1.1,107,9f440b6d-b2d5-43eb-9f24-a23f7a88ec07
FALSE,B0D9KWQDWM,B0D9KWQDWM,emergency lighting,1,kw_sr_rc,100,3.15,1042.07,0,0.12,-0.98,97,42.18,13.11,102.84,0,-1.97,79,1,4464.78,79.42,0.16,-0.97,1,57,0,0,0,-1.99,0.38,1.1,107,9f440b6d-b2d5-43eb-9f24-a23f7a88ec07
TRUE,B0D9KWQDWM,B0D9KWQDWM,led emergency lights with battery backup,2,kw,23,1,1975.06,0,23.07,-0.56,65,1,1975.06,64.77,0.16,-1.53,19,1,1975.06,18.11,1.23,-1.51,1,11,0,0,0,-2.55,0.38,1.2,107,9f440b6d-b2d5-43eb-9f24-a23f7a88ec07
TRUE,B08H8TXXD1,B08H9MKDJP,outdoor light bulbs for porch lights,1,kw,22,1,6440.74,0,141.79,-0.82,73,1,6440.74,219.14,0.2,-1.79,21,1,6440.74,60.42,2.24,-1.73,1,20,0,0,0,-2.81,0.37,2.1,107,9f440b6d-b2d5-43eb-9f24-a23f7a88ec07
FALSE,B08H8TXXD1,B08H9MKDJP,dusk to dawn bug light bulbs outdoor,2,kw,23,1,1869.31,0,38.06,-2.5,71,1,1869.31,212.9,0.05,-2.73,21,1,1869.31,60.42,0.67,-2.68,1,17,0,0,0,-3.76,0.37,2.2,107,9f440b6d-b2d5-43eb-9f24-a23f7a88ec07
FALSE,B08H8TXXD1,B08H9MKDJP,dusk to dawn candelabra bulbs outdoor,3,sr_rc,8,1.03,871.47,0,22.82,-0.73,33,1,908.35,96.74,0.12,-0.98,8,1,908.35,21.13,1.01,-0.93,1,6,0,0,0,-1.99,0.37,2.1,107,9f440b6d-b2d5-43eb-9f24-a23f7a88ec07
TRUE,B09K4PWBPN,B019D1Y21Y,outdoor flood light bulb,1,kw,4,1,10254.76,0,280.75,-1.53,37,1,10254.76,1138.14,0.2,-1.62,4,1,10254.76,94.67,2.94,-1.61,1,3,0,0,0,-2.63,0.36,1.1,107,9f440b6d-b2d5-43eb-9f24-a23f7a88ec07
TRUE,B09K4PWBPN,B019D1Y21Y,outdoor flood light bulbs,1,kw,2,1,2309.52,0,66.78,-1.53,26,1,2309.52,789.77,0.12,-1.69,2,1,2309.52,31.56,1.95,-1.66,1,2,0,0,0,-2.69,0.36,1.1,107,9f440b6d-b2d5-43eb-9f24-a23f7a88ec07
TRUE,B09K4PWBPN,B019D1Y21Y,outdoor flood lights,1,kw,4,1.1,13361,0,413.42,-0.83,77,1,15726.42,2421.26,0.04,-1.81,4,1.03,14962.46,94.67,4.53,-1.78,1,3,0,0,0,-2.82,0.36,1.1,107,9f440b6d-b2d5-43eb-9f24-a23f7a88ec07
TRUE,B09K4PWBPN,B019D1Y21Y,flood lights outdoor,1,kw,13,1,60955.06,0,1803.92,-0.75,99,6.1,3105.26,3385.83,0,-1.74,13,1,60955.06,378.83,4.26,-1.71,1,10,0,0,0,-2.73,0.36,1.1,107,9f440b6d-b2d5-43eb-9f24-a23f7a88ec07
TRUE,B09K4PWBPN,B019D1Y21Y,flood lights outdoor bulbs,1,kw,3,1.11,3402.98,0,109.25,-1.61,51,1,4069.49,1582.98,0,-1.71,3,1.05,3747.05,63.11,1.81,-1.69,1,3,0,0,0,-2.71,0.36,1.1,107,9f440b6d-b2d5-43eb-9f24-a23f7a88ec07
FALSE,B09K4PWBPN,B019D1Y21Y,flood lights,1,kw,80,1,17139.81,0,105.48,-1.48,9,62.37,1.23,252.51,0,-2.73,76,1,17139.81,2388.32,0.04,-1.7,1,63,0,0,0,-2.73,0.36,1.1,107,9f440b6d-b2d5-43eb-9f24-a23f7a88ec07
FALSE,B09K4PWBPN,B019D1Y21Y,outdoor flood lights for yard,1,kw,45,1,5351.69,0,76.97,-1,100,31.25,7.34,3637.58,0,-2.94,44,1,5351.69,1360.29,0.07,-1.82,1,34,0,0,0,-2.93,0.36,1.1,107,9f440b6d-b2d5-43eb-9f24-a23f7a88ec07
TRUE,B09K4PWBPN,B019D1Y21Y,flood light bulbs outdoor,1,kw,2,1,2320.97,0,75.64,-1.65,27,1,2320.97,821.41,0,-1.75,2,1,2320.97,31.56,2.21,-1.73,1,2,0,0,0,-2.75,0.36,1.1,107,9f440b6d-b2d5-43eb-9f24-a23f7a88ec07
FALSE,B09K4PWBPN,B019D1Y21Y,outdoor led flood lights waterproof,1,kw,4,1,929.48,0,22.78,-2.37,39,1,929.48,1201.57,0,-2.62,4,1,929.48,94.67,0.27,-2.61,1,3,0,0,0,-3.62,0.36,1.1,107,9f440b6d-b2d5-43eb-9f24-a23f7a88ec07
FALSE,B09K4PWBPN,B019D1Y21Y,outdoor flood light bulbs waterproof,1,kw,4,1,428.44,0,11.91,-1.89,80,1,428.44,2520.81,0,-1.99,4,1,428.44,94.67,0.16,-1.97,1,4,0,0,0,-2.99,0.36,1.1,107,9f440b6d-b2d5-43eb-9f24-a23f7a88ec07
FALSE,B09K4PWBPN,B019D1Y21Y,flood light,1,kw,100,4.54,2201.52,0,0.52,-1.63,9,67.43,0.82,252.51,0,-2.79,97,1,15024.75,3191.88,0.01,-1.76,1,68,0,0,0,-2.78,0.36,1.1,107,9f440b6d-b2d5-43eb-9f24-a23f7a88ec07
TRUE,B09K4PWBPN,B019D1Y21Y,flood light bulbs,2,kw,14,1,12231.09,0,353.81,-0.79,58,6.91,428,1806.41,0,-1.78,13,1,12231.09,378.83,0.95,-1.75,1,10,0,0,0,-2.78,0.36,1.2,107,9f440b6d-b2d5-43eb-9f24-a23f7a88ec07
TRUE,B09K4PWBPN,B019D1Y21Y,led flood light bulbs,2,kw,8,1.01,2465.28,0,75.85,-1.54,100,1.86,990.09,3637.58,0,-1.8,8,1,2499.87,220.94,0.34,-1.78,1,6,0,0,0,-2.8,0.36,1.2,107,9f440b6d-b2d5-43eb-9f24-a23f7a88ec07
TRUE,B09K4PWBPN,B019D1Y21Y,flood light bulb,2,kw,16,1,1832.99,0,50.26,-1.57,15,10.81,11.98,442.01,0,-2.79,15,1,1832.99,442.01,0.15,-1.82,1,12,0,0,0,-2.82,0.36,1.2,107,9f440b6d-b2d5-43eb-9f24-a23f7a88ec07
TRUE,B09K4PWBPN,B019D1Y21Y,led flood light bulb,2,kw,8,1,776.96,0,22.9,-1.57,100,1.71,352.09,3637.58,0,-1.83,8,1,776.96,220.94,0.16,-1.81,1,6,0,0,0,-2.82,0.36,1.2,107,9f440b6d-b2d5-43eb-9f24-a23f7a88ec07
FALSE,B09K4PWBPN,B019D1Y21Y,led spot lights outdoor,3,sr_rc,13,1,6497.46,0,178.02,-0.8,100,6.73,195.12,3637.58,0,-2.2,13,1,6497.46,378.83,0.42,-1.75,1,9,0,0,0,-2.78,0.36,1.1,107,9f440b6d-b2d5-43eb-9f24-a23f7a88ec07
FALSE,B09K4PWBPN,B019D1Y21Y,par38 led flood light bulbs,4,sr_rc,1,1,0,0,0,-1.97,1,1,0,0,0,-1.99,1,1,0,0,0,-1.98,1,1,0,0,0,-1.98,0.36,1.2,107,9f440b6d-b2d5-43eb-9f24-a23f7a88ec07
TRUE,B09K4PWBPN,B019D1Y21Y,par38 outdoor flood light bulbs,4,sr_rc,3,1,787.21,0,24.68,-0.89,25,1,787.21,758.13,0,-0.99,3,1,787.21,63.11,0.35,-0.97,1,2,0,0,0,-1.98,0.36,1.2,107,9f440b6d-b2d5-43eb-9f24-a23f7a88ec07
TRUE,B09K4PWBPN,B019D1Y21Y,par 38 led flood light outdoor bulb,4,sr_rc,2,1,1372.07,0,41.63,-1.42,24,1.01,1342.81,726.5,0,-1.52,2,1,1372.07,31.56,1.2,-1.5,1,2,0,0,0,-2.52,0.36,1.2,107,9f440b6d-b2d5-43eb-9f24-a23f7a88ec07
FALSE,B09K4PWBPN,B019D1Y21Y,led flood light,5,sr_rc,24,1,7728.42,0,185.57,-0.92,66,8.66,243.85,2063.22,0,-2.17,22,1,7728.42,663.25,0.27,-1.89,1,14,0,0,0,-2.9,0.36,1.1,107,9f440b6d-b2d5-43eb-9f24-a23f7a88ec07
FALSE,B09K4PWBPN,B019D1Y21Y,led flood lights,5,sr_rc,16,1,3948.83,0,93.7,-1.92,100,4.23,454.44,3637.58,0,-2.91,15,1,3948.83,442.01,0.26,-2.89,1,10,0,0,0,-3.9,0.36,1.1,107,9f440b6d-b2d5-43eb-9f24-a23f7a88ec07
FALSE,B09K4PWBPN,B019D1Y21Y,outdoor floodlight bulb,6,sr_rc,5,1,1096.92,0,33.63,-1.27,60,1,1096.92,1870.44,0,-1.53,5,1,1096.92,126.23,0.34,-1.51,1,4,0,0,0,-2.53,0.36,1.2,107,9f440b6d-b2d5-43eb-9f24-a23f7a88ec07
FALSE,B09K4PWBPN,B019D1Y21Y,floodlight bulb,6,sr_rc,13,1,1030.87,0,29.88,-0.77,99,10.15,19.56,3385.83,0,-2.7,12,1,1030.87,347.25,0.16,-1.73,1,14,0,0,0,-2.75,0.36,1.2,107,9f440b6d-b2d5-43eb-9f24-a23f7a88ec07
FALSE,B09K4PWBPN,B019D1Y21Y,outdoor led light bulb,7,sr_rc,12,1,2200.33,0,67.21,-0.53,100,2.92,479.69,3637.58,0,-1.52,11,1,2200.33,315.66,0.16,-1.48,1,10,0,0,0,-2.52,0.36,1.1,107,9f440b6d-b2d5-43eb-9f24-a23f7a88ec07
FALSE,B09K4PWBPN,B019D1Y21Y,spot light bulb,8,sr_rc,8,1,857.79,0,30.53,-0.88,100,2.83,183.58,3637.58,0,-2.31,8,1,857.79,220.94,0.19,-1.83,1,8,0,0,0,-2.86,0.36,1.2,107,9f440b6d-b2d5-43eb-9f24-a23f7a88ec07
FALSE,B09K4PWBPN,B019D1Y21Y,outside light bulbs,9,sr_rc,44,1,1509.93,0,25.38,-1.83,58,38.4,1.69,1806.41,0,-2.99,42,1,1509.93,1296.77,0,-1.99,1,42,0,0,0,-2.99,0.36,1.1,107,9f440b6d-b2d5-43eb-9f24-a23f7a88ec07
FALSE,B0F6KFQPLL,B0CZ4HJT3Q,a19 led bulb,1,kw,30,1.01,2278.98,0,72.56,0,86,1,2308.03,90.04,0.15,-0.94,26,1,2308.03,25.39,2.9,-0.82,1,25,0,0,0,-1.99,0.36,2.1,107,9f440b6d-b2d5-43eb-9f24-a23f7a88ec07
FALSE,B0F6KFQPLL,B0CZ4HJT3Q,a19 led bulb 60w,1,kw,33,85.46,9.49,0,0.23,-1.79,100,77.08,13.13,147.98,0,-1.93,100,21.08,135.09,147.98,0,-1.47,1,122,0,0,0,-1.98,0.36,2.1,107,9f440b6d-b2d5-43eb-9f24-a23f7a88ec07
TRUE,B0F6KFQPLL,B0CZ4HJT3Q,led light bulb 3000k,2,kw,11,1,804.29,0,26.61,-0.73,60,1,804.29,60.52,0.21,-0.97,10,1,804.29,9.12,2.6,-0.93,1,13,0,0,0,-1.99,0.36,2.2,107,9f440b6d-b2d5-43eb-9f24-a23f7a88ec07
TRUE,B088VHGFH5,B086Z6X7PT,led outdoor flood light bulbs,1,kw,15,1,3302.62,0,49.25,-0.73,63,1,3302.62,201.8,0.07,-0.99,13,1,3302.62,38.87,1.19,-0.97,1,15,0,0,0,-1.99,0.35,1.1,107,9f440b6d-b2d5-43eb-9f24-a23f7a88ec07
FALSE,B088VHGFH5,B086Z6X7PT,outdoor flood lights,1,kw,45,1,41695.37,0,360.24,-1.48,99,31.94,122.56,346.87,0,-2.55,43,1,41695.37,136.32,2.69,-1.71,1,39,0,0,0,-2.73,0.35,1.1,107,9f440b6d-b2d5-43eb-9f24-a23f7a88ec07
FALSE,B088VHGFH5,B086Z6X7PT,led spot lights outdoor,2,kw,29,1,13662.14,0,140.56,-1.33,98,21.41,75.91,335.11,0,-2.46,29,1,13662.14,90.78,1.49,-1.53,1,27,0,0,0,-2.57,0.35,1.2,107,9f440b6d-b2d5-43eb-9f24-a23f7a88ec07
FALSE,B088VHGFH5,B086Z6X7PT,par 38 led flood light outdoor bulb,3,sr_rc,8,1,4431.87,0,64.34,-0.73,46,1,4431.87,146.1,0.28,-0.98,7,1,4431.87,19.43,3.1,-0.96,1,9,0,0,0,-1.99,0.35,1.1,107,9f440b6d-b2d5-43eb-9f24-a23f7a88ec07
TRUE,B0D8RBGMC2,B0C4WGJ6BX,goof rings for 4 inch recessed lights,1,kw,8,1,739.96,0,27.71,0,43,1,739.96,42.33,0.33,-0.94,7,1,739.96,6.03,3.61,-0.82,1,8,0,0,0,-1.99,0.33,2.1,107,9f440b6d-b2d5-43eb-9f24-a23f7a88ec07
TRUE,B07RGS8CHP,B07RJZNZJL,indoor flood light bulbs,1,kw,24,1.02,6867.63,0,221.35,-0.73,79,1,7044.03,651.65,0.09,-0.97,19,1,7044.03,149.18,1.63,-0.91,1,20,0,0,0,-1.98,0.32,1.1,107,9f440b6d-b2d5-43eb-9f24-a23f7a88ec07
FALSE,B07RGS8CHP,B07RJZNZJL,flood light,1,kw,64,1,12693.36,0,153.1,-1.33,99,36.49,23.03,874.38,0,-2.5,61,1,12693.36,498.93,0.31,-1.51,1,42,0,0,0,-2.57,0.32,1.1,107,9f440b6d-b2d5-43eb-9f24-a23f7a88ec07
TRUE,B07RGS8CHP,B07RJZNZJL,br40 led light bulbs,2,kw,7,1.09,2973.39,0,103.78,-0.73,36,1,3348.25,290.33,0.23,-0.97,6,1.1,2935.98,41.42,2.33,-0.95,1,7,0,0,0,-1.99,0.32,1.2,107,9f440b6d-b2d5-43eb-9f24-a23f7a88ec07
TRUE,B07RGS8CHP,B07RJZNZJL,br40 light bulbs,2,kw,10,1,536.69,0,23.96,0,98,3.53,85.55,848.02,0,-1.68,10,1,536.69,74.56,0.2,-0.96,1,10,0,0,0,-1.99,0.32,1.2,107,9f440b6d-b2d5-43eb-9f24-a23f7a88ec07
FALSE,B07RGS8CHP,B07RJZNZJL,led light bulbs dimmable,3,sr_rc,73,82.69,1.31,0,0,-1,100,88.95,1.05,929.73,0,-1.95,100,33.31,7.74,929.73,0,-1.79,1,130,0,0,0,-1.91,0.32,1.1,107,9f440b6d-b2d5-43eb-9f24-a23f7a88ec07
TRUE,B0DYDSKM1P,B0CGTGRRKX,black recessed lights,1,kw,14,1,812.49,0,23.28,-0.6,44,1,812.49,43.71,0.31,-1.56,12,1,812.49,11.12,1.83,-1.48,1,12,0,0,0,-2.59,0.31,2.1,107,9f440b6d-b2d5-43eb-9f24-a23f7a88ec07
TRUE,B08DHG896L,B08DHG896L,motion sensor shop light,1,kw,3,1,465.23,0,11.55,0,16,1,465.23,28.13,0.3,-0.94,3,1,465.23,3.75,2.25,-0.88,1,3,0,0,0,-1.99,0.3,1.1,107,9f440b6d-b2d5-43eb-9f24-a23f7a88ec07
FALSE,B08DHG896L,B08DHG896L,shop lights led 4ft plug in,2,kw,93,1,1533.53,0,2.69,-1.8,95,40.69,6.49,180.2,0,-2.88,74,1,1533.53,137.53,0.09,-1.88,1,64,0,0,0,-2.9,0.3,1.2,107,9f440b6d-b2d5-43eb-9f24-a23f7a88ec07
TRUE,B07GNSHDJV,B07GNSHDJV,t8 led bulbs 4 foot,1,kw,25,1,15688.76,0,79.01,-1.72,68,1,15688.76,123.28,0.28,-1.81,22,1,15688.76,38.42,2.07,-1.8,1,17,0,0,0,-2.82,0.28,2.1,107,9f440b6d-b2d5-43eb-9f24-a23f7a88ec07
TRUE,B07GNSHDJV,B07GNSHDJV,t8 led bulbs,1,kw,24,1,1607.27,0,9.46,-1.52,98,2.07,632.19,189.85,0,-2.16,22,1,1607.27,38.42,0.25,-1.66,1,28,0,0,0,-2.67,0.28,2.1,107,9f440b6d-b2d5-43eb-9f24-a23f7a88ec07
FALSE,B07GNSHDJV,B07GNSHDJV,led t8 bulbs 4ft,2,kw,27,1,1770.18,0,10.88,-1.72,98,2.88,442.28,189.85,0,-2.46,23,1,1770.18,40.25,0.27,-1.8,1,21,0,0,0,-2.81,0.28,2.2,107,9f440b6d-b2d5-43eb-9f24-a23f7a88ec07
TRUE,B0CJVXD2NF,B0CCX1KW3M,led can light bulbs,1,kw,18,1,1425.59,0,45.16,-0.73,65,1,1425.59,68.64,0.28,-0.96,13,1,1425.59,12.73,3.42,-0.91,1,15,0,0,0,-1.99,0.28,1.1,107,9f440b6d-b2d5-43eb-9f24-a23f7a88ec07
FALSE,B0DGRZJ64N,B0CT3ZS5ZL,high bay led shop lights,1,kw,24,1,11615.37,0,34.11,-2.71,71,1,11615.37,70.44,0.2,-2.86,21,1,11615.37,20.06,1.62,-2.84,1,28,0,0,0,-3.87,0.25,2.1,107,9f440b6d-b2d5-43eb-9f24-a23f7a88ec07
TRUE,B0DGRZJ64N,B0CT3ZS5ZL,led ufo high bay light,2,kw,23,1,1670.04,0,6.07,-1.63,68,1,1670.04,67.39,0.05,-1.87,18,1,1670.04,17.05,0.41,-1.81,1,29,0,0,0,-2.69,0.25,2.2,107,9f440b6d-b2d5-43eb-9f24-a23f7a88ec07
FALSE,B0DRTKCYWJ,B08FPPYZBB,edison bulbs 60 watt led,1,kw,32,1,14739.4,0,289.31,0,86,1,14739.4,300.22,0.19,-0.97,24,1,14739.4,79.4,3.85,-0.93,1,29,0,0,0,-1.99,0.24,1.1,107,9f440b6d-b2d5-43eb-9f24-a23f7a88ec07
TRUE,B0DRTKCYWJ,B08FPPYZBB,6000k led light bulbs,2,kw,20,1,1450.75,0,33.88,-1.42,75,1,1450.75,258.49,0.05,-1.66,18,1,1450.75,58.66,0.62,-1.62,1,17,0,0,0,-2.68,0.24,1.2,107,9f440b6d-b2d5-43eb-9f24-a23f7a88ec07
TRUE,B0DMPT5R9Y,B0DJDVG8KK,2 x 4 led lights for drop ceiling,1,kw,22,1,23922.07,0,9.78,-0.76,49,1,23922.07,48.26,0.09,-1.74,17,1,23922.07,16.06,0.6,-1.72,1,12,0,0,0,-2.75,0.23,2.1,107,9f440b6d-b2d5-43eb-9f24-a23f7a88ec07
FALSE,B0DMPT5R9Y,B0DJDVG8KK,2x4 led drop ceiling light fixture,1,kw,40,1,25600.21,0,7.38,-1.66,68,1,25600.21,67.54,0.06,-1.81,31,1,25600.21,30.13,0.24,-1.81,1,22,0,0,0,-2.82,0.23,2.1,107,9f440b6d-b2d5-43eb-9f24-a23f7a88ec07
TRUE,B0DMPT5R9Y,B0DJDVG8KK,flat panel led ceiling light 2 x 4,2,kw,16,1,21492.9,0,8.9,0,49,1,21492.9,48.26,0.08,-0.98,13,1,21492.9,12.04,0.7,-0.96,1,12,0,0,0,-1.99,0.23,2.2,107,9f440b6d-b2d5-43eb-9f24-a23f7a88ec07
TRUE,B0BZ6FLFQ9,B07BYZ3ZDX,br30 led bulb 5000k,1,kw,10,1,2599.91,0,52.1,0,66,1,2599.91,179.4,0.07,-0.97,9,1,2599.91,21.88,2.12,-0.93,1,15,0,0,0,-1.99,0.22,1.1,107,9f440b6d-b2d5-43eb-9f24-a23f7a88ec07
FALSE,B0BZ6FLFQ9,B07BYZ3ZDX,led br30,1,kw,44,1,1459.48,0,15.57,-0.89,86,11.17,51.42,238.46,0,-1.9,30,1,1459.48,79.45,0.27,-0.96,1,30,0,0,0,-1.99,0.22,1.1,107,9f440b6d-b2d5-43eb-9f24-a23f7a88ec07
FALSE,B0BZ6FLFQ9,B07BYZ3ZDX,br30 bulb,1,kw,58,7.53,122.11,0,1.03,-1.69,86,22.3,18.6,238.46,0,-1.96,47,1,1721.49,126.32,0.1,-0.97,1,40,0,0,0,-1.98,0.22,1.1,107,9f440b6d-b2d5-43eb-9f24-a23f7a88ec07
TRUE,B0BZ6FLFQ9,B07BYZ3ZDX,led can light bulbs,2,kw,11,1,2832.08,0,51.28,0,61,1,2832.08,165.31,0.15,-0.97,10,1,2832.08,24.61,1.91,-0.93,1,13,0,0,0,-1.99,0.22,1.2,107,9f440b6d-b2d5-43eb-9f24-a23f7a88ec07
FALSE,B0BZ6FLFQ9,B07BYZ3ZDX,kitchen light bulbs,3,sr_rc,100,17.19,88.64,0,0.02,-2.58,100,37.6,25.2,343.51,0,-2.73,83,1,3545.08,229.02,0.04,-1.7,1,89,0,0,0,-2.77,0.22,1.1,107,9f440b6d-b2d5-43eb-9f24-a23f7a88ec07
FALSE,B0BZ6FLFQ9,B07BYZ3ZDX,indoor flood light bulbs 65w,4,sr_rc,60,1,3146.27,0,25.37,-0.73,80,30.33,19.45,219.91,0,-1.96,45,1,3146.27,120.79,0.22,-0.93,1,48,0,0,0,-1.99,0.22,1.2,107,9f440b6d-b2d5-43eb-9f24-a23f7a88ec07
FALSE,B0BZ6FLFQ9,B07BYZ3ZDX,high hat light bulbs,5,sr_rc,20,1,1247.95,0,16.84,-2.35,97,10.89,45.21,285.48,0,-3.43,18,1,1247.95,46.52,0.43,-2.45,1,29,0,0,0,-3.51,0.22,1.1,107,9f440b6d-b2d5-43eb-9f24-a23f7a88ec07
FALSE,B0BZ6FLFQ9,B07BYZ3ZDX,br30 65w indoor flood,6,sr_rc,100,9.64,332.81,0,0.07,-1.42,82,25.39,55.06,225.95,0,-1.9,78,1,6658.11,213.96,0.14,-0.95,1,42,0,0,0,-1.98,0.22,1.2,107,9f440b6d-b2d5-43eb-9f24-a23f7a88ec07
FALSE,B0BZ6FLFQ9,B07BYZ3ZDX,65w 120v flood light indoor,7,sr_rc,100,16.83,73.92,0,0.01,-2.8,74,60.03,4.54,202.27,0,-2.98,96,1,2957.96,278.56,0.01,-1.95,1,76,0,0,0,-2.99,0.22,1.1,107,9f440b6d-b2d5-43eb-9f24-a23f7a88ec07
TRUE,B08GQB2R2K,B07ZJT1X6Q,shop lights for garage,1,kw,24,1,21460.94,0,131.82,0,75,1,21460.94,211.21,0.19,-0.97,20,1.03,20665.77,54.06,2.24,-0.88,1,22,0,0,0,-1.98,0.22,2.1,107,9f440b6d-b2d5-43eb-9f24-a23f7a88ec07
FALSE,B08GQB2R2K,B07ZJT1X6Q,garage shop lights,1,kw,36,1,3277.22,0,18.17,0,91,1,3277.22,258.38,0.02,-0.96,30,1,3277.22,82.54,0.28,-0.88,1,36,0,0,0,-1.97,0.22,2.1,107,9f440b6d-b2d5-43eb-9f24-a23f7a88ec07
FALSE,B08GQB2R2K,B07ZJT1X6Q,led shop lights for garage,1,kw,54,1,6349.71,0,23.62,0,94,1,6349.71,267.94,0.01,-0.94,44,1,6349.71,122.44,0.2,-0.82,1,44,0,0,0,-1.96,0.22,2.1,107,9f440b6d-b2d5-43eb-9f24-a23f7a88ec07
FALSE,B08GQB2R2K,B07ZJT1X6Q,shop lights for garage led super bright,1,kw,69,98.34,11.41,0,0,-2.88,99,110.91,7.61,289.04,0,-2.97,99,54.52,41.04,289.04,0,-2.9,1,152,0,0,0,-2.96,0.22,2.1,107,9f440b6d-b2d5-43eb-9f24-a23f7a88ec07
FALSE,B08GQB2R2K,B07ZJT1X6Q,4ft led light fixtures,2,kw,68,8.59,241.97,0,0.63,-0.83,96,34.13,25.17,274.89,0,-1.96,59,1,3857.92,165.27,0.08,-0.93,1,63,0,0,0,-1.97,0.22,2.2,107,9f440b6d-b2d5-43eb-9f24-a23f7a88ec07
FALSE,B08GQB2R2K,B07ZJT1X6Q,4 ft led light fixture,2,kw,75,36.89,43.3,0,0.1,-1.7,96,64.85,11.33,274.89,0,-1.96,99,8.45,378.92,289.04,0,-1.69,1,93,0,0,0,-1.96,0.22,2.2,107,9f440b6d-b2d5-43eb-9f24-a23f7a88ec07
FALSE,B08GQB2R2K,B07ZJT1X6Q,4' led light fixture,3,sr_rc,96,7.69,364.38,0,0.14,-2.64,97,47.34,17.09,278.77,0,-2.97,76,1,4935.92,214.1,0.05,-1.95,1,74,0,0,0,-2.97,0.22,2.1,107,9f440b6d-b2d5-43eb-9f24-a23f7a88ec07
FALSE,B08GQB2R2K,B07ZJT1X6Q,garage ceiling lights,4,sr_rc,98,20.95,83.16,0,0.02,-1.85,100,26.99,53.86,299.6,0,-1.94,84,1,4812.93,237.39,0.03,-0.73,1,68,0,0,0,-1.97,0.22,2.2,107,9f440b6d-b2d5-43eb-9f24-a23f7a88ec07
FALSE,B08GQB2R2K,B07ZJT1X6Q,4ft led shop light,5,sr_rc,57,27.12,184.03,0,0.6,-1.81,96,47.37,54.8,274.89,0,-1.94,94,1,15859.32,267.94,0.03,-0.97,1,74,0,0,0,-1.97,0.22,2.1,107,9f440b6d-b2d5-43eb-9f24-a23f7a88ec07
TRUE,B0CZMJDDXG,B0CZMJDDXG,ceiling light with night light,1,kw,17,1,3561.39,0,45.64,0,79,1,3561.39,79.87,0.12,-0.98,15,1,3561.39,14.11,2.89,-0.93,1,14,0,0,0,-1.99,0.22,1.1,107,9f440b6d-b2d5-43eb-9f24-a23f7a88ec07
TRUE,B0CZMJDDXG,B0CZMJDDXG,smart recessed lighting 6 inch,2,kw,6,1,668.31,0,9.6,-0.1,41,1,668.31,40.41,0.1,-1.07,6,1,668.31,5.03,1.5,-1.03,1,6,0,0,0,-1.99,0.22,1.2,107,9f440b6d-b2d5-43eb-9f24-a23f7a88ec07
FALSE,B0CZMJDDXG,B0CZMJDDXG,smart can lights,2,kw,84,1,488.93,0,1.25,-0.34,99,30.25,2.83,113.75,0,-1.98,70,1,488.93,70.25,0.06,-1.27,1,46,0,0,0,-1.98,0.22,1.2,107,9f440b6d-b2d5-43eb-9f24-a23f7a88ec07
TRUE,B0D7DTLCCG,B07NX34J1T,hanging grow lights for indoor plants,1,kw,18,1,4019.07,0,61.01,0,68,1,4019.07,201.87,0.14,-0.93,16,1,4019.07,45.05,1.22,-0.82,1,18,0,0,0,-1.96,0.21,2.1,107,9f440b6d-b2d5-43eb-9f24-a23f7a88ec07
FALSE,B0D7DTLCCG,B07NX34J1T,hanging grow light,1,kw,67,6.68,314.79,0,1.83,-1.28,100,9.31,197.03,324.96,0,-1.68,54,1,3691.79,159.44,0.19,-0.88,1,45,0,0,0,-1.93,0.21,2.1,107,9f440b6d-b2d5-43eb-9f24-a23f7a88ec07
TRUE,B0D7DTLCCG,B07NX34J1T,grow lights for greenhouse,2,kw,23,1,1318.22,0,18.1,0,66,1.01,1301.3,195.79,0.07,-0.91,16,1.01,1301.3,45.05,0.34,-0.75,1,14,0,0,0,-1.99,0.21,2.2,107,9f440b6d-b2d5-43eb-9f24-a23f7a88ec07
FALSE,B0D7DTLCCG,B07NX34J1T,greenhouse lights,2,kw,47,6.7,121.88,0,1.09,-0.83,100,3.71,278.18,324.96,0,-1.57,44,1,1519.75,129.27,0.11,-0.88,1,31,0,0,0,-1.96,0.21,2.2,107,9f440b6d-b2d5-43eb-9f24-a23f7a88ec07
FALSE,B0D7DTLCCG,B07NX34J1T,led grow lights,3,sr_rc,10,32.71,26.68,0,0.44,-0.96,100,4.34,1016.34,324.96,0,-0.95,63,1,6679.56,186.68,0.26,-0.75,1,44,0,0,0,-1.91,0.21,2.1,107,9f440b6d-b2d5-43eb-9f24-a23f7a88ec07
FALSE,B0D7DTLCCG,B07NX34J1T,4ft grow light,4,sr_rc,11,1,858.53,0,11.77,0,66,1,858.53,195.79,0,-0.99,10,1,858.53,27.02,0.45,-0.91,1,13,0,0,0,-1.98,0.21,2.2,107,9f440b6d-b2d5-43eb-9f24-a23f7a88ec07
FALSE,B0D7DTLCCG,B07NX34J1T,4 ft grow light,4,sr_rc,8,1.06,814.8,0,13.61,0,54,1,880.32,159.44,0,-0.99,8,1,880.32,21.02,0.56,-0.93,1,10,0,0,0,-1.98,0.21,2.2,107,9f440b6d-b2d5-43eb-9f24-a23f7a88ec07
TRUE,B0F76FZRHL,B07CBYSBJL,a15 light bulb,1,kw,9,1.05,3463.25,0,158.68,-0.86,44,1.01,3646.49,438.06,0.21,-1.83,8,1,3694.88,71.2,2.29,-1.79,1,10,0,0,0,-2.85,0.21,1.1,107,9f440b6d-b2d5-43eb-9f24-a23f7a88ec07
TRUE,B0D96RHBXB,B0D96RHBXB,emergency exit sign with lights battery backup,1,kw,24,1,1806.73,0,45.66,-0.89,76,1,1806.73,75.49,0.21,-0.98,20,1,1806.73,19.05,2.33,-0.97,1,22,0,0,0,-1.99,0.21,2.1,107,9f440b6d-b2d5-43eb-9f24-a23f7a88ec07
TRUE,B0D7D7G5C1,B0CNL35B57,6 inch gimbal led recessed light,1,kw,13,1,899.02,0,17.04,0,42,1,899.02,41.51,0.2,-0.98,11,1,899.02,10.09,1.42,-0.96,1,10,0,0,0,-1.99,0.2,1.1,107,9f440b6d-b2d5-43eb-9f24-a23f7a88ec07
FALSE,B0D5N441QC,B0D5N441QC,recessed light,1,kw,27,1,3144.26,0,42.42,-1.47,73,1,3144.26,72.77,0.2,-1.54,21,1,3144.26,20.09,2.21,-1.51,1,26,0,0,0,-2.57,0.2,2.1,107,9f440b6d-b2d5-43eb-9f24-a23f7a88ec07
TRUE,B0BZ5RM8L4,B01MZFCBSY,br30 led bulb,1,kw,14,1,5738.87,0,247.51,-0.73,70,1,5738.87,561.49,0.17,-0.97,12,1,5738.87,89.3,2.79,-0.93,1,20,0,0,0,-1.99,0.19,1.1,107,9f440b6d-b2d5-43eb-9f24-a23f7a88ec07
TRUE,B0BZ5RM8L4,B01MZFCBSY,br30 led bulb 5000k,1,kw,15,1,965.74,0,46.43,-0.73,82,1,965.74,660.45,0,-0.99,14,1,965.74,105.54,0.36,-0.96,1,22,0,0,0,-1.99,0.19,1.1,107,9f440b6d-b2d5-43eb-9f24-a23f7a88ec07
FALSE,B0BZ5RM8L4,B01MZFCBSY,flood lights indoor,2,kw,34,1,3656.88,0,131.56,-0.83,89,1,3656.88,719.46,0.02,-0.97,28,1,3656.88,219.26,0.59,-0.95,1,29,0,0,0,-1.99,0.19,1.2,107,9f440b6d-b2d5-43eb-9f24-a23f7a88ec07
TRUE,B0C827SWGW,B0BVGNCFPG,br30 led bulb 3000k,1,kw,9,1,1167.11,0,60.36,0,56,1,1167.11,126.37,0.19,-0.97,8,1.04,1108.65,15.93,3.2,-0.93,1,12,0,0,0,-1.99,0.19,2.1,107,9f440b6d-b2d5-43eb-9f24-a23f7a88ec07
FALSE,B0C827SWGW,B0BVGNCFPG,br30 bulb,1,kw,35,1,685,0,21.17,-0.83,22,22.13,4.15,47.87,0,-1.97,21,1,685,45.58,0.62,-0.93,1,29,0,0,0,-1.99,0.19,2.1,107,9f440b6d-b2d5-43eb-9f24-a23f7a88ec07
TRUE,B0C7HL17RK,B0C3JG57C7,emergency lights,1,kw,7,1,45484.5,0,237.66,0,94,1,45484.5,100.33,0.15,-0.98,7,1,45484.5,6.05,30.68,-0.93,1,9,0,0,0,-1.99,0.19,1.1,107,9f440b6d-b2d5-43eb-9f24-a23f7a88ec07
TRUE,B0C7HL17RK,B0C3JG57C7,led emergency lights,1,kw,10,1,5404.98,0,26.02,0,92,1,5404.98,96.87,0.03,-0.98,10,1,5404.98,9.08,2.37,-0.91,1,9,0,0,0,-1.99,0.19,1.1,107,9f440b6d-b2d5-43eb-9f24-a23f7a88ec07
TRUE,B0C7HL17RK,B0C3JG57C7,emergency light,1,kw,17,1,156555.14,0,717.21,0,100,4.01,22644.17,134.35,0.01,-0.98,16,1,156555.14,15.15,40.85,-0.91,1,14,0,0,0,-1.99,0.19,1.1,107,9f440b6d-b2d5-43eb-9f24-a23f7a88ec07
TRUE,B0C7HL17RK,B0C3JG57C7,emergency lights for business,1,kw,8,1,23722.09,0,119.1,0,83,6.73,905.36,85.02,0,-1.56,8,1,23722.09,7.06,13.36,-0.95,1,10,0,0,0,-1.98,0.19,1.1,107,9f440b6d-b2d5-43eb-9f24-a23f7a88ec07
TRUE,B0DH9W4YF3,B0CM43RSXZ,75 watt led light bulbs daylight,1,kw,21,1,1020.6,0,50.4,-0.73,78,1,1020.6,78.42,0.19,-0.98,18,1,1020.6,17.11,2.76,-0.95,1,20,0,0,0,-1.99,0.19,2.1,107,9f440b6d-b2d5-43eb-9f24-a23f7a88ec07
FALSE,B0D9HVHZD7,B0D9HVHZD7,gu10 led bulb,1,kw,77,2.63,2701.6,0,53.56,-0.75,99,40.25,42.79,113.5,0,-2.43,63,1,9161.15,62.93,4.31,-1.63,1,67,0,0,0,-2.73,0.19,1.1,107,9f440b6d-b2d5-43eb-9f24-a23f7a88ec07
FALSE,B0D9HVHZD7,B0D9HVHZD7,mr16 led bulb dimmable,2,kw,26,1,501.59,0,32.63,-2.06,71,1,501.59,71.28,0.19,-2.31,22,1,501.59,21.17,1.46,-2.3,1,22,0,0,0,-3.32,0.19,1.2,107,9f440b6d-b2d5-43eb-9f24-a23f7a88ec07
FALSE,B0D9HVHZD7,B0D9HVHZD7,mr16 led bulb,2,kw,72,20.12,82.63,0,1.9,-2.57,90,44.82,16.74,92.69,0,-3.2,72,1,4417.14,72.33,1.39,-2.24,1,71,0,0,0,-3.32,0.19,1.2,107,9f440b6d-b2d5-43eb-9f24-a23f7a88ec07
TRUE,B0DPJCX688,B07VXKC3DY,dusk to dawn led outdoor light bulb,1,kw,7,1,24336.01,0,905.69,-0.95,100,3.04,3884.71,1965.7,0,-1.94,7,1,24336.01,101.18,8.37,-1.9,1,6,0,0,0,-2.94,0.18,2.1,107,9f440b6d-b2d5-43eb-9f24-a23f7a88ec07
FALSE,B0DPJCX688,B07VXKC3DY,dusk to dawn outdoor lighting,1,kw,51,1,15682.18,0,357.51,-1.63,46,40.13,8.67,760.94,0,-2.85,47,1,15682.18,777.94,0.47,-1.86,1,42,0,0,0,-2.89,0.18,2.1,107,9f440b6d-b2d5-43eb-9f24-a23f7a88ec07
TRUE,B0DPJCX688,B07VXKC3DY,dusk to dawn light bulbs,1,kw,13,1,8067.94,0,289.64,-1.73,100,4.25,672.63,1965.7,0,-1.89,12,1.02,7851.69,185.54,1.56,-1.85,1,7,0,0,0,-2.89,0.18,2.1,107,9f440b6d-b2d5-43eb-9f24-a23f7a88ec07
TRUE,B0DPJCX688,B07VXKC3DY,dawn to dusk light bulbs outdoor,1,kw,7,1,6043.01,0,268.34,-0.93,100,2.02,1963.78,1965.7,0,-1.92,7,1,6043.01,101.18,2.53,-1.86,1,5,0,0,0,-2.92,0.18,2.1,107,9f440b6d-b2d5-43eb-9f24-a23f7a88ec07
TRUE,B0DPJCX688,B07VXKC3DY,dusk to dawn light bulbs outdoor,1,kw,8,1,2262.6,0,94.28,-1.67,100,3.17,329,1965.7,0,-1.93,8,1,2262.6,118.05,0.81,-1.89,1,6,0,0,0,-2.93,0.18,2.1,107,9f440b6d-b2d5-43eb-9f24-a23f7a88ec07
TRUE,B0DPJCX688,B07VXKC3DY,dusk to dawn outdoor light bulb,1,kw,7,1,1190.03,0,46.52,-1.83,100,1.31,775.92,1965.7,0,-1.93,7,1,1190.03,101.18,0.46,-1.87,1,4,0,0,0,-2.93,0.18,2.1,107,9f440b6d-b2d5-43eb-9f24-a23f7a88ec07
TRUE,B0DPJCX688,B07VXKC3DY,dawn to dusk light bulbs,1,kw,13,1,1105.24,0,45.32,-1.68,100,4.33,87.57,1965.7,0,-2.46,12,1,1105.24,185.54,0.16,-1.82,1,7,0,0,0,-2.84,0.18,2.1,107,9f440b6d-b2d5-43eb-9f24-a23f7a88ec07
TRUE,B0DPJCX688,B07VXKC3DY,dusk to dawn light,1,kw,23,1,993.8,0,38.43,-0.75,15,18.43,1,236.18,0,-2.74,23,1,993.8,371.3,0.14,-1.63,1,19,0,0,0,-2.74,0.18,2.1,107,9f440b6d-b2d5-43eb-9f24-a23f7a88ec07
TRUE,B0DPJCX688,B07VXKC3DY,outdoor dusk to dawn light bulbs,1,kw,7,1,809.22,0,35.69,-1.67,100,2.18,227.71,1965.7,0,-1.94,7,1,809.22,101.18,0.34,-1.89,1,5,0,0,0,-2.93,0.18,2.1,107,9f440b6d-b2d5-43eb-9f24-a23f7a88ec07
TRUE,B0DPJCX688,B07VXKC3DY,dusk to dawn bulbs,1,kw,9,1,819.18,0,34.95,-1.69,100,2.43,185.21,1965.7,0,-2.04,9,1,819.18,134.92,0.33,-1.81,1,5,0,0,0,-2.85,0.18,2.1,107,9f440b6d-b2d5-43eb-9f24-a23f7a88ec07
TRUE,B0DPJCX688,B07VXKC3DY,dusk to dawn light bulb,1,kw,11,1,1015.44,0,34.86,-1.73,99,3.4,125.13,1821.65,0,-2.35,10,1,1015.44,151.79,0.27,-1.85,1,6,0,0,0,-2.89,0.18,2.1,107,9f440b6d-b2d5-43eb-9f24-a23f7a88ec07
TRUE,B0DPJCX688,B07VXKC3DY,dusk to dawn,1,kw,21,1,976.37,0,33.66,-1.53,49,9.24,12.49,811.96,0,-2.74,19,1,976.37,303.72,0.14,-1.71,1,11,0,0,0,-2.78,0.18,2.1,107,9f440b6d-b2d5-43eb-9f24-a23f7a88ec07
TRUE,B0DPJCX688,B07VXKC3DY,outdoor light bulbs dusk to dawn,1,kw,12,1,749.16,0,29.79,-0.95,100,4.27,61.67,1965.7,0,-2.67,11,1,749.16,168.67,0.15,-1.9,1,7,0,0,0,-2.94,0.18,2.1,107,9f440b6d-b2d5-43eb-9f24-a23f7a88ec07
FALSE,B0DPJCX688,B07VXKC3DY,dusk to dawn lights,1,kw,31,1,861.4,0,29.65,-0.82,15,30.43,0.28,236.18,0,-2.81,30,1,861.4,489.67,0,-1.81,1,31,0,0,0,-2.81,0.18,2.1,107,9f440b6d-b2d5-43eb-9f24-a23f7a88ec07
TRUE,B0DPJCX688,B07VXKC3DY,led dusk to dawn outdoor light bulbs,1,kw,9,1,710.58,0,28.22,-1.63,100,3.16,104.07,1965.7,0,-2.44,9,1,710.58,134.92,0.15,-1.86,1,6,0,0,0,-2.89,0.18,2.1,107,9f440b6d-b2d5-43eb-9f24-a23f7a88ec07
TRUE,B0DPJCX688,B07VXKC3DY,dusk dawn light bulb,1,kw,7,1,602.96,0,25.42,-1.62,100,3.46,71.14,1965.7,0,-2.57,7,1,602.96,101.18,0.16,-1.84,1,6,0,0,0,-2.88,0.18,2.1,107,9f440b6d-b2d5-43eb-9f24-a23f7a88ec07
FALSE,B0DPJCX688,B07VXKC3DY,dusk to dawn led outdoor light,1,kw,39,88.51,4.94,0,0.09,-2.73,15,121.6,0.14,236.18,0,-3.74,100,60.06,14.06,1965.7,0,-3.68,1,123,0,0,0,-3.74,0.18,2.1,107,9f440b6d-b2d5-43eb-9f24-a23f7a88ec07
TRUE,B0DPJCX688,B07VXKC3DY,outdoor edison bulbs,2,kw,6,1,1021.38,0,49.77,-0.8,9,1.27,700.94,134.92,0.18,-1.73,5,1,1021.38,67.45,0.76,-1.62,1,4,0,0,0,-2.79,0.18,2.2,107,9f440b6d-b2d5-43eb-9f24-a23f7a88ec07
FALSE,B0DPJCX688,B07VXKC3DY,edison bulbs outdoor,2,kw,8,1,324.87,0,14.08,-1.75,33,1,324.87,540.45,0,-2.74,6,1,324.87,84.31,0.17,-2.57,1,6,0,0,0,-3.73,0.18,2.2,107,9f440b6d-b2d5-43eb-9f24-a23f7a88ec07
FALSE,B0DPJCX688,B07VXKC3DY,edison bulb,2,kw,100,9.93,163.76,0,0.07,-2.14,19,82.61,0.44,303.72,0,-2.89,100,1.97,1315.48,1965.7,0,-1.88,1,85,0,0,0,-2.89,0.18,2.2,107,9f440b6d-b2d5-43eb-9f24-a23f7a88ec07
FALSE,B0DPJCX688,B07VXKC3DY,dusk till dawn outdoor light,3,sr_rc,65,1,1322.14,0,20.93,-1.9,49,41.92,0.73,811.96,0,-3.88,58,1,1322.14,965.51,0,-2.87,1,44,0,0,0,-3.88,0.18,2.1,107,9f440b6d-b2d5-43eb-9f24-a23f7a88ec07
FALSE,B0DPJCX688,B07VXKC3DY,dusk till dawn outdoor light bulb,3,sr_rc,10,1,1098.76,0,39.22,-2.77,100,3.28,167.09,1965.7,0,-3.2,9,1,1098.76,134.92,0.28,-2.91,1,7,0,0,0,-3.93,0.18,2.1,107,9f440b6d-b2d5-43eb-9f24-a23f7a88ec07
FALSE,B0DPJCX688,B07VXKC3DY,dusk to dawn sensor light bulbs,4,sr_rc,19,1,378.41,0,14.51,-0.82,96,7.49,9.81,1678.53,0,-2.77,19,1,378.41,303.72,0,-1.81,1,10,0,0,0,-2.81,0.18,2.2,107,9f440b6d-b2d5-43eb-9f24-a23f7a88ec07
FALSE,B0DPJCX688,B07VXKC3DY,light sensor light bulb,4,sr_rc,29,1,870.64,0,31.51,-0.86,18,24.21,0.65,286.83,0,-2.85,28,1,870.64,455.84,0,-1.85,1,25,0,0,0,-2.85,0.18,2.2,107,9f440b6d-b2d5-43eb-9f24-a23f7a88ec07
FALSE,B0DPJCX688,B07VXKC3DY,photocell light bulb,5,sr_rc,8,1.08,776.02,0,30.46,-2.76,100,4.18,86.53,1965.7,0,-3.48,8,1,861.37,118.05,0.31,-2.82,1,8,0,0,0,-3.86,0.18,2.1,107,9f440b6d-b2d5-43eb-9f24-a23f7a88ec07
FALSE,B0DPJCX688,B07VXKC3DY,light sensing outdoor bulb,6,sr_rc,7,1,593.61,0,28.58,-0.9,100,3.86,63.12,1965.7,0,-2.61,7,1,593.61,101.18,0.17,-1.83,1,7,0,0,0,-2.89,0.18,2.2,107,9f440b6d-b2d5-43eb-9f24-a23f7a88ec07
FALSE,B0DPJCX688,B07VXKC3DY,vintage light bulbs,7,sr_rc,92,74.15,14.48,0,0.07,-2.68,7,145.59,0.22,101.18,0,-2.77,92,63.53,19.81,1577.92,0,-2.68,1,148,0,0,0,-2.77,0.18,2.1,107,9f440b6d-b2d5-43eb-9f24-a23f7a88ec07
FALSE,B0DPJCX688,B07VXKC3DY,dusk to dawn bug light bulbs outdoor,8,sr_rc,53,1,1149.67,0,23.73,-2.75,99,26.44,4.12,1821.65,0,-3.89,48,1,1149.67,794.95,0,-2.91,1,32,0,0,0,-3.91,0.18,2.2,107,9f440b6d-b2d5-43eb-9f24-a23f7a88ec07
FALSE,B0DPJCX688,B07VXKC3DY,dusk to dawn candelabra bulbs outdoor,9,sr_rc,18,1,592.49,0,18.68,-2.75,83,10.63,9.33,1402.36,0,-3.87,18,1,592.49,286.83,0.12,-2.9,1,14,0,0,0,-3.91,0.18,2.1,107,9f440b6d-b2d5-43eb-9f24-a23f7a88ec07
TRUE,B0F5J514MC,B09C7PXDSK,ufo led high bay light,1,kw,5,1,22850.18,0,58.81,0,62,1,22850.18,106.95,0.17,-0.97,5,1,22850.18,6.95,6.62,-0.91,1,7,0,0,0,-1.99,0.17,1.1,107,9f440b6d-b2d5-43eb-9f24-a23f7a88ec07
TRUE,B0F5J514MC,B09C7PXDSK,high bay lights,1,kw,15,1,12170.31,0,34.8,0,80,26.77,26.91,140.01,0,-1.98,14,1,12170.31,22.61,1.29,-0.96,1,30,0,0,0,-1.99,0.17,1.1,107,9f440b6d-b2d5-43eb-9f24-a23f7a88ec07
TRUE,B0F5J514MC,B09C7PXDSK,led high bay lights,1,kw,15,1,10981.77,0,25.9,0,17,19.3,12.11,27.83,0,-1.99,15,1,10981.77,24.35,0.9,-0.95,1,20,0,0,0,-1.99,0.17,1.1,107,9f440b6d-b2d5-43eb-9f24-a23f7a88ec07
TRUE,B0F5J514MC,B09C7PXDSK,high bay led lights,1,kw,18,1,4819.24,0,11.17,0,17,21.33,4.07,27.83,0,-1.99,18,1,4819.24,29.58,0.38,-0.95,1,22,0,0,0,-1.99,0.17,1.1,107,9f440b6d-b2d5-43eb-9f24-a23f7a88ec07
TRUE,B0F5J514MC,B09C7PXDSK,led ufo high bay light,1,kw,11,1,2810.88,0,7.77,-0.21,100,10.59,78.25,222.28,0,-1.97,11,1,2810.88,17.39,0.3,-1.14,1,19,0,0,0,-1.99,0.17,1.1,107,9f440b6d-b2d5-43eb-9f24-a23f7a88ec07
TRUE,B0F5J514MC,B09C7PXDSK,high bay led,1,kw,10,1,2134.29,0,6.62,-0.4,100,6.73,106.08,222.28,0,-1.96,10,1,2134.29,15.65,0.34,-1.35,1,12,0,0,0,-1.99,0.17,1.1,107,9f440b6d-b2d5-43eb-9f24-a23f7a88ec07
FALSE,B0F5J514MC,B09C7PXDSK,high bay led shop lights,2,kw,32,1.02,19401.44,0,30.08,-1.89,17,43.21,4.06,27.83,0,-2.99,31,1,19892.12,52.27,0.57,-1.97,1,44,0,0,0,-2.99,0.17,1.2,107,9f440b6d-b2d5-43eb-9f24-a23f7a88ec07
FALSE,B0F5J514MC,B09C7PXDSK,commercial bay lighting,3,sr_rc,11,1,5226.87,0,14.89,-1,90,6.72,351.6,160.65,0,-2.89,10,1,5226.87,15.65,0.8,-1.93,1,18,0,0,0,-2.99,0.17,1.1,107,9f440b6d-b2d5-43eb-9f24-a23f7a88ec07
FALSE,B0BWPGBST7,B0BWPGBST7,2x2 led flat panel light,1,kw,46,1,27162.49,0,47.98,-1.46,84,1,27162.49,83.49,0.17,-1.55,36,1,27162.49,35.07,1.55,-1.54,1,38,0,0,0,-2.56,0.17,2.1,107,9f440b6d-b2d5-43eb-9f24-a23f7a88ec07
TRUE,B0DQXS4DPP,B0CZ4J734J,cool white light bulbs,1,kw,22,1,960.23,0,57.6,-0.83,91,1,960.23,98.09,0.08,-0.97,20,1,960.23,19.3,2.84,-0.91,1,29,0,0,0,-1.99,0.17,1.1,107,9f440b6d-b2d5-43eb-9f24-a23f7a88ec07
TRUE,B0DQXS4DPP,B0CZ4J734J,cool white led light bulbs,1,kw,24,1,810.56,0,47.05,-0.73,92,1,810.56,99.9,0.05,-0.97,21,1,810.56,20.32,2.3,-0.93,1,29,0,0,0,-1.99,0.17,1.1,107,9f440b6d-b2d5-43eb-9f24-a23f7a88ec07
FALSE,B0DQXS4DPP,B0CZ4J734J,4000k light bulbs,2,kw,29,1,602.52,0,31.99,-0.89,90,1,602.52,96.41,0.04,-0.97,26,1,602.52,25.42,1.29,-0.93,1,37,0,0,0,-1.99,0.17,1.2,107,9f440b6d-b2d5-43eb-9f24-a23f7a88ec07
TRUE,B07MG5L8WG,B077DVLGZX,4000k led light bulbs,1,kw,23,1,8031.58,0,137.09,-1.58,73,1,8031.58,329.38,0.16,-1.67,21,1,8031.58,91.08,1.5,-1.66,1,20,0,0,0,-2.68,0.16,2.1,107,9f440b6d-b2d5-43eb-9f24-a23f7a88ec07
TRUE,B07R7X535W,B07RBZ3WFR,br40 led light bulbs 3000k,1,kw,2,1,1381.98,0,19.86,-0.83,14,1.03,1295.48,72.35,0.16,-0.97,2,1,1381.98,5.56,3,-0.91,1,2,0,0,0,-1.99,0.16,1.1,107,9f440b6d-b2d5-43eb-9f24-a23f7a88ec07
TRUE,B0C6N8SHKT,B089QVVMCQ,dusk to dawn led outdoor light bulb,1,kw,17,1,25237.61,0,969,0,21,14.15,135.16,329.11,0,-1.37,16,1,25237.61,246.79,3.55,-0.97,1,16,0,0,0,-1.99,0.16,2.1,107,9f440b6d-b2d5-43eb-9f24-a23f7a88ec07
TRUE,B0C6N8SHKT,B089QVVMCQ,dusk to dawn light bulbs,1,kw,17,1,8195.64,0,316.38,0,22,13.71,56.31,345.58,0,-1.73,15,1,8195.64,230.33,1.28,-0.96,1,16,0,0,0,-1.99,0.16,2.1,107,9f440b6d-b2d5-43eb-9f24-a23f7a88ec07
FALSE,B0C6N8SHKT,B089QVVMCQ,dawn to dusk light bulbs outdoor,1,kw,21,1,6479.3,0,224.67,-1.89,17,15.01,32.55,263.26,0,-2.84,18,1,6479.3,279.72,0.81,-1.97,1,17,0,0,0,-2.99,0.16,2.1,107,9f440b6d-b2d5-43eb-9f24-a23f7a88ec07
FALSE,B0C6N8SHKT,B089QVVMCQ,dusk to dawn outdoor lighting,1,kw,73,1,14991.14,0,181.99,-1.83,56,34.52,30.44,906.83,0,-2.85,57,1,14991.14,923.4,0.29,-1.97,1,40,0,0,0,-2.99,0.16,2.1,107,9f440b6d-b2d5-43eb-9f24-a23f7a88ec07
TRUE,B0C6N8SHKT,B089QVVMCQ,dusk to dawn outdoor light bulb,1,kw,18,1,1335.86,0,50.63,-0.83,17,13.25,7.86,263.26,0,-1.95,16,1,1335.86,246.79,0.15,-0.97,1,15,0,0,0,-1.99,0.16,2.1,107,9f440b6d-b2d5-43eb-9f24-a23f7a88ec07
TRUE,B0C6N8SHKT,B089QVVMCQ,outdoor dusk to dawn light bulbs,1,kw,23,1,872.4,0,33.77,-0.83,18,18.08,2.84,279.72,0,-1.98,21,1,872.4,329.11,0.15,-0.97,1,20,0,0,0,-1.99,0.16,2.1,107,9f440b6d-b2d5-43eb-9f24-a23f7a88ec07
TRUE,B0C6N8SHKT,B089QVVMCQ,outdoor light bulbs dusk to dawn,1,kw,21,1,761.02,0,28.52,-0.73,17,14.2,3.95,263.26,0,-1.97,18,1,761.02,279.72,0.14,-0.96,1,16,0,0,0,-1.99,0.16,2.1,107,9f440b6d-b2d5-43eb-9f24-a23f7a88ec07
FALSE,B0C6N8SHKT,B089QVVMCQ,dusk dawn light bulb,1,kw,44,1,636.28,0,17.23,-0.89,17,28.37,0.66,263.26,0,-1.99,36,1,636.28,576.29,0,-0.98,1,30,0,0,0,-1.98,0.16,2.1,107,9f440b6d-b2d5-43eb-9f24-a23f7a88ec07
FALSE,B0C6N8SHKT,B089QVVMCQ,dusk to dawn lights,1,kw,85,1,828.18,0,6.87,-1.44,30,40.56,0.99,477.37,0,-2.54,69,1,828.18,1123.04,0,-1.53,1,45,0,0,0,-2.53,0.16,2.1,107,9f440b6d-b2d5-43eb-9f24-a23f7a88ec07
FALSE,B0C6N8SHKT,B089QVVMCQ,dusk to dawn light,1,kw,100,6.97,79.88,0,0.04,-1.53,34,52.5,0.67,543.31,0,-1.99,97,1,968.93,1631.4,0,-0.98,1,57,0,0,0,-1.99,0.16,2.1,107,9f440b6d-b2d5-43eb-9f24-a23f7a88ec07
FALSE,B0C6N8SHKT,B089QVVMCQ,light sensor light bulb,2,kw,33,1,837.61,0,28.37,-0.73,12,30.58,1.46,180.96,0,-1.98,28,1,837.61,444.41,0,-0.98,1,34,0,0,0,-1.98,0.16,2.2,107,9f440b6d-b2d5-43eb-9f24-a23f7a88ec07
FALSE,B0C6N8SHKT,B089QVVMCQ,dusk to dawn sensor light bulbs,2,kw,27,1,376.99,0,13.65,-0.73,17,24.46,0.52,263.26,0,-1.99,23,1,376.99,362.05,0,-0.99,1,26,0,0,0,-1.99,0.16,2.2,107,9f440b6d-b2d5-43eb-9f24-a23f7a88ec07
TRUE,B0C6N8SHKT,B089QVVMCQ,dusk to dawn candelabra bulbs outdoor,3,sr_rc,3,1,341.04,0,15.9,-0.89,9,1,341.04,131.6,0.16,-0.97,3,1,341.04,32.89,0.53,-0.95,1,2,0,0,0,-1.99,0.16,2.1,107,9f440b6d-b2d5-43eb-9f24-a23f7a88ec07
FALSE,B0C6N8SHKT,B089QVVMCQ,led bulbs 40w,4,sr_rc,100,99.05,1.17,0,0,-2.72,85,133.72,0.31,1394.41,0,-2.74,100,77.05,2.19,1794.11,0,-2.72,1,154,0,0,0,-2.73,0.16,2.2,107,9f440b6d-b2d5-43eb-9f24-a23f7a88ec07
TRUE,B0C6N8SHKT,B089QVVMCQ,outdoor candelabra light bulbs,5,sr_rc,4,1,413.21,0,20.08,-1.33,23,1,413.21,362.05,0,-1.59,3,1.02,401.55,32.89,0.55,-1.53,1,5,0,0,0,-2.58,0.16,2.1,107,9f440b6d-b2d5-43eb-9f24-a23f7a88ec07
FALSE,B0C6N8SHKT,B089QVVMCQ,solar light bulbs for outside,6,sr_rc,48,110.6,1.74,0,0,-3.8,22,154.19,0.07,345.58,0,-3.82,100,78.4,4.38,1794.11,0,-3.79,1,157,0,0,0,-3.81,0.16,2.2,107,9f440b6d-b2d5-43eb-9f24-a23f7a88ec07
FALSE,B0C6N8SHKT,B089QVVMCQ,outdoor bulbs for porch light,7,sr_rc,100,25.46,9.61,0,0,-3.68,91,70.34,1.02,1502.12,0,-3.77,100,1,680.62,1794.11,0,-2.76,1,94,0,0,0,-3.76,0.16,2.1,107,9f440b6d-b2d5-43eb-9f24-a23f7a88ec07
TRUE,B092F1GJ4T,B01NBKAS6T,5000k led light bulbs,1,kw,13,1,7267.75,0,130.15,0,78,1,7267.75,1339.89,0.04,-0.98,12,1,7267.75,190.13,0.6,-0.95,1,19,0,0,0,-1.99,0.15,1.1,107,9f440b6d-b2d5-43eb-9f24-a23f7a88ec07
FALSE,B092F1GJ4T,B01NBKAS6T,led 5000k light bulbs,1,kw,27,1,1399.42,0,25.16,0,100,8.87,78.29,1906.43,0,-1.83,24,1,1399.42,397.71,0,-0.97,1,40,0,0,0,-1.98,0.15,1.1,107,9f440b6d-b2d5-43eb-9f24-a23f7a88ec07
TRUE,B092F1GJ4T,B01NBKAS6T,br40 led light bulbs 5000k daylight,1,kw,2,1,782.5,0,16.35,-0.83,11,1,782.5,172.84,0,-0.99,2,1,782.5,17.28,0.95,-0.95,1,2,0,0,0,-1.99,0.15,1.1,107,9f440b6d-b2d5-43eb-9f24-a23f7a88ec07
FALSE,B092F1GJ4T,B01NBKAS6T,indoor flood light bulbs,2,kw,65,1,13530.77,0,107.97,-0.83,6,39.85,8.67,86.41,0,-1.97,46,1,13530.77,779.06,0.22,-0.96,1,42,0,0,0,-1.98,0.15,1.2,107,9f440b6d-b2d5-43eb-9f24-a23f7a88ec07
TRUE,B092F1GJ4T,B01NBKAS6T,led indoor flood light bulbs,2,kw,17,1,2280.65,0,41.54,0,92,7.18,126.74,1601.26,0,-1.75,16,1,2280.65,259.3,0.16,-0.95,1,16,0,0,0,-1.98,0.15,1.2,107,9f440b6d-b2d5-43eb-9f24-a23f7a88ec07
FALSE,B092F1GJ4T,B01NBKAS6T,led flood lights indoor,2,kw,37,1,1860.54,0,25.84,-0.73,6,28.05,2.36,86.41,0,-1.98,31,1,1860.54,518.91,0,-0.97,1,30,0,0,0,-1.98,0.15,1.2,107,9f440b6d-b2d5-43eb-9f24-a23f7a88ec07
FALSE,B092F1GJ4T,B01NBKAS6T,flood lights,2,kw,56,133.59,18.97,0,0.15,-1.88,82,173.97,1.83,1411.85,0,-1.98,58,129.03,21.67,987.9,0,-1.92,1,180,0,0,0,-1.97,0.15,1.2,107,9f440b6d-b2d5-43eb-9f24-a23f7a88ec07
FALSE,B092F1GJ4T,B01NBKAS6T,br40 led light bulbs,3,sr_rc,4,1,5189.07,0,96.75,-0.83,40,1,5189.07,674.91,0.11,-0.98,3,1.16,4012.36,34.56,2.04,-0.96,1,3,0,0,0,-1.99,0.15,1.1,107,9f440b6d-b2d5-43eb-9f24-a23f7a88ec07
FALSE,B092F1GJ4T,B01NBKAS6T,br40 light bulbs,3,sr_rc,3,1,803.91,0,18.92,-0.83,38,1,803.91,640.22,0,-0.99,3,1,803.91,34.56,0.43,-0.95,1,3,0,0,0,-1.99,0.15,1.1,107,9f440b6d-b2d5-43eb-9f24-a23f7a88ec07
FALSE,B092F1GJ4T,B01NBKAS6T,kitchen light bulbs,4,sr_rc,100,20.68,60.09,0,0.01,-1.84,96,59.42,7.87,1692.27,0,-1.97,88,1,3131.73,1522.72,0,-0.98,1,91,0,0,0,-1.98,0.15,1.2,107,9f440b6d-b2d5-43eb-9f24-a23f7a88ec07
FALSE,B092F1GJ4T,B01NBKAS6T,daylight led bulbs,5,sr_rc,95,19.58,386.22,0,0.47,-1.19,96,63.88,38.49,1692.27,0,-1.92,85,1,18489.12,1466.67,0.03,-0.97,1,93,0,0,0,-1.99,0.15,1.1,107,9f440b6d-b2d5-43eb-9f24-a23f7a88ec07
FALSE,B092F1GJ4T,B01NBKAS6T,led daylight bulbs,5,sr_rc,66,1,3228.18,0,25.97,-0.83,97,33.33,21.88,1720.79,0,-1.93,43,1,3228.18,726.97,0,-0.95,1,62,0,0,0,-1.96,0.15,1.1,107,9f440b6d-b2d5-43eb-9f24-a23f7a88ec07
TRUE,B0F6KH76LF,B08TMY6322,3000k light bulb,1,kw,24,1,1083.11,0,43.49,-0.89,83,1,1083.11,85.6,0.11,-0.98,21,1,1083.11,20.25,2.05,-0.96,1,28,0,0,0,-1.99,0.15,2.1,107,9f440b6d-b2d5-43eb-9f24-a23f7a88ec07
FALSE,B0F6KH76LF,B08TMY6322,light bulbs 3000k,1,kw,33,1,906.93,0,30.84,-0.89,91,1,906.93,96.36,0.04,-0.98,29,1,906.93,28.38,1.09,-0.96,1,37,0,0,0,-1.99,0.15,2.1,107,9f440b6d-b2d5-43eb-9f24-a23f7a88ec07
TRUE,B0BS1R5896,B01MTENTQ0,led bulbs,1,kw,13,1,22665.95,0,829.87,0,100,9.63,744.86,7501.73,0,-0.99,13,1,22665.95,721.56,1.08,-0.91,1,18,0,0,0,-1.99,0.14,1.1,107,9f440b6d-b2d5-43eb-9f24-a23f7a88ec07
FALSE,B0BS1R5896,B01MTENTQ0,led can light bulbs,1,kw,1,1,0,0,0,-1.97,1,1,0,0,0,-1.99,1,1,0,0,0,-1.98,1,1,0,0,0,-1.98,0.14,1.1,107,9f440b6d-b2d5-43eb-9f24-a23f7a88ec07
FALSE,B0BS1R5896,B01MTENTQ0,dimmable light bulbs,2,kw,53,1,12420.79,0,255.81,0,76,37.28,25.45,4572.07,0,-1.88,50,1,12420.79,2959.17,0.09,-0.91,1,44,0,0,0,-1.96,0.14,1.2,107,9f440b6d-b2d5-43eb-9f24-a23f7a88ec07
FALSE,B0BS1R5896,B01MTENTQ0,led light bulbs dimmable,2,kw,33,1,706.02,0,21.8,-0.67,100,6.97,39.77,7501.73,0,-2.49,28,1,706.02,1625.59,0,-1.6,1,15,0,0,0,-2.63,0.14,1.2,107,9f440b6d-b2d5-43eb-9f24-a23f7a88ec07
TRUE,B0BS1R5896,B01MTENTQ0,3000k led light bulbs dimmable,2,kw,8,1,524.71,0,20.34,0,83,1,524.71,5030.96,0,-0.99,7,1,524.71,360.64,0,-0.98,1,6,0,0,0,-1.98,0.14,1.2,107,9f440b6d-b2d5-43eb-9f24-a23f7a88ec07
FALSE,B0BS1R5896,B01MTENTQ0,3000k led light bulbs,3,sr_rc,3,1,4414.3,0,186.87,-0.89,29,1,4414.3,1685.97,0.14,-0.99,3,1,4414.3,120.18,1.57,-0.97,1,3,0,0,0,-1.99,0.14,1.1,107,9f440b6d-b2d5-43eb-9f24-a23f7a88ec07
FALSE,B0BS1R5896,B01MTENTQ0,light bulbs 3000k,3,sr_rc,5,1,1041.82,0,44.91,0,100,1.75,475.51,7501.73,0,-0.99,5,1,1041.82,240.39,0.18,-0.97,1,8,0,0,0,-1.98,0.14,1.1,107,9f440b6d-b2d5-43eb-9f24-a23f7a88ec07
FALSE,B0BS1R5896,B01MTENTQ0,led light bulb 3000k,3,sr_rc,7,1,791.11,0,28.31,0,100,3.71,115.66,7501.73,0,-1.56,6,1,791.11,300.51,0.16,-0.98,1,10,0,0,0,-1.99,0.14,1.1,107,9f440b6d-b2d5-43eb-9f24-a23f7a88ec07
FALSE,B0BS1R5896,B01MTENTQ0,3000k light bulbs,3,sr_rc,4,1,555.31,0,25.91,-0.73,47,1,555.31,2776.47,0,-0.99,4,1,555.31,180.28,0.21,-0.97,1,4,0,0,0,-1.99,0.14,1.1,107,9f440b6d-b2d5-43eb-9f24-a23f7a88ec07
FALSE,B0BS1R5896,B01MTENTQ0,3000k light bulb,3,sr_rc,4,1,1169.75,0,50.17,0,66,1,1169.75,3942.36,0,-0.99,4,1,1169.75,180.28,0.19,-0.98,1,5,0,0,0,-1.99,0.14,1.1,107,9f440b6d-b2d5-43eb-9f24-a23f7a88ec07
FALSE,B0BS1R5896,B01MTENTQ0,light bulbs for recessed lighting,4,sr_rc,1,1,0,0,0,-1.98,1,1,0,0,0,-1.99,1,1,0,0,0,-1.98,1,1,0,0,0,-1.99,0.14,1.2,107,9f440b6d-b2d5-43eb-9f24-a23f7a88ec07
FALSE,B0BS1R5896,B01MTENTQ0,recessed can lights,4,sr_rc,8,1,262.78,0,6.45,-1.5,62,1,262.78,3694.69,0,-1.65,8,1,262.78,420.77,0,-1.63,1,10,0,0,0,-2.61,0.14,1.2,107,9f440b6d-b2d5-43eb-9f24-a23f7a88ec07
FALSE,B0BS1R5896,B01MTENTQ0,can light bulbs,4,sr_rc,1,1,0,0,0,-1.98,1,1,0,0,0,-1.99,1,1,0,0,0,-1.99,1,1,0,0,0,-1.99,0.14,1.2,107,9f440b6d-b2d5-43eb-9f24-a23f7a88ec07
FALSE,B0BS1R5896,B01MTENTQ0,recessed lighting bulbs,4,sr_rc,1,1,0,0,0,-1.97,1,1,0,0,0,-1.99,1,1,0,0,0,-1.98,1,1,0,0,0,-1.98,0.14,1.2,107,9f440b6d-b2d5-43eb-9f24-a23f7a88ec07
FALSE,B0BS1R5896,B01MTENTQ0,recessed light bulbs,4,sr_rc,1,1,0,0,0,-1.98,1,1,0,0,0,-1.99,1,1,0,0,0,-1.98,1,1,0,0,0,-1.99,0.14,1.2,107,9f440b6d-b2d5-43eb-9f24-a23f7a88ec07
FALSE,B0BS1R5896,B01MTENTQ0,recess light bulbs,4,sr_rc,1,1,0,0,0,-1.98,1,1,0,0,0,-1.99,1,1,0,0,0,-1.99,1,1,0,0,0,-1.99,0.14,1.2,107,9f440b6d-b2d5-43eb-9f24-a23f7a88ec07
FALSE,B0BS1R5896,B01MTENTQ0,par30 led bulb,5,sr_rc,5,1,776.56,0,24.92,-1.73,21,1.02,753.49,1203.36,0,-1.99,4,1,776.56,180.28,0.15,-1.96,1,4,0,0,0,-2.99,0.14,1.1,107,9f440b6d-b2d5-43eb-9f24-a23f7a88ec07
FALSE,B0BS1R5896,B01MTENTQ0,br30 led bulb 3000k,6,sr_rc,1,1,0,0,0,-1.98,1,1,0,0,0,-1.99,1,1,0,0,0,-1.98,1,1,0,0,0,-1.98,0.14,1.2,107,9f440b6d-b2d5-43eb-9f24-a23f7a88ec07
FALSE,B0BS1R5896,B01MTENTQ0,br30 led bulb,6,sr_rc,1,1,0,0,0,-1.98,1,1,0,0,0,-1.99,1,1,0,0,0,-1.98,1,1,0,0,0,-1.98,0.14,1.2,107,9f440b6d-b2d5-43eb-9f24-a23f7a88ec07
FALSE,B0BS1R5896,B01MTENTQ0,br 30 led bulbs,6,sr_rc,2,1,491.98,0,18.3,-1.89,6,1.04,451.37,300.51,0,-1.99,2,1,491.98,60.09,0.35,-1.95,1,2,0,0,0,-2.98,0.14,1.2,107,9f440b6d-b2d5-43eb-9f24-a23f7a88ec07
FALSE,B0BS1R5896,B01MTENTQ0,65w flood light indoor,7,sr_rc,13,1,838.89,0,30.2,-1,51,4.58,91.75,3020.15,0,-2.65,11,1,838.89,601.22,0,-1.98,1,12,0,0,0,-2.99,0.14,1.1,107,9f440b6d-b2d5-43eb-9f24-a23f7a88ec07
FALSE,B0BS1R5896,B01MTENTQ0,indoor flood light bulbs 65w,7,sr_rc,17,1,1385.49,0,53.94,0,100,5.34,134.44,7501.73,0,-1.49,15,1,1385.49,841.95,0,-0.99,1,17,0,0,0,-1.99,0.14,1.1,107,9f440b6d-b2d5-43eb-9f24-a23f7a88ec07
FALSE,B0BS1R5896,B01MTENTQ0,65w 120v flood light indoor,7,sr_rc,15,1,1282.61,0,39.32,-1,74,1,1282.61,4444.44,0,-1.99,12,1,1282.61,661.39,0,-1.98,1,13,0,0,0,-2.99,0.14,1.1,107,9f440b6d-b2d5-43eb-9f24-a23f7a88ec07
FALSE,B0BS1R5896,B01MTENTQ0,floodlight bulb,8,sr_rc,10,1,826.48,0,26.12,-1.83,82,1,826.48,4963.81,0,-1.99,9,1,826.48,480.91,0,-1.99,1,10,0,0,0,-2.99,0.14,1.2,107,9f440b6d-b2d5-43eb-9f24-a23f7a88ec07
FALSE,B0BS1R5896,B01MTENTQ0,led spot lights indoor,9,sr_rc,1,1,0,0,0,-2.98,1,1,0,0,0,-2.99,1,1,0,0,0,-2.98,1,1,0,0,0,-2.99,0.14,1.1,107,9f440b6d-b2d5-43eb-9f24-a23f7a88ec07
FALSE,B0BS1R5896,B01MTENTQ0,flood light bulb,10,sr_rc,8,1,1402.73,0,53.33,0,87,1,1402.73,5308.71,0,-0.99,7,1,1402.73,360.64,0.17,-0.97,1,6,0,0,0,-1.99,0.14,1.2,107,9f440b6d-b2d5-43eb-9f24-a23f7a88ec07
FALSE,B0BS1R5896,B01MTENTQ0,65 watt flood light bulbs indoor,11,sr_rc,13,1,3163.65,0,125.11,0,62,1,3163.65,3694.69,0,-0.99,12,1,3163.65,661.39,0.17,-0.88,1,12,0,0,0,-1.99,0.14,1.1,107,9f440b6d-b2d5-43eb-9f24-a23f7a88ec07
FALSE,B0BS1R5896,B01MTENTQ0,led spotlight bulb,12,sr_rc,5,1,650.43,0,23.95,-1.73,28,1,650.43,1625.59,0,-1.99,5,1,650.43,240.39,0.17,-1.96,1,4,0,0,0,-2.99,0.14,1.2,107,9f440b6d-b2d5-43eb-9f24-a23f7a88ec07
FALSE,B0BS1R5896,B01MTENTQ0,spotlight bulb,12,sr_rc,13,1,874.17,0,28.85,-2.48,51,11.57,19.42,3020.15,0,-3.67,13,1,874.17,721.56,0,-2.74,1,19,0,0,0,-3.74,0.14,1.2,107,9f440b6d-b2d5-43eb-9f24-a23f7a88ec07
FALSE,B0BS1R5896,B01MTENTQ0,br20 led bulb,13,sr_rc,17,1,1329.43,0,42.91,-1.5,41,20.93,0.13,2412.04,0,-3.49,17,1,1329.43,962.37,0,-2.48,1,21,0,0,0,-3.49,0.14,1.1,107,9f440b6d-b2d5-43eb-9f24-a23f7a88ec07
FALSE,B0BS1R5896,B01MTENTQ0,led lamp bulbs,14,sr_rc,49,1,424.08,0,7.85,-1,56,40.56,0.61,3325.81,0,-2.98,45,1,424.08,2654.86,0,-1.97,1,46,0,0,0,-2.97,0.14,1.2,107,9f440b6d-b2d5-43eb-9f24-a23f7a88ec07
FALSE,B0BS1R5896,B01MTENTQ0,e26 led bulb,15,sr_rc,71,16.67,98,0,1.17,-1.87,33,67.31,1.32,1927.66,0,-2.47,71,10.51,189.38,4254.82,0,-1.75,1,71,0,0,0,-2.46,0.14,1.1,107,9f440b6d-b2d5-43eb-9f24-a23f7a88ec07
FALSE,B0BS1R5896,B01MTENTQ0,canned light bulbs,16,sr_rc,1,1,0,0,0,-2.98,1,1,0,0,0,-2.99,1,1,0,0,0,-2.99,1,1,0,0,0,-2.99,0.14,1.2,107,9f440b6d-b2d5-43eb-9f24-a23f7a88ec07
FALSE,B0BS1R5896,B01MTENTQ0,kitchen light bulbs,17,sr_rc,3,1,1195.36,0,53.89,0,28,1,1195.36,1625.59,0,-0.99,3,1,1195.36,120.18,0.39,-0.91,1,3,0,0,0,-1.99,0.14,1.1,107,9f440b6d-b2d5-43eb-9f24-a23f7a88ec07
FALSE,B0BS1R5896,B01MTENTQ0,spot light bulb,18,sr_rc,4,1,566.11,0,21.44,-1.89,27,1,566.11,1565.23,0,-1.99,4,1,566.11,180.28,0.18,-1.96,1,3,0,0,0,-2.99,0.14,1.2,107,9f440b6d-b2d5-43eb-9f24-a23f7a88ec07
FALSE,B0BS1R5896,B01MTENTQ0,led spotlight indoor,19,sr_rc,1,1,0,0,0,-3.6,1,1,0,0,0,-3.61,1,1,0,0,0,-3.6,1,1,0,0,0,-3.61,0.14,1.1,107,9f440b6d-b2d5-43eb-9f24-a23f7a88ec07
FALSE,B0BS1R5896,B01MTENTQ0,ceiling light bulbs,20,sr_rc,1,1,0,0,0,-2.98,1,1,0,0,0,-2.99,1,1,0,0,0,-2.98,1,1,0,0,0,-2.99,0.14,1.2,107,9f440b6d-b2d5-43eb-9f24-a23f7a88ec07
FALSE,B0BS1R5896,B01MTENTQ0,r20 led bulb,21,sr_rc,100,3.49,423.33,0,0.16,-2.63,3,72.99,0,120.18,0,-3.79,100,3.33,449.49,7501.73,0,-2.79,1,73,0,0,0,-3.79,0.14,1.1,107,9f440b6d-b2d5-43eb-9f24-a23f7a88ec07
TRUE,B07MG5L8WG,B077DNCJ84,can light bulbs,1,kw,19,1,9360.91,0,185.97,-0.73,79,1,9360.91,357.46,0.14,-0.97,16,1,9360.91,68.3,2.8,-0.91,1,18,0,0,0,-1.98,0.14,2.1,107,9f440b6d-b2d5-43eb-9f24-a23f7a88ec07
FALSE,B07N2B7QGN,B07HNSR3GC,dusk to dawn led outdoor light bulb,1,kw,10,1,30379.12,0,806.62,-1.89,100,6.48,1496.61,2216.44,0,-1.99,10,1,30379.12,181.35,4.41,-1.96,1,11,0,0,0,-2.98,0.14,1.1,107,9f440b6d-b2d5-43eb-9f24-a23f7a88ec07
FALSE,B07N2B7QGN,B07HNSR3GC,dusk to dawn outdoor lighting,1,kw,20,1,18145.11,0,543.22,-1,100,13.33,290.24,2216.44,0,-1.98,18,1,18145.11,342.64,1.49,-1.95,1,20,0,0,0,-2.98,0.14,1.1,107,9f440b6d-b2d5-43eb-9f24-a23f7a88ec07
TRUE,B07N2B7QGN,B07HNSR3GC,dawn to dusk light bulbs outdoor,1,kw,9,1,7729.24,0,307.76,0,96,5.85,439.63,1971.38,0,-0.98,9,1,7729.24,161.2,1.68,-0.95,1,10,0,0,0,-1.98,0.14,1.1,107,9f440b6d-b2d5-43eb-9f24-a23f7a88ec07
TRUE,B07N2B7QGN,B07HNSR3GC,dusk to dawn light bulbs,1,kw,17,1,10103.56,0,305.48,-0.73,64,15.28,63.65,1273.9,0,-1.74,16,1,10103.56,302.31,0.97,-0.97,1,18,0,0,0,-1.98,0.14,1.1,107,9f440b6d-b2d5-43eb-9f24-a23f7a88ec07
TRUE,B07N2B7QGN,B07HNSR3GC,dusk to dawn light bulbs outdoor,1,kw,8,1,2751.88,0,108.29,0,100,4.07,293.3,2216.44,0,-0.98,7,1,2751.88,120.89,0.84,-0.93,1,8,0,0,0,-1.98,0.14,1.1,107,9f440b6d-b2d5-43eb-9f24-a23f7a88ec07
TRUE,B07N2B7QGN,B07HNSR3GC,dusk to dawn outdoor light bulb,1,kw,9,1,1588.22,0,56.03,0,99,5.28,103.17,2101.08,0,-1.6,9,1,1588.22,161.2,0.31,-0.96,1,9,0,0,0,-1.98,0.14,1.1,107,9f440b6d-b2d5-43eb-9f24-a23f7a88ec07
TRUE,B07N2B7QGN,B07HNSR3GC,dawn to dusk light bulbs,1,kw,10,1,1342.48,0,51.11,0,95,6.29,62.81,1942.31,0,-1.75,9,1,1342.48,161.2,0.34,-0.93,1,10,0,0,0,-1.98,0.14,1.1,107,9f440b6d-b2d5-43eb-9f24-a23f7a88ec07
FALSE,B07N2B7QGN,B07HNSR3GC,outdoor led light bulb,1,kw,36,1,1884.17,0,47.54,-0.73,97,12.89,54.86,2004.28,0,-1.79,31,1,1884.17,604.98,0.12,-0.96,1,34,0,0,0,-1.98,0.14,1.1,107,9f440b6d-b2d5-43eb-9f24-a23f7a88ec07
TRUE,B07N2B7QGN,B07HNSR3GC,dusk to dawn,1,kw,6,1,1078,0,46.73,0,100,1.35,700.61,2216.44,0,-0.97,6,1,1078,100.74,0.37,-0.88,1,6,0,0,0,-1.96,0.14,1.1,107,9f440b6d-b2d5-43eb-9f24-a23f7a88ec07
TRUE,B07N2B7QGN,B07HNSR3GC,outdoor dusk to dawn light bulbs,1,kw,7,1,1015.18,0,42.11,0,100,4.03,110.56,2216.44,0,-1.57,7,1,1015.18,120.89,0.35,-0.93,1,8,0,0,0,-1.97,0.14,1.1,107,9f440b6d-b2d5-43eb-9f24-a23f7a88ec07
TRUE,B07N2B7QGN,B07HNSR3GC,dusk to dawn lights,1,kw,13,1,990.56,0,39.7,0,5,14.56,1.32,80.59,0,-1.97,13,1,990.56,241.83,0.17,-0.93,1,15,0,0,0,-1.96,0.14,1.1,107,9f440b6d-b2d5-43eb-9f24-a23f7a88ec07
TRUE,B07N2B7QGN,B07HNSR3GC,dusk to dawn bulbs,1,kw,7,1,1012.69,0,39.69,0,100,3.39,143.85,2216.44,0,-1.45,7,1,1012.69,120.89,0.35,-0.93,1,7,0,0,0,-1.98,0.14,1.1,107,9f440b6d-b2d5-43eb-9f24-a23f7a88ec07
TRUE,B07N2B7QGN,B07HNSR3GC,dusk to dawn light bulb,1,kw,10,1.07,1150.97,0,35.66,-0.73,95,6.53,52.79,1942.31,0,-1.78,10,1,1259.16,181.35,0.14,-0.96,1,10,0,0,0,-1.98,0.14,1.1,107,9f440b6d-b2d5-43eb-9f24-a23f7a88ec07
TRUE,B07N2B7QGN,B07HNSR3GC,outdoor light bulbs dusk to dawn,1,kw,11,1,909.96,0,33.58,0,97,6.24,43.54,2004.28,0,-1.82,10,1,909.96,181.35,0.16,-0.93,1,10,0,0,0,-1.97,0.14,1.1,107,9f440b6d-b2d5-43eb-9f24-a23f7a88ec07
TRUE,B07N2B7QGN,B07HNSR3GC,led dusk to dawn outdoor light bulbs,1,kw,9,1,873.74,0,31.08,0,98,5.06,63.13,2044.37,0,-1.75,9,1,873.74,161.2,0.16,-0.95,1,9,0,0,0,-1.97,0.14,1.1,107,9f440b6d-b2d5-43eb-9f24-a23f7a88ec07
FALSE,B07N2B7QGN,B07HNSR3GC,dusk to dawn light,1,kw,35,1,1179.1,0,29.38,-1,9,28.38,0.49,161.2,0,-2.97,32,1,1179.1,625.17,0,-1.95,1,29,0,0,0,-2.96,0.14,1.1,107,9f440b6d-b2d5-43eb-9f24-a23f7a88ec07
FALSE,B07N2B7QGN,B07HNSR3GC,led flood light outdoor dusk to dawn,1,kw,5,1,563.28,0,17.57,-1.73,68,1,563.28,1355.66,0,-1.98,5,1,563.28,80.59,0.14,-1.95,1,4,0,0,0,-2.98,0.14,1.1,107,9f440b6d-b2d5-43eb-9f24-a23f7a88ec07
FALSE,B07N2B7QGN,B07HNSR3GC,dusk to dawn led outdoor light,1,kw,24,86.98,4.32,0,0.13,-1.98,86,102.19,1.11,1731.04,0,-2.97,64,61.92,13.61,1273.9,0,-2.9,1,109,0,0,0,-2.96,0.14,1.1,107,9f440b6d-b2d5-43eb-9f24-a23f7a88ec07
FALSE,B07N2B7QGN,B07HNSR3GC,flood lights outdoor bulbs,2,kw,10,1,3983.84,0,129.16,-2.69,58,1,3983.84,1151.69,0.07,-2.94,9,1,3983.84,161.2,0.74,-2.94,1,6,0,0,0,-3.95,0.14,1.2,107,9f440b6d-b2d5-43eb-9f24-a23f7a88ec07
FALSE,B07N2B7QGN,B07HNSR3GC,flood lights outdoor,2,kw,68,1,52432.81,0,580.76,-2.75,76,45.41,40.67,1520.33,0,-3.75,64,1,52432.81,1273.9,0.51,-2.89,1,49,0,0,0,-3.9,0.14,1.2,107,9f440b6d-b2d5-43eb-9f24-a23f7a88ec07
FALSE,B07N2B7QGN,B07HNSR3GC,outdoor flood light bulb,2,kw,8,1,10400.3,0,293.76,-2.69,100,2.2,3358.26,2216.44,0,-2.85,8,1,10400.3,141.05,2.06,-2.84,1,8,0,0,0,-3.85,0.14,1.2,107,9f440b6d-b2d5-43eb-9f24-a23f7a88ec07
FALSE,B07N2B7QGN,B07HNSR3GC,flood light bulbs outdoor,2,kw,15,1,3112.86,0,94.94,-2.79,99,4.74,304.91,2101.08,0,-2.95,12,1.06,2882.7,221.67,0.43,-2.94,1,11,0,0,0,-3.95,0.14,1.2,107,9f440b6d-b2d5-43eb-9f24-a23f7a88ec07
FALSE,B07N2B7QGN,B07HNSR3GC,outdoor flood light bulbs,2,kw,11,1,3051.1,0,85.59,-2.69,100,2.24,980.56,2216.44,0,-2.95,11,1,3051.1,201.51,0.38,-2.94,1,9,0,0,0,-3.95,0.14,1.2,107,9f440b6d-b2d5-43eb-9f24-a23f7a88ec07
FALSE,B07N2B7QGN,B07HNSR3GC,outdoor flood light,2,kw,65,1,4433.03,0,56.98,-2.3,56,51.57,1.81,1111.04,0,-3.55,62,1,4433.03,1233.11,0.06,-2.54,1,54,0,0,0,-3.55,0.14,1.2,107,9f440b6d-b2d5-43eb-9f24-a23f7a88ec07
TRUE,B07N2B7QGN,B07HNSR3GC,outdoor led flood light bulb,2,kw,12,1,1513.31,0,55.14,-1.61,100,3.19,285.95,2216.44,0,-1.87,11,1,1513.31,201.51,0.34,-1.86,1,10,0,0,0,-2.87,0.14,1.2,107,9f440b6d-b2d5-43eb-9f24-a23f7a88ec07
FALSE,B07N2B7QGN,B07HNSR3GC,outdoor flood lights bulbs,2,kw,17,1,1008.45,0,26.18,-2.78,100,2.9,227.49,2216.44,0,-3.1,14,1,1008.45,261.99,0.12,-2.93,1,11,0,0,0,-3.94,0.14,1.2,107,9f440b6d-b2d5-43eb-9f24-a23f7a88ec07
FALSE,B07N2B7QGN,B07HNSR3GC,flood lights outdoor dusk to dawn,2,kw,3,1,681.05,0,21.6,-1.83,63,1,681.05,1253.5,0,-1.99,3,1,681.05,40.29,0.58,-1.93,1,3,0,0,0,-2.98,0.14,1.2,107,9f440b6d-b2d5-43eb-9f24-a23f7a88ec07
FALSE,B07N2B7QGN,B07HNSR3GC,flood light bulb outdoor,2,kw,14,1,598.99,0,18.06,-2.74,100,3.26,109.2,2216.44,0,-3.49,12,1,598.99,221.67,0.14,-2.88,1,10,0,0,0,-3.89,0.14,1.2,107,9f440b6d-b2d5-43eb-9f24-a23f7a88ec07
FALSE,B07N2B7QGN,B07HNSR3GC,dusk to dawn flood lights outdoor,2,kw,1,1,0,0,0,-2.98,1,1,0,0,0,-2.99,1,1,0,0,0,-2.98,1,1,0,0,0,-2.99,0.14,1.2,107,9f440b6d-b2d5-43eb-9f24-a23f7a88ec07
FALSE,B07N2B7QGN,B07HNSR3GC,outdoor light bulbs for porch lights,3,sr_rc,12,1,4476.79,0,152.32,-1,58,1,4476.79,1151.69,0.07,-1.98,11,1,4476.79,201.51,0.72,-1.96,1,12,0,0,0,-2.99,0.14,1.1,107,9f440b6d-b2d5-43eb-9f24-a23f7a88ec07
FALSE,B07N2B7QGN,B07HNSR3GC,outdoor bulbs for porch light,3,sr_rc,7,1,748.98,0,30.84,0,42,1,748.98,827.3,0,-0.97,7,1,748.98,120.89,0.18,-0.82,1,6,0,0,0,-1.96,0.14,1.1,107,9f440b6d-b2d5-43eb-9f24-a23f7a88ec07
FALSE,B07N2B7QGN,B07HNSR3GC,outdoor spotlight bulb,4,sr_rc,7,1,1099.16,0,32.4,-1.83,78,1,1099.16,1561.87,0,-1.99,7,1,1099.16,120.89,0.27,-1.97,1,9,0,0,0,-2.98,0.14,1.2,107,9f440b6d-b2d5-43eb-9f24-a23f7a88ec07
FALSE,B07N2B7QGN,B07HNSR3GC,spotlight bulbs outdoor,4,sr_rc,11,1,705.33,0,23.57,-2.41,100,2.03,275.2,2216.44,0,-2.67,10,1,705.33,181.35,0.15,-2.65,1,14,0,0,0,-3.66,0.14,1.2,107,9f440b6d-b2d5-43eb-9f24-a23f7a88ec07
FALSE,B07N2B7QGN,B07HNSR3GC,dusk to dawn flood light,5,sr_rc,1,1,0,0,0,-2.97,1,1,0,0,0,-2.99,1,1,0,0,0,-2.98,1,1,0,0,0,-2.98,0.14,1.1,107,9f440b6d-b2d5-43eb-9f24-a23f7a88ec07
FALSE,B07N2B7QGN,B07HNSR3GC,dusk to dawn flood lights,5,sr_rc,1,1,0,0,0,-2.97,1,1,0,0,0,-2.99,1,1,0,0,0,-2.98,1,1,0,0,0,-2.98,0.14,1.1,107,9f440b6d-b2d5-43eb-9f24-a23f7a88ec07
FALSE,B07N2B7QGN,B07HNSR3GC,outdoor floodlight bulb,6,sr_rc,10,1,1035.71,0,32.29,-2.62,100,4.21,126.35,2216.44,0,-3.31,10,1,1035.71,181.35,0.14,-2.76,1,11,0,0,0,-3.77,0.14,1.2,107,9f440b6d-b2d5-43eb-9f24-a23f7a88ec07
FALSE,B07N2B7QGN,B07HNSR3GC,dusk to dawn sensor light bulbs,7,sr_rc,38,1,465.39,0,11.54,-0.83,43,34.22,0.35,847.53,0,-1.97,36,1,465.39,705.98,0,-0.95,1,36,0,0,0,-1.96,0.14,1.1,107,9f440b6d-b2d5-43eb-9f24-a23f7a88ec07
FALSE,B07N2B7QGN,B07HNSR3GC,light sensor light bulb,7,sr_rc,60,1,1032.72,0,15.32,-1.89,45,46.08,0.64,888.01,0,-2.97,52,1,1032.72,1029.85,0,-1.95,1,49,0,0,0,-2.96,0.14,1.1,107,9f440b6d-b2d5-43eb-9f24-a23f7a88ec07
FALSE,B07N2B7QGN,B07HNSR3GC,dusk till dawn outdoor light bulb,8,sr_rc,8,1,1309.02,0,48.06,-0.73,100,2.1,454.28,2216.44,0,-0.99,7,1,1309.02,120.89,0.34,-0.95,1,8,0,0,0,-1.98,0.14,1.2,107,9f440b6d-b2d5-43eb-9f24-a23f7a88ec07
FALSE,B07N2B7QGN,B07HNSR3GC,dusk till dawn outdoor light,8,sr_rc,23,1,1537.99,0,48.99,-1,14,23.41,2.4,261.99,0,-2.95,21,1,1537.99,403.15,0.14,-1.88,1,25,0,0,0,-2.93,0.14,1.2,107,9f440b6d-b2d5-43eb-9f24-a23f7a88ec07
FALSE,B07N2B7QGN,B07HNSR3GC,dust to dawn floodlight,9,sr_rc,12,1,471.7,0,14.19,0,99,5.65,32.21,2101.08,0,-1.86,11,1,471.7,201.51,0,-0.97,1,11,0,0,0,-1.98,0.14,1.1,107,9f440b6d-b2d5-43eb-9f24-a23f7a88ec07
FALSE,B07N2B7QGN,B07HNSR3GC,led flood light bulbs,10,sr_rc,32,1,2217.43,0,53.83,-2.8,76,9.86,59.48,1520.33,0,-3.74,29,1,2217.43,564.6,0.12,-2.95,1,16,0,0,0,-3.95,0.14,1.2,107,9f440b6d-b2d5-43eb-9f24-a23f7a88ec07
FALSE,B07N2B7QGN,B07HNSR3GC,exterior flood light bulbs,11,sr_rc,13,1.02,747.6,0,20.69,-2.79,79,1,768.19,1582.72,0,-2.95,12,1,768.19,221.67,0.13,-2.94,1,7,0,0,0,-3.95,0.14,1.1,107,9f440b6d-b2d5-43eb-9f24-a23f7a88ec07
FALSE,B07N2B7QGN,B07HNSR3GC,outside light bulbs,12,sr_rc,20,1,1222.22,0,36.81,-1.82,100,5.49,123.63,2216.44,0,-3.34,19,1,1222.22,362.81,0.14,-2.75,1,23,0,0,0,-3.79,0.14,1.2,107,9f440b6d-b2d5-43eb-9f24-a23f7a88ec07
FALSE,B07N2B7QGN,B07HNSR3GC,solar light bulbs for outside,12,sr_rc,77,31.76,21.38,0,0.21,-1.92,46,90.42,0.46,908.25,0,-2.97,77,25.04,31.3,1541.08,0,-2.81,1,95,0,0,0,-2.96,0.14,1.2,107,9f440b6d-b2d5-43eb-9f24-a23f7a88ec07
FALSE,B07N2B7QGN,B07HNSR3GC,outdoor light bulbs for house exterior,13,sr_rc,9,1,1072.72,0,36.98,-1.56,55,1,1072.72,1090.73,0,-2.54,9,1,1072.72,161.2,0.14,-2.51,1,9,0,0,0,-3.53,0.14,1.1,107,9f440b6d-b2d5-43eb-9f24-a23f7a88ec07
TRUE,B08SHMZFR2,B08SHMZFR2,4 inch gimbal led recessed light,1,kw,9,1,998.77,0,15.64,0,61,1,998.77,60.52,0.14,-0.98,8,1,998.77,7.03,1.9,-0.93,1,8,0,0,0,-1.99,0.14,2.1,107,9f440b6d-b2d5-43eb-9f24-a23f7a88ec07
TRUE,B0DJ5R9B2R,B0BWLH379Z,2 x 4 led lights for drop ceiling,1,kw,24,1,13863.24,0,9.5,-0.73,56,1,13863.24,55.34,0.08,-0.99,19,1,13863.24,18.07,0.59,-0.97,1,16,0,0,0,-1.99,0.14,1.1,107,9f440b6d-b2d5-43eb-9f24-a23f7a88ec07
FALSE,B0DJ5R9B2R,B0BWLH379Z,2x4 led drop ceiling light fixture,1,kw,31,1,14588.96,0,8.53,-0.73,65,1,14588.96,64.48,0.06,-0.98,23,1,14588.96,22.09,0.4,-0.97,1,20,0,0,0,-1.99,0.14,1.1,107,9f440b6d-b2d5-43eb-9f24-a23f7a88ec07
FALSE,B0CNHCZRFF,B0C5S3PFH1,recessed lighting 6 inch,1,kw,39,1,56654,0,412.22,-1.43,75,16.59,1014.39,77.53,0.04,-1.68,31,1,56654,30.62,14.42,-1.63,1,34,0,0,0,-2.69,0.14,2.1,107,9f440b6d-b2d5-43eb-9f24-a23f7a88ec07
FALSE,B0CNHCZRFF,B0C5S3PFH1,canless recessed lighting 6 in,2,kw,36,1,11319.52,0,111.18,-0.64,84,11.76,349.46,88.61,0,-2.22,30,1,11319.52,29.59,3.8,-1.57,1,28,0,0,0,-2.63,0.14,2.2,107,9f440b6d-b2d5-43eb-9f24-a23f7a88ec07
FALSE,B0CNHCZRFF,B0C5S3PFH1,recessed light with night light,3,sr_rc,8,1,833.62,0,11.12,-0.02,51,1,833.62,51.38,0.1,-1,7,1,833.62,6.1,1.43,-0.98,1,8,0,0,0,-1.99,0.14,2.1,107,9f440b6d-b2d5-43eb-9f24-a23f7a88ec07
FALSE,B0CNHCZRFF,B0C5S3PFH1,luces led para cuartos para el techo,4,sr_rc,100,28.97,36.54,0,0,-1.85,96,80.13,3.15,112.07,0,-1.98,100,8.67,199.76,160.82,0,-1.73,1,100,0,0,0,-1.97,0.14,2.2,107,9f440b6d-b2d5-43eb-9f24-a23f7a88ec07
FALSE,B0CNHCZRFF,B0C5S3PFH1,7 inch recessed led light,5,sr_rc,93,1,1194.58,0,1.36,-2.66,66,47.77,2.66,67.42,0,-3.92,69,1,1194.58,70.73,0.07,-2.84,1,62,0,0,0,-3.92,0.14,2.1,107,9f440b6d-b2d5-43eb-9f24-a23f7a88ec07
FALSE,B0CNHCZRFF,B0C5S3PFH1,ceiling light with night light,6,sr_rc,30,1,4167.75,0,48.15,0,99,11.09,129.93,133.94,0,-1.84,28,1,4167.75,27.54,1.61,-0.96,1,24,0,0,0,-1.98,0.14,2.2,107,9f440b6d-b2d5-43eb-9f24-a23f7a88ec07
FALSE,B0D9KVLCVJ,B0CNBPR652,walkway solar lights for outside,1,kw,33,1,4700.54,0,93.08,0,91,1,4700.54,92.96,0.14,-0.91,28,1,4700.54,27.17,3.3,-0.75,1,30,0,0,0,-1.96,0.14,1.1,107,9f440b6d-b2d5-43eb-9f24-a23f7a88ec07
TRUE,B0DJHDZWJG,B0C5S5FL2Q,ceiling light with night light,1,kw,23,1,7262.09,0,40.45,-0.73,89,1,7262.09,92.82,0.07,-0.98,21,1,7262.09,20.22,1.88,-0.95,1,16,0,0,0,-1.99,0.12,2.1,107,9f440b6d-b2d5-43eb-9f24-a23f7a88ec07
TRUE,B0DJHDZWJG,B0C5S5FL2Q,recessed light with night light,2,kw,14,1,1524.91,0,8.09,-0.89,68,1,1524.91,68.6,0.05,-0.99,12,1,1524.91,11.11,0.69,-0.97,1,13,0,0,0,-1.99,0.12,2.2,107,9f440b6d-b2d5-43eb-9f24-a23f7a88ec07
TRUE,B07RGS8CHP,B07RL4GCXR,br40 led light bulbs 3000k,1,kw,6,1,813.04,0,33.29,0,36,1,813.04,290.08,0.12,-0.98,5,1,813.04,33.11,0.91,-0.95,1,8,0,0,0,-1.99,0.12,1.1,107,9f440b6d-b2d5-43eb-9f24-a23f7a88ec07
TRUE,B0DSCBJVSP,B0BXQRFBYJ,led shop lights for workshop 4ft,1,kw,7,1,6437.11,0,195.61,0,65,1,6437.11,584.64,0.12,-0.98,7,1,6437.11,54.71,3.11,-0.95,1,9,0,0,0,-1.99,0.12,2.1,107,9f440b6d-b2d5-43eb-9f24-a23f7a88ec07
TRUE,B0DSCBJVSP,B0BXQRFBYJ,4ft led shop light,1,kw,13,1,3496.09,0,107.12,0,36,14.06,27.94,319.31,0,-1.91,13,1,3496.09,109.43,0.95,-0.93,1,17,0,0,0,-1.99,0.12,2.1,107,9f440b6d-b2d5-43eb-9f24-a23f7a88ec07
TRUE,B0DSCBJVSP,B0BXQRFBYJ,led shop light 4ft,1,kw,10,1,2388.64,0,75.21,-0.52,91,4.17,316.92,827.17,0,-1.55,9,1,2388.64,72.95,0.98,-1.48,1,13,0,0,0,-2.51,0.12,2.1,107,9f440b6d-b2d5-43eb-9f24-a23f7a88ec07
TRUE,B0DSCBJVSP,B0BXQRFBYJ,4 ft led shop light,1,kw,15,1,1799.24,0,54.25,-0.58,10,19.17,7.24,82.07,0,-2.55,13,1,1799.24,109.43,0.5,-1.55,1,22,0,0,0,-2.57,0.12,2.1,107,9f440b6d-b2d5-43eb-9f24-a23f7a88ec07
TRUE,B0DSCBJVSP,B0BXQRFBYJ,led shop lights 4ft,1,kw,17,1,968.28,0,26.2,0,15,19.69,4.2,127.67,0,-1.98,15,1,968.28,127.67,0.15,-0.96,1,23,0,0,0,-1.99,0.12,2.1,107,9f440b6d-b2d5-43eb-9f24-a23f7a88ec07
TRUE,B0DSCBJVSP,B0BXQRFBYJ,4 foot led shop lights,2,kw,13,1,2374.79,0,70.21,0,14,12.76,25.04,118.55,0,-1.91,12,1,2374.79,100.31,0.62,-0.95,1,16,0,0,0,-1.99,0.12,2.2,107,9f440b6d-b2d5-43eb-9f24-a23f7a88ec07
FALSE,B0DSCBJVSP,B0BXQRFBYJ,led shop light,2,kw,79,1,4688.57,0,31.14,-0.73,78,45.48,11.69,704.44,0,-1.95,61,1,4688.57,547.95,0.07,-0.97,1,60,0,0,0,-1.99,0.12,2.2,107,9f440b6d-b2d5-43eb-9f24-a23f7a88ec07
TRUE,B0DSCBJVSP,B0BXQRFBYJ,led 4 foot shop lights,2,kw,13,1,502.83,0,15.19,0,10,14.03,4.07,82.07,0,-1.98,11,1,502.83,91.19,0.16,-0.96,1,17,0,0,0,-1.99,0.12,2.2,107,9f440b6d-b2d5-43eb-9f24-a23f7a88ec07
TRUE,B0DSCBJVSP,B0BXQRFBYJ,4 foot led shop light,2,kw,13,1,425.56,0,13.49,-0.52,14,13.63,4.04,118.55,0,-2.5,11,1,425.56,91.19,0.17,-1.48,1,17,0,0,0,-2.51,0.12,2.2,107,9f440b6d-b2d5-43eb-9f24-a23f7a88ec07
FALSE,B0DSCBJVSP,B0BXQRFBYJ,led shop lights,2,kw,24,67.82,44.11,0,0.9,-2.32,72,93.87,10.71,649.01,0,-2.58,79,29.31,229.55,713.72,0,-1.91,1,108,0,0,0,-2.61,0.12,2.2,107,9f440b6d-b2d5-43eb-9f24-a23f7a88ec07
FALSE,B0DSCBJVSP,B0BXQRFBYJ,shop led lights,2,kw,92,18.62,21.38,0,0.06,-1.77,78,70.79,0.97,704.44,0,-1.98,99,2.9,253.26,922.01,0,-1.2,1,85,0,0,0,-1.98,0.12,2.2,107,9f440b6d-b2d5-43eb-9f24-a23f7a88ec07
FALSE,B0DSCBJVSP,B0BXQRFBYJ,shop lights for garage led super bright,3,sr_rc,61,117.42,1.84,0,0,-1.97,74,157.43,0.33,667.45,0,-1.99,79,95.16,3.32,713.72,0,-1.98,1,171,0,0,0,-1.99,0.12,2.1,107,9f440b6d-b2d5-43eb-9f24-a23f7a88ec07
FALSE,B0DSCBJVSP,B0BXQRFBYJ,shop lights for garage,3,sr_rc,70,16.18,126.81,0,1.17,-1.54,78,50.97,10.53,704.44,0,-1.96,74,1,4927.75,667.45,0.05,-0.98,1,67,0,0,0,-1.99,0.12,2.1,107,9f440b6d-b2d5-43eb-9f24-a23f7a88ec07
FALSE,B0DSCBJVSP,B0BXQRFBYJ,garage shop lights,3,sr_rc,64,16.83,18.07,0,0.2,-1.88,76,52.19,1.43,685.93,0,-1.99,85,1,745.16,769.75,0,-0.98,1,67,0,0,0,-1.99,0.12,2.1,107,9f440b6d-b2d5-43eb-9f24-a23f7a88ec07
FALSE,B0DSCBJVSP,B0BXQRFBYJ,4' led shop light,4,sr_rc,11,1,1686.41,0,53.44,-0.61,10,11.05,22.26,82.07,0,-2.53,10,1,1686.41,82.07,0.66,-1.56,1,14,0,0,0,-2.6,0.12,2.2,107,9f440b6d-b2d5-43eb-9f24-a23f7a88ec07
FALSE,B0DSCBJVSP,B0BXQRFBYJ,4ft led light fixtures,5,sr_rc,91,20.06,17.25,0,0.05,-1.9,7,82.56,0.13,54.71,0,-1.99,91,11.87,36.4,827.17,0,-1.88,1,85,0,0,0,-1.99,0.12,2.1,107,9f440b6d-b2d5-43eb-9f24-a23f7a88ec07
FALSE,B0DSCBJVSP,B0BXQRFBYJ,4 ft led light fixture,5,sr_rc,100,29.93,14.23,0,0,-1.88,7,93.3,0.16,54.71,0,-1.99,100,21.3,24.05,952.51,0,-1.92,1,96,0,0,0,-1.99,0.12,2.1,107,9f440b6d-b2d5-43eb-9f24-a23f7a88ec07
FALSE,B0DSCBJVSP,B0BXQRFBYJ,4 foot led light fixture,6,sr_rc,100,14.06,26.85,0,0.01,-1.81,32,78.42,0.14,282.79,0,-1.99,100,8.48,53.51,952.51,0,-1.83,1,81,0,0,0,-1.99,0.12,2.2,107,9f440b6d-b2d5-43eb-9f24-a23f7a88ec07
FALSE,B0DSCBJVSP,B0BXQRFBYJ,4' led light fixture,7,sr_rc,100,12.78,41.38,0,0.02,-1.83,21,71.67,0.38,182.4,0,-1.99,100,1,1115.56,952.51,0,-0.99,1,76,0,0,0,-1.99,0.12,2.1,107,9f440b6d-b2d5-43eb-9f24-a23f7a88ec07
FALSE,B0DSCBJVSP,B0BXQRFBYJ,linkable led shop light,8,sr_rc,72,1.01,1447.31,0,13.45,-0.73,32,34.31,3.11,282.79,0,-1.98,56,1,1465.61,502.14,0.08,-0.95,1,40,0,0,0,-1.99,0.12,2.2,107,9f440b6d-b2d5-43eb-9f24-a23f7a88ec07
FALSE,B0DSCBJVSP,B0BXQRFBYJ,48 led shop lights,9,sr_rc,8,1,363.88,0,11.57,0,81,1,363.88,732.31,0,-0.99,8,1,363.88,63.83,0.16,-0.96,1,11,0,0,0,-1.99,0.12,2.1,107,9f440b6d-b2d5-43eb-9f24-a23f7a88ec07
TRUE,B0CN3YPPFW,B0CGG68RNT,par38 led flood light bulbs,1,kw,9,1,3009.11,0,45.55,0,79,1,3009.11,83.68,0.12,-0.97,7,1,3009.11,6.13,6.23,-0.93,1,9,0,0,0,-1.99,0.12,1.1,107,9f440b6d-b2d5-43eb-9f24-a23f7a88ec07
TRUE,B0CN3YPPFW,B0CGG68RNT,par38 outdoor flood light bulbs,1,kw,14,1,2616.68,0,37.46,-0.73,93,3.4,488.17,107.19,0,-1.25,9,1,2616.68,8.17,4.23,-0.95,1,14,0,0,0,-1.99,0.12,1.1,107,9f440b6d-b2d5-43eb-9f24-a23f7a88ec07
FALSE,B0CN3YPPFW,B0CGG68RNT,led flood lights outdoor,2,kw,73,1,4540.8,0,19.15,-0.83,93,50.63,4.66,107.19,0,-1.98,69,1,4540.8,71.63,0.27,-0.95,1,57,0,0,0,-1.99,0.12,1.2,107,9f440b6d-b2d5-43eb-9f24-a23f7a88ec07
FALSE,B0CN3YPPFW,B0CGG68RNT,outdoor led flood lights waterproof,2,kw,56,1,2467.26,0,16.58,-0.83,77,38.6,3.27,81.15,0,-1.99,53,1,2467.26,53.97,0.32,-0.96,1,43,0,0,0,-1.99,0.12,1.2,107,9f440b6d-b2d5-43eb-9f24-a23f7a88ec07
TRUE,B0CN3YPPFW,B0CGG68RNT,led outdoor flood lights,2,kw,22,1.03,1365.9,0,16.44,-0.73,93,15.19,16.11,107.19,0,-1.97,21,1,1418.52,20.49,0.81,-0.93,1,21,0,0,0,-1.99,0.12,1.2,107,9f440b6d-b2d5-43eb-9f24-a23f7a88ec07
FALSE,B0CN3YPPFW,B0CGG68RNT,outdoor led flood lights,2,kw,64,1,2059.82,0,11.23,-0.83,93,46.31,2.32,107.19,0,-1.99,61,1,2059.82,62.66,0.2,-0.95,1,52,0,0,0,-1.99,0.12,1.2,107,9f440b6d-b2d5-43eb-9f24-a23f7a88ec07
FALSE,B0CN3YPPFW,B0CGG68RNT,led flood light outdoor,2,kw,85,11.66,1322.63,0,3.32,-0.73,93,62.81,20.04,107.19,0,-1.96,93,5.48,3651.16,107.19,0.04,-0.96,1,69,0,0,0,-1.98,0.12,1.2,107,9f440b6d-b2d5-43eb-9f24-a23f7a88ec07
FALSE,B0CN3YPPFW,B0CGG68RNT,outdoor led flood light,2,kw,77,17.97,164.08,0,0.61,-1.69,93,70.38,3.27,107.19,0,-1.99,82,13.17,257.34,87.65,0,-1.59,1,76,0,0,0,-1.99,0.12,1.2,107,9f440b6d-b2d5-43eb-9f24-a23f7a88ec07
FALSE,B0CN3YPPFW,B0CGG68RNT,led outdoor flood light,2,kw,85,18.68,148.74,0,0.34,-1.72,87,72.77,2.71,95.06,0,-1.99,86,13.52,237.72,93.47,0,-1.63,1,78,0,0,0,-1.99,0.12,1.2,107,9f440b6d-b2d5-43eb-9f24-a23f7a88ec07
FALSE,B0D96TL9SN,B0C3JJG1J5,4ft led bulbs,1,kw,36,1,7783.43,0,19.56,-0.83,80,1,7783.43,80.16,0.07,-0.98,27,1,7783.43,26.13,0.78,-0.97,1,24,0,0,0,-1.99,0.11,2.1,107,9f440b6d-b2d5-43eb-9f24-a23f7a88ec07
FALSE,B0D96TL9SN,B0C3JJG1J5,4 foot led bulbs,2,kw,36,1,3461.02,0,8.8,-0.83,77,1,3461.02,77,0.04,-0.98,26,1,3461.02,25.13,0.4,-0.97,1,24,0,0,0,-1.99,0.11,2.2,107,9f440b6d-b2d5-43eb-9f24-a23f7a88ec07
TRUE,B09K4PWBPN,B01FGLZJOO,led flood light bulbs outdoor,1,kw,4,1,3536.98,0,100.59,-1.54,35,1.01,3478.43,1074.76,0.11,-1.7,4,1,3536.98,94.67,0.96,-1.69,1,3,0,0,0,-2.7,0.11,1.1,107,9f440b6d-b2d5-43eb-9f24-a23f7a88ec07
TRUE,B09K4PWBPN,B01FGLZJOO,outdoor led flood light,1,kw,12,1,3247.05,0,97.67,-0.92,52,3.23,452.25,1614.88,0,-1.9,11,1,3247.05,315.67,0.31,-1.88,1,6,0,0,0,-2.89,0.11,1.1,107,9f440b6d-b2d5-43eb-9f24-a23f7a88ec07
TRUE,B09K4PWBPN,B01FGLZJOO,led flood lights outdoor,1,kw,9,1,1979.08,0,54.83,-0.82,100,1.53,1037.06,3639.28,0,-1.8,9,1,1979.08,252.51,0.15,-1.79,1,5,0,0,0,-2.79,0.11,1.1,107,9f440b6d-b2d5-43eb-9f24-a23f7a88ec07
TRUE,B09K4PWBPN,B01FGLZJOO,outdoor led flood light bulb,1,kw,4,1,1463.53,0,47.02,-1.64,51,1,1463.53,1583.01,0,-1.74,4,1,1463.53,94.67,0.54,-1.72,1,3,0,0,0,-2.74,0.11,1.1,107,9f440b6d-b2d5-43eb-9f24-a23f7a88ec07
TRUE,B09K4PWBPN,B01FGLZJOO,led outdoor flood light bulbs,1,kw,2,1.16,701.05,0,23.6,-1.61,28,1,990.42,853.07,0,-1.71,2,1.13,748.31,31.56,0.76,-1.7,1,2,0,0,0,-2.71,0.11,1.1,107,9f440b6d-b2d5-43eb-9f24-a23f7a88ec07
TRUE,B09K4PWBPN,B01FGLZJOO,led floodlights outdoor,2,kw,6,1,1438.82,0,42.45,-0.73,52,2.5,306.22,1614.88,0,-1.78,6,1,1438.82,157.8,0.32,-1.69,1,5,0,0,0,-2.71,0.11,1.2,107,9f440b6d-b2d5-43eb-9f24-a23f7a88ec07
FALSE,B09K4PWBPN,B01FGLZJOO,led spot lights indoor,3,sr_rc,80,112.49,0.97,0,0,-3.84,32,154.12,0.01,979.71,0,-3.87,80,110.65,1.03,2520.94,0,-3.86,1,155,0,0,0,-3.86,0.11,1.1,107,9f440b6d-b2d5-43eb-9f24-a23f7a88ec07
FALSE,B081QXN379,B081QX6SXB,a19 led bulb 60w,1,kw,76,1,6818.68,0,68.98,-0.67,100,17.93,138.09,644.92,0,-2.12,53,1,6818.68,293.12,0.42,-1.42,1,53,0,0,0,-2.61,0.11,2.1,107,9f440b6d-b2d5-43eb-9f24-a23f7a88ec07
TRUE,B081QXN379,B081QX6SXB,2 pin light bulbs,2,kw,10,1,1346.93,0,62.75,0,51,1,1346.93,281.78,0.11,-0.96,9,1,1346.93,44.95,1.22,-0.88,1,9,0,0,0,-1.97,0.11,2.2,107,9f440b6d-b2d5-43eb-9f24-a23f7a88ec07
TRUE,B09Y9K6Q63,B082FPWR99,dusk to dawn candelabra bulbs outdoor,1,kw,11,1,792.42,0,24.35,0,37,1,792.42,212.75,0.11,-0.98,9,1,792.42,47.21,0.5,-0.96,1,8,0,0,0,-1.99,0.11,1.1,107,9f440b6d-b2d5-43eb-9f24-a23f7a88ec07
TRUE,B09Y9K6Q63,B082FPWR99,outdoor candelabra bulbs,1,kw,9,1.04,317.46,0,10.46,-0.01,39,1,334.56,224.6,0,-0.98,8,1,334.56,41.31,0.18,-0.93,1,9,0,0,0,-1.97,0.11,1.1,107,9f440b6d-b2d5-43eb-9f24-a23f7a88ec07
TRUE,B09Y9K6Q63,B082FPWR99,dusk dawn light bulb,2,kw,22,1,919.29,0,23.96,-0.83,96,4.11,140.75,581.43,0,-1.54,18,1,919.29,100.36,0.3,-0.93,1,22,0,0,0,-1.97,0.11,1.2,107,9f440b6d-b2d5-43eb-9f24-a23f7a88ec07
FALSE,B09Y9K6Q63,B082FPWR99,outdoor candelabra light bulbs,3,sr_rc,15,1,672.25,0,20.77,0,68,1,672.25,397.46,0,-0.98,12,1.05,631.19,64.93,0.34,-0.95,1,16,0,0,0,-1.98,0.11,1.1,107,9f440b6d-b2d5-43eb-9f24-a23f7a88ec07
TRUE,B08H8TXXD1,B08H8YQS9J,outdoor candelabra light bulbs,1,kw,6,1.09,693.59,0,19.43,-0.83,45,1,777.75,133.21,0.11,-0.97,6,1,777.75,15.1,1.27,-0.91,1,10,0,0,0,-1.98,0.11,2.1,107,9f440b6d-b2d5-43eb-9f24-a23f7a88ec07
FALSE,B08H8TXXD1,B08H8YQS9J,outdoor candelabra bulbs,1,kw,32,1.01,410.87,0,8.45,-0.83,82,1,416.12,247.89,0,-0.97,24,1,416.12,69.51,0.15,-0.95,1,23,0,0,0,-1.96,0.11,2.1,107,9f440b6d-b2d5-43eb-9f24-a23f7a88ec07
FALSE,B08H8TXXD1,B08H8YQS9J,led bug light bulbs outdoor,2,kw,100,36.27,16.95,0,0,-2.7,86,66.4,3.43,261.14,0,-2.77,100,14.13,74.26,353.05,0,-2.56,1,87,0,0,0,-2.77,0.11,2.2,107,9f440b6d-b2d5-43eb-9f24-a23f7a88ec07
TRUE,B0DVMLBTDS,B0DVMLBTDS,goof rings for 4 inch recessed lights,1,kw,24,1,337.51,0,22.78,0,72,1,337.51,71.32,0.11,-0.96,20,1,337.51,19.04,1.08,-0.88,1,19,0,0,0,-1.99,0.11,1.1,107,9f440b6d-b2d5-43eb-9f24-a23f7a88ec07
FALSE,B0DVMLBTDS,B0DVMLBTDS,goof rings,1,kw,73,1,602.23,0,13.64,-0.89,98,15.93,13.73,99.7,0,-1.88,52,1,602.23,51.15,0.44,-0.98,1,44,0,0,0,-1.99,0.11,1.1,107,9f440b6d-b2d5-43eb-9f24-a23f7a88ec07
FALSE,B0DVMLBTDS,B0DVMLBTDS,goof ring,1,kw_sr_rc,100,23.55,9.91,0,0.01,-1.89,94,37.02,4,94.33,0,-1.96,88,1,706.07,87.76,0.09,-0.96,1,66,0,0,0,-1.99,0.11,1.1,107,9f440b6d-b2d5-43eb-9f24-a23f7a88ec07
FALSE,B0DLXY6SW7,B086Z7GBGS,round light bulbs for bathroom,1,kw,33,1,1432.99,0,45.08,-1.6,71,11.27,43.23,474.87,0,-2.51,27,1,1432.99,175.35,0.27,-1.66,1,24,0,0,0,-2.7,0.1,2.1,107,9f440b6d-b2d5-43eb-9f24-a23f7a88ec07
TRUE,B0DLXY6SW7,B086Z7GBGS,round light bulbs,1,kw,25,1,1102.96,0,40.99,-0.73,88,11.59,34.21,596.51,0,-1.84,22,1,1102.96,141.59,0.3,-0.96,1,27,0,0,0,-1.99,0.1,2.1,107,9f440b6d-b2d5-43eb-9f24-a23f7a88ec07
FALSE,B0DLXY6SW7,B086Z7GBGS,round bathroom light bulbs,1,kw,52,1,305.69,0,7.17,-1.45,48,31.8,1.11,317.52,0,-2.61,40,1,305.69,263.27,0,-1.61,1,41,0,0,0,-2.61,0.1,2.1,107,9f440b6d-b2d5-43eb-9f24-a23f7a88ec07
TRUE,B0DLXY6SW7,B086Z7GBGS,led globe light bulbs,2,kw,9,1,700.36,0,28.93,-0.57,44,1.01,691.25,290.38,0.1,-1.55,8,1,700.36,47.17,0.63,-1.52,1,11,0,0,0,-2.56,0.1,2.2,107,9f440b6d-b2d5-43eb-9f24-a23f7a88ec07
TRUE,B0DLXY6SW7,B086Z7GBGS,globe led light bulbs,2,kw,9,1,321.43,0,13.92,0,46,1,321.43,303.94,0,-0.99,9,1,321.43,53.91,0.16,-0.96,1,11,0,0,0,-1.99,0.1,2.2,107,9f440b6d-b2d5-43eb-9f24-a23f7a88ec07
FALSE,B0DLXY6SW7,B086Z7GBGS,bathroom vanity bulbs,3,sr_rc,34,1,479.39,0,14.42,-1.77,100,4.66,61.72,772.12,0,-2.6,31,1,479.39,202.38,0.12,-1.85,1,23,0,0,0,-2.87,0.1,2.1,107,9f440b6d-b2d5-43eb-9f24-a23f7a88ec07
FALSE,B0DLXY6SW7,B086Z7GBGS,vanity light bulbs for bathroom,3,sr_rc,100,11.04,68.98,0,0.03,-2.45,97,42.68,5.69,680.01,0,-2.75,86,1,1553.15,581.44,0.03,-1.76,1,64,0,0,0,-2.77,0.1,2.1,107,9f440b6d-b2d5-43eb-9f24-a23f7a88ec07
FALSE,B0DLXY6SW7,B086Z7GBGS,bathroom bulbs for lights over mirror,4,sr_rc,100,27.41,4.58,0,0,-2.7,100,53.22,0.78,772.12,0,-2.82,100,12.63,15.62,772.12,0,-2.75,1,68,0,0,0,-2.82,0.1,2.2,107,9f440b6d-b2d5-43eb-9f24-a23f7a88ec07
FALSE,B0DLXY6SW7,B086Z7GBGS,bathroom light bulbs over mirror,4,sr_rc,100,39.18,6.54,0,0,-2.72,100,51.52,2.73,772.12,0,-2.81,100,22.69,19.4,772.12,0,-2.74,1,68,0,0,0,-2.82,0.1,2.2,107,9f440b6d-b2d5-43eb-9f24-a23f7a88ec07
FALSE,B0DLXY6SW7,B086Z7GBGS,clear globe light bulbs for bathroom,5,sr_rc,6,1,369.75,0,18.54,0,35,1,369.75,229.43,0,-0.99,6,1,369.75,33.69,0.54,-0.95,1,7,0,0,0,-1.99,0.1,2.1,107,9f440b6d-b2d5-43eb-9f24-a23f7a88ec07
FALSE,B0DLXY6SW7,B086Z7GBGS,globe light bulbs for bathroom,5,sr_rc,57,1,1120.16,0,21.19,-1.51,64,26.55,7.17,426.63,0,-2.58,39,1,1120.16,256.5,0.1,-1.59,1,39,0,0,0,-2.61,0.1,2.1,107,9f440b6d-b2d5-43eb-9f24-a23f7a88ec07
FALSE,B0DLXY6SW7,B086Z7GBGS,clear light bulbs,5,sr_rc,100,48.69,13.56,0,0.01,-1.86,97,93.54,2.63,680.01,0,-1.98,100,16.73,68.42,772.12,0,-1.68,1,125,0,0,0,-1.99,0.1,2.1,107,9f440b6d-b2d5-43eb-9f24-a23f7a88ec07
TRUE,B0DTB3DCK9,B0CJWJ2ZCR,led recessed lighting 6 inch retrofit,1,kw,10,1,455.1,0,19.07,-0.83,68,1,455.1,69.22,0.1,-0.97,9,1,455.1,8.11,2.02,-0.93,1,11,0,0,0,-1.99,0.1,1.1,107,9f440b6d-b2d5-43eb-9f24-a23f7a88ec07
TRUE,B0DVCJNHQW,B0D96PKF1G,emergency exit sign with lights battery backup,1,kw,19,1,6616.44,0,49.09,-0.73,87,1,6616.44,88.14,0.1,-0.98,16,1,6616.44,15.08,3.02,-0.96,1,16,0,0,0,-1.99,0.1,2.1,107,9f440b6d-b2d5-43eb-9f24-a23f7a88ec07
FALSE,B0DVCJNHQW,B0D96PKF1G,emergency exit light,1,kw,42,1,4226.1,0,22.36,-1.39,85,14.04,101.3,85.87,0,-2.46,29,1,4226.1,28.18,0.98,-1.53,1,32,0,0,0,-2.55,0.1,2.1,107,9f440b6d-b2d5-43eb-9f24-a23f7a88ec07
FALSE,B0DVCJNHQW,B0D96PKF1G,emergency exit lights with battery backup,1,kw,34,1,2312.12,0,13.77,-0.83,85,15.16,43.58,85.87,0,-1.95,27,1,2312.12,26.16,0.5,-0.97,1,29,0,0,0,-1.99,0.1,2.1,107,9f440b6d-b2d5-43eb-9f24-a23f7a88ec07
FALSE,B0DVCJNHQW,B0D96PKF1G,emergency exit sign,1,kw,100,23.29,152.4,0,0.02,-2.63,47,47.57,22.66,46.37,0,-2.8,100,4.46,1667.17,118.42,0,-1.8,1,60,0,0,0,-2.82,0.1,2.1,107,9f440b6d-b2d5-43eb-9f24-a23f7a88ec07
TRUE,B0DRTKCJX5,B076ZWHCBH,vanity light bulbs,1,kw,11,1,6862.79,0,226.25,0,56,1,6862.79,889.16,0.08,-0.98,10,1,6862.79,145.17,1.4,-0.93,1,8,0,0,0,-1.99,0.08,1.1,107,9f440b6d-b2d5-43eb-9f24-a23f7a88ec07
FALSE,B0DRTKCJX5,B076ZWHCBH,vanity light bulbs for bathroom,1,kw,45,1,1998.96,0,41.06,-0.83,98,7.21,134.09,1630.68,0,-1.54,37,1,1998.96,581.24,0.12,-0.96,1,24,0,0,0,-1.99,0.08,1.1,107,9f440b6d-b2d5-43eb-9f24-a23f7a88ec07
TRUE,B0DRTKCJX5,B076ZWHCBH,vanity mirror light bulbs,1,kw,24,1,721.19,0,22,0,97,5.92,53.44,1599.86,0,-1.81,21,1,721.19,322.7,0,-0.99,1,14,0,0,0,-1.99,0.08,1.1,107,9f440b6d-b2d5-43eb-9f24-a23f7a88ec07
TRUE,B0DRTKCJX5,B076ZWHCBH,light bulbs for vanity mirror,1,kw,16,1,439.62,0,13.57,0,100,1.05,411.83,1759.97,0,-0.99,14,1,439.62,209.71,0,-0.99,1,9,0,0,0,-1.99,0.08,1.1,107,9f440b6d-b2d5-43eb-9f24-a23f7a88ec07
TRUE,B0DRTKCJX5,B076ZWHCBH,round light bulbs for bathroom,2,kw,22,1,1840.63,0,54.99,0,47,11.17,28.76,743.12,0,-1.89,20,1,1840.63,306.55,0.15,-0.96,1,15,0,0,0,-1.99,0.08,1.2,107,9f440b6d-b2d5-43eb-9f24-a23f7a88ec07
TRUE,B0DRTKCJX5,B076ZWHCBH,round light bulbs,2,kw,11,1,1397.07,0,50.42,-0.71,100,4.18,179.22,1759.97,0,-2.1,10,1,1397.07,145.17,0.34,-1.66,1,12,0,0,0,-2.7,0.08,1.2,107,9f440b6d-b2d5-43eb-9f24-a23f7a88ec07
FALSE,B0DRTKCJX5,B076ZWHCBH,round bathroom light bulbs,2,kw,34,1,395.07,0,9.85,-0.73,6,23.38,0.25,80.64,0,-1.99,30,1,395.07,468.07,0,-0.99,1,24,0,0,0,-1.99,0.08,1.2,107,9f440b6d-b2d5-43eb-9f24-a23f7a88ec07
FALSE,B0DRTKCJX5,B076ZWHCBH,led bulbs 40w,3,sr_rc,78,48.92,5.94,0,0.04,-1.71,89,92.31,0.95,1436.84,0,-1.99,85,27.51,15.53,1367.3,0,-1.94,1,114,0,0,0,-1.99,0.08,1.1,107,9f440b6d-b2d5-43eb-9f24-a23f7a88ec07
FALSE,B0DRTKCJX5,B076ZWHCBH,40w led light bulbs,3,sr_rc,90,32.01,47.99,0,0.19,-1.57,89,81.18,5.03,1436.84,0,-1.97,98,9.11,286.15,1630.68,0,-1.04,1,103,0,0,0,-1.99,0.08,1.1,107,9f440b6d-b2d5-43eb-9f24-a23f7a88ec07
FALSE,B0DRTKCJX5,B076ZWHCBH,light bulbs for bathroom above mirror,4,sr_rc,62,1,645.47,0,9.76,0,100,17.21,11.47,1759.97,0,-1.95,55,1,645.47,872.91,0,-0.99,1,37,0,0,0,-1.99,0.08,1.2,107,9f440b6d-b2d5-43eb-9f24-a23f7a88ec07
FALSE,B0DRTKCJX5,B076ZWHCBH,bathroom vanity bulbs,5,sr_rc,26,1,618.08,0,16.66,-0.83,100,1.47,374.23,1759.97,0,-0.99,23,1,618.08,354.99,0,-0.99,1,16,0,0,0,-1.99,0.08,1.1,107,9f440b6d-b2d5-43eb-9f24-a23f7a88ec07
FALSE,B0DRTKCJX5,B076ZWHCBH,vanity bulbs for bathroom,5,sr_rc,23,1,1716.54,0,51.24,0,74,1,1716.54,1183.34,0,-0.99,20,1,1716.54,306.55,0.15,-0.95,1,13,0,0,0,-1.99,0.08,1.1,107,9f440b6d-b2d5-43eb-9f24-a23f7a88ec07
FALSE,B0DRTKCJX5,B076ZWHCBH,e26 led bulb,6,sr_rc,74,5.19,529.77,0,5.56,-0.5,99,18.9,81.31,1673.74,0,-2.22,55,1,4354.65,872.91,0.08,-1.41,1,54,0,0,0,-2.49,0.08,1.2,107,9f440b6d-b2d5-43eb-9f24-a23f7a88ec07
FALSE,B0DRTKCJX5,B076ZWHCBH,light bulbs 40 watt,7,sr_rc,88,80.25,29.01,0,0.12,-2.65,90,121.06,6.34,1454.74,0,-2.96,92,57.17,58.79,1491.56,0,-2.76,1,143,0,0,0,-2.97,0.08,1.1,107,9f440b6d-b2d5-43eb-9f24-a23f7a88ec07
FALSE,B0DRTKCJX5,B076ZWHCBH,led globe light bulbs,8,sr_rc,7,1,890.14,0,31.46,0,94,1,890.14,1530.64,0,-0.99,7,1,890.14,96.77,0.33,-0.96,1,8,0,0,0,-1.99,0.08,1.2,107,9f440b6d-b2d5-43eb-9f24-a23f7a88ec07
FALSE,B0DRTKCJX5,B076ZWHCBH,globe led light bulbs,8,sr_rc,10,1,416.51,0,14.66,0,90,1,416.51,1454.74,0,-0.99,9,1,416.51,129.03,0.17,-0.95,1,10,0,0,0,-1.99,0.08,1.2,107,9f440b6d-b2d5-43eb-9f24-a23f7a88ec07
TRUE,B0BXFRGM3B,B07RJ1VD7Q,dusk to dawn led outdoor light bulb,1,kw,19,1,20775.62,0,877.9,-0.73,54,16.44,106.54,690.53,0,-1.4,17,1,20775.62,207.87,4.18,-0.97,1,19,0,0,0,-1.99,0.08,2.1,107,9f440b6d-b2d5-43eb-9f24-a23f7a88ec07
TRUE,B0BXFRGM3B,B07RJ1VD7Q,dusk to dawn light bulb,1,kw,13,1,861.5,0,42.9,0,54,13.68,6.01,690.53,0,-1.96,13,1,861.5,155.88,0.28,-0.93,1,16,0,0,0,-1.99,0.08,2.1,107,9f440b6d-b2d5-43eb-9f24-a23f7a88ec07
TRUE,B0BXFRGM3B,B07RJ1VD7Q,outdoor dusk to dawn light bulbs,1,kw,19,1,712.57,0,37.26,0,54,16.32,3.86,690.53,0,-1.97,18,1,712.57,220.87,0.16,-0.96,1,19,0,0,0,-1.98,0.08,2.1,107,9f440b6d-b2d5-43eb-9f24-a23f7a88ec07
FALSE,B0BXFRGM3B,B07RJ1VD7Q,dusk to dawn bulbs,1,kw,34,1,728.51,0,29.91,-0.89,44,25.98,1.13,559.63,0,-1.98,30,1,728.51,377.03,0.13,-0.97,1,28,0,0,0,-1.99,0.08,2.1,107,9f440b6d-b2d5-43eb-9f24-a23f7a88ec07
FALSE,B0BXFRGM3B,B07RJ1VD7Q,led dusk to dawn outdoor light bulbs,1,kw,27,1,611.17,0,25.63,-0.83,54,22.32,1.7,690.53,0,-1.98,25,1,611.17,311.93,0.13,-0.97,1,25,0,0,0,-1.99,0.08,2.1,107,9f440b6d-b2d5-43eb-9f24-a23f7a88ec07
FALSE,B0BXFRGM3B,B07RJ1VD7Q,dusk to dawn light,1,kw,52,1,786.41,0,22,-1.73,17,28.24,0.89,207.87,0,-2.98,44,1,786.41,559.63,0,-1.97,1,30,0,0,0,-2.98,0.08,2.1,107,9f440b6d-b2d5-43eb-9f24-a23f7a88ec07
FALSE,B0BXFRGM3B,B07RJ1VD7Q,led flood light outdoor dusk to dawn,1,kw,16,1,441.82,0,18.76,-1,81,12.92,4.37,1050.11,0,-2.97,16,1,441.82,194.87,0.12,-1.96,1,16,0,0,0,-2.99,0.08,2.1,107,9f440b6d-b2d5-43eb-9f24-a23f7a88ec07
FALSE,B0BXFRGM3B,B07RJ1VD7Q,dusk to dawn lights,1,kw,54,1,674.76,0,18.61,-1.83,13,31.46,0.53,155.88,0,-2.98,46,1,674.76,585.77,0,-1.97,1,33,0,0,0,-2.97,0.08,2.1,107,9f440b6d-b2d5-43eb-9f24-a23f7a88ec07
TRUE,B0BXFRGM3B,B07RJ1VD7Q,dusk till dawn outdoor light bulb,2,kw,11,1,907.77,0,52.73,0,54,10.31,16.21,690.53,0,-1.9,10,1,907.77,116.89,0.33,-0.96,1,14,0,0,0,-1.99,0.08,2.2,107,9f440b6d-b2d5-43eb-9f24-a23f7a88ec07
FALSE,B0BXFRGM3B,B07RJ1VD7Q,dusk till dawn outdoor light,2,kw,69,3.11,243.26,0,4.53,-1.73,29,40.14,0.85,364,0,-2.97,64,1.01,1021.42,822.14,0,-1.95,1,43,0,0,0,-2.96,0.08,2.2,107,9f440b6d-b2d5-43eb-9f24-a23f7a88ec07
FALSE,B0BXFRGM3B,B07RJ1VD7Q,dusk to dawn flood lights outdoor,3,sr_rc,3,1,1008.45,0,41.96,-1.73,36,1,1008.45,455.22,0.08,-1.97,3,1,1008.45,25.97,1.51,-1.91,1,2,0,0,0,-2.99,0.08,2.1,107,9f440b6d-b2d5-43eb-9f24-a23f7a88ec07
FALSE,B0BXFRGM3B,B07RJ1VD7Q,flood lights outdoor dusk to dawn,3,sr_rc,6,1.07,505.23,0,23.74,-1.73,28,5.78,14.44,350.98,0,-2.91,6,1,554.53,64.93,0.43,-1.95,1,7,0,0,0,-2.99,0.08,2.1,107,9f440b6d-b2d5-43eb-9f24-a23f7a88ec07
FALSE,B0BXFRGM3B,B07RJ1VD7Q,dust to dawn floodlight,4,sr_rc,6,1,286.66,0,13.55,-0.73,100,1.33,187.43,1480.57,0,-0.99,6,1,286.66,64.93,0.14,-0.93,1,5,0,0,0,-1.99,0.08,2.2,107,9f440b6d-b2d5-43eb-9f24-a23f7a88ec07
FALSE,B0BXFRGM3B,B07RJ1VD7Q,light sensing outdoor bulb,5,sr_rc,11,1,483.81,0,24.8,-1.73,73,6.56,23.09,941.76,0,-2.85,9,1.06,448.04,103.9,0.16,-1.95,1,11,0,0,0,-2.98,0.08,2.1,107,9f440b6d-b2d5-43eb-9f24-a23f7a88ec07
FALSE,B0BXFRGM3B,B07RJ1VD7Q,outside light bulbs,6,sr_rc,39,1,822.9,0,31.55,-0.73,95,21.28,9.92,1263.23,0,-1.93,34,1,822.9,429.14,0.13,-0.95,1,40,0,0,0,-1.99,0.08,2.2,107,9f440b6d-b2d5-43eb-9f24-a23f7a88ec07
FALSE,B0BXFRGM3B,B07RJ1VD7Q,solar light bulbs for outside,6,sr_rc,49,1,1428.32,0,43.4,-1,58,39.36,2.25,743.06,0,-2.97,45,1,1428.32,572.7,0.09,-1.82,1,45,0,0,0,-2.97,0.08,2.2,107,9f440b6d-b2d5-43eb-9f24-a23f7a88ec07
FALSE,B0BXFRGM3B,B07RJ1VD7Q,photocell light bulb,7,sr_rc,23,1,705.4,0,34.89,-0.83,71,10.31,16.66,915.03,0,-1.9,20,1,705.4,246.88,0.16,-0.97,1,16,0,0,0,-1.98,0.08,2.1,107,9f440b6d-b2d5-43eb-9f24-a23f7a88ec07
FALSE,B0BXFRGM3B,B07RJ1VD7Q,light sensor light bulb,8,sr_rc,23,1,679.93,0,29.99,-1,54,19.36,3.31,690.53,0,-2.96,21,1,679.93,259.89,0.13,-1.93,1,23,0,0,0,-2.97,0.08,2.2,107,9f440b6d-b2d5-43eb-9f24-a23f7a88ec07
FALSE,B0BXFRGM3B,B07RJ1VD7Q,outdoor light bulbs for porch lights,9,sr_rc,82,11.43,133.74,0,1.5,-1.18,90,51.26,7.88,1178.88,0,-1.95,72,1,3108.95,928.38,0.05,-0.98,1,72,0,0,0,-1.99,0.08,2.1,107,9f440b6d-b2d5-43eb-9f24-a23f7a88ec07
FALSE,B0BXFRGM3B,B07RJ1VD7Q,outdoor bulbs for porch light,9,sr_rc,15,1,536.09,0,28.92,0,68,1,536.09,875.11,0,-0.98,12,1,536.09,142.88,0.17,-0.88,1,13,0,0,0,-1.97,0.08,2.1,107,9f440b6d-b2d5-43eb-9f24-a23f7a88ec07
FALSE,B0BXFRGM3B,B07RJ1VD7Q,outdoor floodlight bulb,10,sr_rc,14,1,699.78,0,31.11,-2.51,80,7.65,30.28,1036.39,0,-3.44,13,1,699.78,155.88,0.14,-2.6,1,14,0,0,0,-3.61,0.08,2.2,107,9f440b6d-b2d5-43eb-9f24-a23f7a88ec07
FALSE,B08MLJK7SL,B08MKZZV9Q,dusk till dawn outdoor light bulb,1,kw,29,1,1431.85,0,37.51,-1.56,77,1,1431.85,132.46,0.08,-1.65,22,1,1431.85,36.3,1.11,-1.6,1,20,0,0,0,-2.66,0.08,1.1,107,9f440b6d-b2d5-43eb-9f24-a23f7a88ec07
TRUE,B09LLMFLG7,B09LLMFLG7,led 2x4 flat panel,1,kw,16,1,2952.51,0,12.24,0,76,1.01,2915,75.85,0.05,-0.98,15,1,2952.51,14.06,0.77,-0.95,1,18,0,0,0,-1.99,0.08,2.1,107,9f440b6d-b2d5-43eb-9f24-a23f7a88ec07
FALSE,B09LLMFLG7,B09LLMFLG7,2 x 4 led lights for drop ceiling,2,kw,30,1,2743.55,0,8.81,-0.83,87,1,2743.55,87.57,0.03,-0.99,25,1,2743.55,24.11,0.41,-0.97,1,22,0,0,0,-1.99,0.08,2.2,107,9f440b6d-b2d5-43eb-9f24-a23f7a88ec07
TRUE,B0DGN4W6VC,B0CNQBL9VH,recessed light with night light,1,kw,5,1,386.52,0,8.65,-0.76,49,1,386.52,48.45,0.08,-1.01,5,1,386.52,4.02,1.65,-0.98,1,7,0,0,0,-1.99,0.08,1.1,107,9f440b6d-b2d5-43eb-9f24-a23f7a88ec07
FALSE,B0DRTKCYWJ,B08FPLSTD4,edison light bulbs,1,kw,41,1,3499.22,0,59.11,-0.73,83,1,3499.22,288.08,0.07,-0.97,31,1,3499.22,103.6,0.67,-0.91,1,29,0,0,0,-1.99,0.07,2.1,107,9f440b6d-b2d5-43eb-9f24-a23f7a88ec07
TRUE,B0C5JSMH9J,B09XY35B1Q,led recessed light bulb,1,kw,15,1,1178.31,0,32.57,0,64,1,1178.31,183.47,0.07,-0.96,13,1,1178.31,34.56,0.85,-0.91,1,15,0,0,0,-1.99,0.07,1.1,107,9f440b6d-b2d5-43eb-9f24-a23f7a88ec07
TRUE,B0CNHF29K7,B0C5S3RVMG,recessed light with night light,1,kw,7,1,495.72,0,8.4,-1.38,57,1,495.72,56.99,0.07,-1.54,6,1,495.72,5.05,1.32,-1.52,1,9,0,0,0,-2.53,0.07,2.1,107,9f440b6d-b2d5-43eb-9f24-a23f7a88ec07
TRUE,B0DR3CHQJM,B0CJCV9W8L,a15 led bulb,1,kw,19,1,781.16,0,52.03,-0.73,85,1,781.16,173.02,0.07,-0.98,17,1,781.16,32.18,1.56,-0.95,1,24,0,0,0,-1.99,0.07,1.1,107,9f440b6d-b2d5-43eb-9f24-a23f7a88ec07
FALSE,B0DR3CHQJM,B0CJCV9W8L,a15 light bulb,1,kw,91,27.79,30.12,0,0.23,-1.75,89,60.89,5.12,182.76,0,-1.96,100,2.38,853.64,253.94,0,-0.98,1,85,0,0,0,-1.99,0.07,1.1,107,9f440b6d-b2d5-43eb-9f24-a23f7a88ec07
FALSE,B0DR3CHQJM,B0CJCV9W8L,light bulbs 60 watt soft white,2,kw,88,10.58,919.73,0,8.39,0,100,23.57,276.17,253.94,0,-0.97,68,1,19314.52,136.05,3.12,-0.82,1,69,0,0,0,-1.96,0.07,1.2,107,9f440b6d-b2d5-43eb-9f24-a23f7a88ec07
FALSE,B0DR3CHQJM,B0CJCV9W8L,2700k led light bulbs dimmable,3,sr_rc,100,15.43,10,0,0.01,-1.81,100,32.25,3.23,253.94,0,-1.97,79,1,342.52,159.5,0.04,-0.73,1,90,0,0,0,-1.99,0.07,1.1,107,9f440b6d-b2d5-43eb-9f24-a23f7a88ec07
FALSE,B0DR3CHQJM,B0CJCV9W8L,2700k led light bulbs,3,sr_rc,84,45.98,16.51,0,0.2,-2.43,100,57.68,10.6,253.94,0,-2.54,95,1,2862.81,200.89,0.06,-1.58,1,117,0,0,0,-2.61,0.07,1.1,107,9f440b6d-b2d5-43eb-9f24-a23f7a88ec07
FALSE,B0BDGD2796,B081QWX4J3,led bulb,1,kw,47,1,4024.68,0,115.63,-1.53,100,1,4024.68,955.44,0,-1.77,44,1,4024.68,386.66,0.29,-1.71,1,54,0,0,0,-2.79,0.06,2.1,107,9f440b6d-b2d5-43eb-9f24-a23f7a88ec07
FALSE,B0BDGD2796,B081QWX4J3,led bulbs,1,kw,100,1.6,9037.24,0,4.87,-1.61,100,26.92,196.58,955.44,0,-1.77,70,1,16318.98,621.7,0.43,-1.74,1,78,0,0,0,-2.76,0.06,2.1,107,9f440b6d-b2d5-43eb-9f24-a23f7a88ec07
FALSE,B0BDGD2796,B081QWX4J3,40w led light bulbs,2,kw,51,1,2981.09,0,90.37,-0.8,93,1,2981.09,837.3,0.01,-1.76,40,1,2981.09,350.63,0.33,-1.55,1,38,0,0,0,-2.78,0.06,2.2,107,9f440b6d-b2d5-43eb-9f24-a23f7a88ec07
FALSE,B0BDGD2796,B081QWX4J3,led bulbs 40w,2,kw,39,1,735.56,0,27.96,0,86,1,735.56,769.01,0,-0.96,31,1,735.56,269.63,0.13,-0.75,1,31,0,0,0,-1.93,0.06,2.2,107,9f440b6d-b2d5-43eb-9f24-a23f7a88ec07
FALSE,B0BDGD2796,B081QWX4J3,cool white light bulbs,3,sr_rc,19,1,1203.68,0,60.3,-0.73,78,1,1203.68,694.76,0.05,-0.98,17,1,1203.68,143.75,0.5,-0.93,1,19,0,0,0,-1.99,0.06,2.1,107,9f440b6d-b2d5-43eb-9f24-a23f7a88ec07
FALSE,B0BDGD2796,B081QWX4J3,cool white led light bulbs,3,sr_rc,47,1,1033.14,0,32.66,-0.83,100,2.03,420.97,955.44,0,-0.98,41,1,1033.14,359.64,0.11,-0.97,1,44,0,0,0,-1.98,0.06,2.1,107,9f440b6d-b2d5-43eb-9f24-a23f7a88ec07
FALSE,B0BDGD2796,B081QWX4J3,4000k light bulbs,4,sr_rc,25,1,756.43,0,33.15,-1.7,71,1,756.43,630.8,0,-1.85,21,1,756.43,179.7,0.15,-1.83,1,23,0,0,0,-2.84,0.06,2.2,107,9f440b6d-b2d5-43eb-9f24-a23f7a88ec07
FALSE,B0BL446KGJ,B07RWLJ467,bug light bulbs outdoor,1,kw,42,1,1798.9,0,59.3,0,86,1,1798.9,340.24,0.06,-0.94,32,1,1798.9,123.02,0.51,-0.88,1,20,0,0,0,-1.96,0.06,1.1,107,9f440b6d-b2d5-43eb-9f24-a23f7a88ec07
FALSE,B0BL446KGJ,B07RWLJ467,yellow light bulbs for bugs outdoor,1,kw,64,1,1430.25,0,22.9,-1.56,100,5.59,148.88,431.06,0,-2.06,48,1,1430.25,186.67,0.15,-1.71,1,31,0,0,0,-2.79,0.06,1.1,107,9f440b6d-b2d5-43eb-9f24-a23f7a88ec07
FALSE,B0BL446KGJ,B07RWLJ467,led bug light bulbs outdoor,1,kw,65,6.41,103.94,0,1.78,-1.21,100,9.23,61.11,431.06,0,-1.67,57,1,1180.45,222.58,0.14,-0.91,1,37,0,0,0,-1.98,0.06,1.1,107,9f440b6d-b2d5-43eb-9f24-a23f7a88ec07
FALSE,B0BL446KGJ,B07RWLJ467,bug repellent light bulb outdoor,1,kw,60,6.95,59.78,0,1.33,-1.43,100,13.93,19.02,431.06,0,-1.86,59,1,781.6,230.57,0.08,-0.91,1,32,0,0,0,-1.94,0.06,1.1,107,9f440b6d-b2d5-43eb-9f24-a23f7a88ec07
FALSE,B0BL446KGJ,B07RWLJ467,led yellow bug light bulbs outdoor,1,kw,64,9.67,25.16,0,0.48,-2.43,98,7.39,37.85,400.25,0,-2.61,60,1,534.91,234.57,0.08,-1.74,1,34,0,0,0,-2.79,0.06,1.1,107,9f440b6d-b2d5-43eb-9f24-a23f7a88ec07
FALSE,B0BL446KGJ,B07RWLJ467,porch lights that don't attract bugs,2,kw,39,1,383.43,0,12.1,-0.73,83,1,383.43,327.69,0,-0.96,31,1,383.43,119.05,0.12,-0.91,1,16,0,0,0,-1.94,0.06,1.2,107,9f440b6d-b2d5-43eb-9f24-a23f7a88ec07
FALSE,B0BL446KGJ,B07RWLJ467,yellow light bulbs outdoor,3,sr_rc,93,1,1453.55,0,5.71,-1.48,100,7.5,105.55,431.06,0,-2.19,68,1,1453.55,266.66,0.11,-1.66,1,45,0,0,0,-2.71,0.06,1.1,107,9f440b6d-b2d5-43eb-9f24-a23f7a88ec07
FALSE,B0BL446KGJ,B07RWLJ467,led bug light,4,sr_rc,68,1,391.93,0,6.08,-0.73,98,12.41,11.17,400.25,0,-1.9,56,1,391.93,218.58,0.07,-0.88,1,29,0,0,0,-1.93,0.06,1.2,107,9f440b6d-b2d5-43eb-9f24-a23f7a88ec07
FALSE,B0BL446KGJ,B07RWLJ467,anti bug porch light,5,sr_rc,75,27.12,1.75,0,0.05,-2.82,96,47.22,0.41,386.64,0,-2.98,96,11.33,7.07,386.64,0,-2.93,1,63,0,0,0,-2.97,0.06,1.1,107,9f440b6d-b2d5-43eb-9f24-a23f7a88ec07
FALSE,B0BL446KGJ,B07RWLJ467,bug lights for outside,6,sr_rc,10,89.44,2.84,0,0.15,-2.82,90,81.94,6.26,357.46,0,-2.93,11,87.26,3.77,39.66,0,-2.89,1,97,0,0,0,-2.94,0.06,1.2,107,9f440b6d-b2d5-43eb-9f24-a23f7a88ec07
FALSE,B0BL446KGJ,B07RWLJ467,yellow bug lights for outside,6,sr_rc,62,17.39,33.41,0,0.72,-2.39,96,24.09,17.7,386.64,0,-2.72,76,1,1654.19,298.98,0.09,-1.76,1,47,0,0,0,-2.8,0.06,1.2,107,9f440b6d-b2d5-43eb-9f24-a23f7a88ec07
FALSE,B0BL446KGJ,B07RWLJ467,yellow bug light bulbs,7,sr_rc,73,1,623.77,0,8.57,-1.56,100,5.91,59.99,431.06,0,-2.49,54,1,623.77,210.6,0.08,-1.71,1,31,0,0,0,-2.76,0.06,1.1,107,9f440b6d-b2d5-43eb-9f24-a23f7a88ec07
FALSE,B0BL446KGJ,B07RWLJ467,bug light bulbs for porch lights,8,sr_rc,75,1,856.84,0,11.07,-0.73,100,9.33,43.32,431.06,0,-1.75,58,1,856.84,226.57,0.07,-0.91,1,36,0,0,0,-1.96,0.06,1.2,107,9f440b6d-b2d5-43eb-9f24-a23f7a88ec07
FALSE,B0BL446KGJ,B07RWLJ467,dusk to dawn bug light,9,sr_rc,93,83.63,0.8,0,0,-1.96,97,101.63,0.36,392.82,0,-1.98,93,61.35,1.76,371.15,0,-1.96,1,125,0,0,0,-1.98,0.06,1.1,107,9f440b6d-b2d5-43eb-9f24-a23f7a88ec07
TRUE,B081QXN379,B081QX7KSJ,gu24 led bulb,1,kw,15,1,7188,0,243.37,-1.25,43,9.16,135.29,236.42,0,-2.72,15,1,7188,78.67,2.72,-2.13,1,12,0,0,0,-3.21,0.06,2.1,107,9f440b6d-b2d5-43eb-9f24-a23f7a88ec07
FALSE,B081QXN379,B081QX7KSJ,2 prong light bulbs,2,kw,35,1,5093.19,0,145.69,0,97,3.68,911.5,566.04,0,-0.98,29,1,5093.19,157.45,0.98,-0.93,1,22,0,0,0,-1.97,0.06,2.2,107,9f440b6d-b2d5-43eb-9f24-a23f7a88ec07
FALSE,B081QXN379,B081QX7KSJ,a19 led bulb,3,sr_rc,22,1,2290.82,0,83.8,-0.8,71,1,2290.82,395.82,0.06,-1.76,20,1,2290.82,106.79,0.8,-1.68,1,19,0,0,0,-2.77,0.06,2.1,107,9f440b6d-b2d5-43eb-9f24-a23f7a88ec07
FALSE,B097FG1DWR,B086Z6CDT4,bulged light bulbs,1,kw,14,1,684.36,0,40.96,-1,75,1,684.36,225.35,0.05,-1.97,13,1,684.36,36.35,0.97,-1.93,1,18,0,0,0,-2.99,0.05,1.1,107,9f440b6d-b2d5-43eb-9f24-a23f7a88ec07
TRUE,B0DNRJJF9C,B0CX9F4C83,led disk light,1,kw,16,1,1142.67,0,10.48,-0.73,71,1,1142.67,70.72,0.05,-0.98,14,1,1142.67,13.05,0.75,-0.95,1,15,0,0,0,-1.99,0.05,2.1,107,9f440b6d-b2d5-43eb-9f24-a23f7a88ec07
TRUE,B092F1GJ4T,B01H0ZEDZA,can light bulbs,1,kw,12,1,9852.27,0,204.53,0,84,1,9852.27,1448.55,0.04,-0.97,11,1,9852.27,172.85,1.11,-0.93,1,15,0,0,0,-1.98,0.04,1.1,107,9f440b6d-b2d5-43eb-9f24-a23f7a88ec07
TRUE,B092F1GJ4T,B01H0ZEDZA,br40 led light bulbs 3000k,2,kw,3,1,1241.67,0,25.67,-1.25,37,1,1241.67,622.92,0,-1.51,3,1,1241.67,34.56,0.74,-1.48,1,3,0,0,0,-2.51,0.04,1.2,107,9f440b6d-b2d5-43eb-9f24-a23f7a88ec07
TRUE,B07M7T4C4G,B07HNHMSHJ,dusk to dawn flood lights outdoor,1,kw,15,1,2639.04,0,91.58,-0.6,79,1,2639.04,656.86,0.04,-1.57,14,1,2639.04,109.29,0.77,-1.53,1,19,0,0,0,-2.58,0.04,2.1,107,9f440b6d-b2d5-43eb-9f24-a23f7a88ec07
TRUE,B07M7T4C4G,B07HNHMSHJ,flood lights outdoor dusk to dawn,1,kw,13,1,913.8,0,36.59,0,62,1,913.8,513.2,0,-0.98,11,1,913.8,84.06,0.36,-0.96,1,15,0,0,0,-1.97,0.04,2.1,107,9f440b6d-b2d5-43eb-9f24-a23f7a88ec07
FALSE,B07M7T4C4G,B07HNHMSHJ,outdoor flood light,1,kw,84,1,4605.2,0,35.99,-0.83,100,28.18,47.59,855.62,0,-1.81,62,1,4605.2,513.2,0.17,-0.96,1,68,0,0,0,-1.98,0.04,2.1,107,9f440b6d-b2d5-43eb-9f24-a23f7a88ec07
FALSE,B07M7T4C4G,B07HNHMSHJ,dusk to dawn flood light,1,kw,27,1,967.46,0,30.4,-0.6,85,1,967.46,707.92,0,-1.57,22,1,967.46,176.55,0.15,-1.51,1,25,0,0,0,-2.56,0.04,2.1,107,9f440b6d-b2d5-43eb-9f24-a23f7a88ec07
TRUE,B07M7T4C4G,B07HNHMSHJ,led flood light outdoor dusk to dawn,1,kw,11,1,674.17,0,27.3,0,52,1,674.17,428.95,0,-0.98,10,1,674.17,75.66,0.36,-0.93,1,11,0,0,0,-1.97,0.04,2.1,107,9f440b6d-b2d5-43eb-9f24-a23f7a88ec07
TRUE,B07M7T4C4G,B07HNHMSHJ,dusk to dawn flood lights,1,kw,18,1,707.5,0,25.67,-0.6,79,1,707.5,656.86,0,-1.57,15,1.04,672.78,117.69,0.17,-1.53,1,19,0,0,0,-2.56,0.04,2.1,107,9f440b6d-b2d5-43eb-9f24-a23f7a88ec07
FALSE,B07M7T4C4G,B07HNHMSHJ,dusk to dawn led outdoor light,1,kw,100,17.73,111.74,0,0.04,-1.33,98,53.21,12.45,824.9,0,-1.92,90,1,4815.67,750.92,0.02,-0.88,1,77,0,0,0,-1.93,0.04,2.1,107,9f440b6d-b2d5-43eb-9f24-a23f7a88ec07
TRUE,B07M7T4C4G,B07HNHMSHJ,dust to dawn floodlight,2,kw,10,1,485.92,0,18.09,0,53,1,485.92,437.38,0,-0.97,9,1,485.92,67.25,0.17,-0.91,1,10,0,0,0,-1.96,0.04,2.2,107,9f440b6d-b2d5-43eb-9f24-a23f7a88ec07
FALSE,B081NX5X51,B081NX5X51,4 ft grow light,1,kw,41,1,2477.8,0,9.29,-0.73,89,1,2477.8,89.71,0.02,-0.97,30,1,2477.8,29.13,0.43,-0.95,1,27,0,0,0,-1.98,0.04,1.1,107,9f440b6d-b2d5-43eb-9f24-a23f7a88ec07
FALSE,B081NX5X51,B081NX5X51,4ft grow light,1,kw,49,1,2381.7,0,6.36,-0.83,94,1,2381.7,95.78,0.01,-0.97,37,1,2381.7,36.17,0.21,-0.96,1,30,0,0,0,-1.98,0.04,1.1,107,9f440b6d-b2d5-43eb-9f24-a23f7a88ec07
FALSE,B081NX5X51,B081NX5X51,greenhouse lights,2,kw,48,15.58,98.72,0,0.3,-0.95,96,1,4124.87,98.7,0.01,-0.93,49,1,4124.87,48.28,0.29,-0.82,1,45,0,0,0,-1.96,0.04,1.2,107,9f440b6d-b2d5-43eb-9f24-a23f7a88ec07
FALSE,B081NX5X51,B081NX5X51,grow lights for greenhouse,2,kw_sr_rc,7,55.58,3.53,0,0,-1.93,100,12.19,141.44,112.41,0,-1.89,95,1,3675.17,97.17,0.01,-0.89,1,63,0,0,0,-1.96,0.04,1.2,107,9f440b6d-b2d5-43eb-9f24-a23f7a88ec07
TRUE,B09XP93RKG,B083KNSY3F,br30 led,1,kw,14,1,1645.95,0,51.45,-0.73,82,1,1645.95,437.91,0.04,-0.98,13,1,1645.95,64.21,0.85,-0.95,1,19,0,0,0,-1.98,0.04,2.1,107,9f440b6d-b2d5-43eb-9f24-a23f7a88ec07
FALSE,B09XP93RKG,B083KNSY3F,led br30,1,kw,29,1,777.79,0,19.76,-0.73,86,10.29,31.11,460.92,0,-1.89,23,1.01,768.03,117.77,0.15,-0.98,1,29,0,0,0,-1.98,0.04,2.1,107,9f440b6d-b2d5-43eb-9f24-a23f7a88ec07
FALSE,B09XP93RKG,B083KNSY3F,br30 smart bulb,2,kw,22,93.32,1.82,0,0,-2.94,75,103.94,0.86,398.78,0,-2.98,77,54.93,9.02,409.87,0,-2.94,1,116,0,0,0,-2.97,0.04,2.2,107,9f440b6d-b2d5-43eb-9f24-a23f7a88ec07
FALSE,B0D54KGW41,B08K19R429,4ft grow light,1,kw,29,1,1379.68,0,8.95,-0.73,87,1,1379.68,88.38,0.02,-0.97,22,1,1379.68,21.14,0.39,-0.93,1,24,0,0,0,-1.98,0.04,1.1,107,9f440b6d-b2d5-43eb-9f24-a23f7a88ec07
FALSE,B0D54KGW41,B08K19R429,4 ft grow light,1,kw,43,1,1444.99,0,8.87,-0.83,92,1,1444.99,94.59,0.02,-0.97,30,1,1444.99,29.21,0.42,-0.96,1,30,0,0,0,-1.98,0.04,1.1,107,9f440b6d-b2d5-43eb-9f24-a23f7a88ec07
TRUE,B0F1QXTYSW,B0BWL5F2VS,led lights for ceiling,1,kw,25,1,6341.4,0,8.56,-0.05,80,1,6341.4,79.92,0.04,-0.98,25,1,6341.4,24.09,0.28,-0.93,1,18,0,0,0,-1.99,0.04,2.1,107,9f440b6d-b2d5-43eb-9f24-a23f7a88ec07
FALSE,B0F1QXTYSW,B0BWL5F2VS,ceiling led light,1,kw,100,61.67,18.29,0,0,-1.99,100,72.29,12.82,111.68,0,-1.99,100,4.96,696.82,111.68,0,-1.89,1,129,0,0,0,-1.99,0.04,2.1,107,9f440b6d-b2d5-43eb-9f24-a23f7a88ec07
FALSE,B0D7DTLCCG,B0CJZ3D3GF,grow lights for seedlings,1,kw,53,1,3323.28,0,40.51,0,100,9.87,157.48,129.11,0,-1.61,38,1,3323.28,37.41,1.3,-0.88,1,39,0,0,0,-1.94,0.04,1.1,107,9f440b6d-b2d5-43eb-9f24-a23f7a88ec07
TRUE,B0D7DTLCCG,B0CJZ3D3GF,2ft grow light,2,kw,10,1,734.01,0,16.41,-0.67,80,1,734.01,81.19,0.04,-1.61,9,1,734.01,8.06,1.61,-1.55,1,14,0,0,0,-2.65,0.04,1.2,107,9f440b6d-b2d5-43eb-9f24-a23f7a88ec07
FALSE,B0D7DTLCCG,B0CJZ3D3GF,led grow lights for seed starting,3,sr_rc,17,61.38,4.69,0,0.15,-1.82,98,51.97,8.7,109.66,0,-1.94,99,12.95,108.55,115.51,0,-1.67,1,79,0,0,0,-1.94,0.04,1.1,107,9f440b6d-b2d5-43eb-9f24-a23f7a88ec07
FALSE,B0D7DTLCCG,B0CJZ3D3GF,grow lights for indoor seed starting,3,sr_rc,70,17.33,43.12,0,0.32,-1.63,99,39.07,9.09,115.51,0,-1.94,81,1,1875.62,82.3,0.1,-0.91,1,65,0,0,0,-1.94,0.04,1.1,107,9f440b6d-b2d5-43eb-9f24-a23f7a88ec07
FALSE,B0D7DTLCCG,B0CJZ3D3GF,seed starting lights,3,sr_rc,73,20.34,20.07,0,0.14,-2.44,99,41.71,4.8,115.51,0,-2.7,87,1,1107.33,89.31,0.05,-1.66,1,68,0,0,0,-2.69,0.04,1.1,107,9f440b6d-b2d5-43eb-9f24-a23f7a88ec07
FALSE,B0D7DTLCCG,B0CJZ3D3GF,3ft grow light,4,sr_rc,16,62.14,0.9,0,0,-2.73,96,64.19,0.79,103.32,0,-2.96,98,14.98,14.52,109.66,0,-2.85,1,85,0,0,0,-2.93,0.04,1.2,107,9f440b6d-b2d5-43eb-9f24-a23f7a88ec07
FALSE,B0DRTG7V6L,B076ZY4HV1,globe light bulbs,1,kw,54,1,4567.39,0,82.07,-0.83,78,20.59,57.87,525.22,0,-1.8,36,1,4567.39,237.29,0.5,-0.96,1,39,0,0,0,-1.99,0.03,2.1,107,9f440b6d-b2d5-43eb-9f24-a23f7a88ec07
FALSE,B0DRTG7V6L,B076ZY4HV1,vanity light bulbs for bathroom,2,kw,39,1,1991.99,0,45.63,-0.73,86,1,1991.99,582.31,0.03,-0.98,30,1,1991.99,196.55,0.27,-0.93,1,21,0,0,0,-1.99,0.03,2.2,107,9f440b6d-b2d5-43eb-9f24-a23f7a88ec07
FALSE,B0DRTG7V6L,B076ZY4HV1,bathroom vanity light bulbs,2,kw,40,1,1545.41,0,33.44,-0.83,90,1,1545.41,612.27,0,-0.99,31,1,1545.41,203.33,0.13,-0.97,1,24,0,0,0,-1.99,0.03,2.2,107,9f440b6d-b2d5-43eb-9f24-a23f7a88ec07
FALSE,B0DRTG7V6L,B076ZY4HV1,vanity light bulbs,2,kw,93,14.81,210.78,0,0.57,-1.25,100,31.03,56.83,751.52,0,-1.8,82,1,7369.43,553.48,0.1,-0.98,1,60,0,0,0,-1.99,0.03,2.2,107,9f440b6d-b2d5-43eb-9f24-a23f7a88ec07
FALSE,B0DRTG7V6L,B076ZY4HV1,vanity bulbs for bathroom,2,kw,100,3.17,407.6,0,0.15,-0.95,100,21.02,24.4,751.52,0,-1.91,62,1,1773.66,414.54,0.07,-0.97,1,45,0,0,0,-1.99,0.03,2.2,107,9f440b6d-b2d5-43eb-9f24-a23f7a88ec07
FALSE,B0DRTG7V6L,B076ZY4HV1,light bulbs for bathroom,2,kw,72,30.14,9.73,0,0.12,-1.86,100,42.25,5.04,751.52,0,-1.97,91,1,958.9,620.07,0,-0.99,1,82,0,0,0,-1.99,0.03,2.2,107,9f440b6d-b2d5-43eb-9f24-a23f7a88ec07
FALSE,B0DRTG7V6L,B076ZY4HV1,round light bulbs,3,sr_rc,56,1,1450.67,0,24.54,-0.89,76,26.62,12.3,511.22,0,-1.95,42,1,1450.67,278.07,0.11,-0.97,1,47,0,0,0,-1.99,0.03,2.1,107,9f440b6d-b2d5-43eb-9f24-a23f7a88ec07
FALSE,B0DRTG7V6L,B076ZY4HV1,led vanity light bulbs,4,sr_rc,38,1,1127.22,0,27.56,-0.83,91,1,1127.22,620.07,0,-0.99,29,1,1127.22,189.76,0.14,-0.97,1,26,0,0,0,-1.99,0.03,2.2,107,9f440b6d-b2d5-43eb-9f24-a23f7a88ec07
FALSE,B0DRTG7V6L,B076ZY4HV1,vanity mirror light bulbs,5,sr_rc,60,1,739.38,0,11.72,-0.89,97,19.13,9.25,675.68,0,-1.96,49,1,739.38,325.72,0,-0.99,1,33,0,0,0,-1.99,0.03,2.1,107,9f440b6d-b2d5-43eb-9f24-a23f7a88ec07
FALSE,B0DRTG7V6L,B076ZY4HV1,light bulbs for vanity mirror,5,sr_rc,89,1,464.61,0,1.97,-0.83,97,23.28,4.04,675.68,0,-1.98,62,1,464.61,414.54,0,-0.99,1,37,0,0,0,-1.99,0.03,2.1,107,9f440b6d-b2d5-43eb-9f24-a23f7a88ec07
FALSE,B0DRTG7V6L,B07VCGTBJG,vanity bulbs,1,kw,29,1,1432.3,0,36.42,-0.89,84,1,1432.3,567.98,0.03,-0.98,22,1,1432.3,142.29,0.28,-0.97,1,22,0,0,0,-1.99,0.03,1.1,107,9f440b6d-b2d5-43eb-9f24-a23f7a88ec07
FALSE,B0DRTG7V6L,B07VCGTBJG,g25 globe light bulbs 40 watt,2,kw,42,8.94,73.02,0,1.6,-1.64,20,26.36,5.75,128.73,0,-1.97,40,1,1385.17,264.5,0.11,-0.97,1,33,0,0,0,-1.99,0.03,1.2,107,9f440b6d-b2d5-43eb-9f24-a23f7a88ec07
FALSE,B0DRTG7V6L,B07VCGTBJG,led bathroom light bulbs,3,sr_rc,76,8.55,39.5,0,0.4,-1.69,100,20.9,10.64,753.45,0,-1.95,67,1,623.74,448.97,0,-0.99,1,65,0,0,0,-1.99,0.03,1.1,107,9f440b6d-b2d5-43eb-9f24-a23f7a88ec07
FALSE,B0DK2C6JKC,B08FPMNN8R,edison bulb,1,kw,41,1,4376.83,0,85.96,0,84,1,4376.83,513.7,0.03,-0.97,31,1,4376.83,184.44,0.5,-0.91,1,28,0,0,0,-1.98,0.03,2.1,107,9f440b6d-b2d5-43eb-9f24-a23f7a88ec07
TRUE,B0DK2C6JKC,B08FPMNN8R,st64 edison led bulb 60w,2,kw,7,1,831.88,0,29.84,0,66,1.01,821.11,400.57,0,-0.99,7,1,831.88,36.86,0.75,-0.97,1,12,0,0,0,-1.99,0.03,2.2,107,9f440b6d-b2d5-43eb-9f24-a23f7a88ec07
FALSE,B0F1P71S3X,B096GT27D3,6 inch gimbal led recessed light,1,kw,62,1,378.34,0,6.68,-1.89,83,1,378.34,85.47,0.03,-1.98,38,1,378.34,37.91,0.3,-1.97,1,27,0,0,0,-2.99,0.03,1.1,107,9f440b6d-b2d5-43eb-9f24-a23f7a88ec07
TRUE,B0D49Z15DR,B0D49Z15DR,6 inch gimbal led recessed light,1,kw,23,1.03,1942.98,0,12.42,-0.73,85,1,2018.08,84.97,0.03,-0.99,21,1,2018.08,20.06,0.62,-0.97,1,19,0,0,0,-1.99,0.03,2.1,107,9f440b6d-b2d5-43eb-9f24-a23f7a88ec07
FALSE,B0DTQBKFK4,B0D9KLN9PH,ceiling light with night light,1,kw,56,1,1929.9,0,24.97,-0.83,100,15.6,44.07,121.89,0,-1.88,47,1,1929.9,46.44,0.61,-0.97,1,41,0,0,0,-1.99,0.03,1.1,107,9f440b6d-b2d5-43eb-9f24-a23f7a88ec07
FALSE,B0DTQBKFK4,B0D9KLN9PH,recessed led ceiling light,2,kw,36,1,649.26,0,9.62,-0.89,84,1,649.26,85.08,0.03,-0.98,29,1,649.26,28.21,0.33,-0.95,1,26,0,0,0,-1.99,0.03,1.2,107,9f440b6d-b2d5-43eb-9f24-a23f7a88ec07
FALSE,B0DTQBKFK4,B0D9KLN9PH,flat led ceiling light,3,sr_rc,85,11.29,28.55,0,0.11,-1.87,99,40.63,3.44,111.31,0,-1.98,72,1,647.86,72.14,0.05,-0.97,1,76,0,0,0,-1.99,0.03,1.1,107,9f440b6d-b2d5-43eb-9f24-a23f7a88ec07
FALSE,B08GQB4BRH,B07L456V2Q,4' led light fixture,1,kw,50,1,2722.72,0,22.2,0,100,10.05,125.51,327.76,0,-1.82,40,1,2722.72,121.77,0.27,-0.88,1,39,0,0,0,-1.98,0.02,2.1,107,9f440b6d-b2d5-43eb-9f24-a23f7a88ec07
FALSE,B08GQB4BRH,B07L456V2Q,garage ceiling lights,2,kw,44,1,2638.07,0,20.72,0,91,1,2638.07,283.28,0.02,-0.91,35,1,2638.07,106.14,0.24,-0.75,1,26,0,0,0,-1.98,0.02,2.2,107,9f440b6d-b2d5-43eb-9f24-a23f7a88ec07
FALSE,B08GQB4BRH,B07L456V2Q,4ft led light fixtures,3,sr_rc,68,14.27,66.78,0,0.31,-1.65,86,43.76,8.3,266.77,0,-1.97,64,1,2141.54,196.95,0.07,-0.95,1,69,0,0,0,-1.98,0.02,2.1,107,9f440b6d-b2d5-43eb-9f24-a23f7a88ec07
FALSE,B08GQB4BRH,B07L456V2Q,led garage strip lights,4,sr_rc,93,11.44,80.63,0,0.08,-1.9,100,34.53,12.82,327.76,0,-2.94,75,1,1895.63,231.61,0.04,-1.82,1,67,0,0,0,-2.94,0.02,2.2,107,9f440b6d-b2d5-43eb-9f24-a23f7a88ec07
FALSE,B08GQB4BRH,B07L456V2Q,led shop light,5,sr_rc,16,90.45,11.1,0,0.14,-1.94,99,82.83,15.92,316.53,0,-1.97,99,27.86,150.5,316.53,0,-1.79,1,116,0,0,0,-1.98,0.02,2.1,107,9f440b6d-b2d5-43eb-9f24-a23f7a88ec07
FALSE,B08GQB4BRH,B07L456V2Q,4 foot led light fixture,6,sr_rc,84,10.8,93.6,0,0.23,-0.88,84,47.65,6.51,260.3,0,-1.96,70,1,2011.6,215.83,0.06,-0.88,1,72,0,0,0,-1.96,0.02,2.2,107,9f440b6d-b2d5-43eb-9f24-a23f7a88ec07
FALSE,B0DKB1QP7Z,B082S1WRGV,luces led,1,kw,22,1,57388.55,0,545.76,-1,95,1,57388.55,1566.9,0.02,-1.93,20,1,57388.55,313.71,1.72,-1.75,1,23,0,0,0,-2.98,0.02,1.1,107,9f440b6d-b2d5-43eb-9f24-a23f7a88ec07
FALSE,B0DKB1QP7Z,B082S1WRGV,can lights,2,kw,63,1,58413.2,0,240.56,-1.89,100,9.96,2710.92,1703.65,0,-1.99,43,1,58413.2,693.75,0.53,-1.97,1,38,0,0,0,-2.99,0.02,1.2,107,9f440b6d-b2d5-43eb-9f24-a23f7a88ec07
FALSE,B0DKB1QP7Z,B082S1WRGV,led ceiling light flush mount,3,sr_rc,100,10.27,295.84,0,0.03,-2.44,38,42.71,11.45,611.09,0,-2.76,94,1,6241.09,1548.32,0,-1.77,1,51,0,0,0,-2.77,0.02,1.1,107,9f440b6d-b2d5-43eb-9f24-a23f7a88ec07
FALSE,B0DKB1QP7Z,B082S1WRGV,ceiling led lights,4,sr_rc,40,1,11419.83,0,92.33,-0.53,92,12.97,338.3,1512.4,0,-2.18,36,1,11419.83,578.04,0.14,-1.44,1,36,0,0,0,-2.52,0.02,1.2,107,9f440b6d-b2d5-43eb-9f24-a23f7a88ec07
FALSE,B0DKB1QP7Z,B082S1WRGV,led ceiling light,4,sr_rc,99,1,21143.84,0,5.34,-1.5,92,43.64,74.35,1512.4,0,-2.59,67,1,21143.84,1091.23,0.07,-1.62,1,65,0,0,0,-2.66,0.02,1.2,107,9f440b6d-b2d5-43eb-9f24-a23f7a88ec07
FALSE,B0DKB1QP7Z,B082S1WRGV,ceiling led light,4,sr_rc,100,50.72,3.75,0,0,-2.73,85,96.54,0.55,1392.02,0,-2.74,100,28.57,9.82,1703.65,0,-2.73,1,117,0,0,0,-2.74,0.02,1.2,107,9f440b6d-b2d5-43eb-9f24-a23f7a88ec07
FALSE,B0DKB1QP7Z,B082S1WRGV,luces led para cuartos para el techo,5,sr_rc,62,1,3642.16,0,18.55,0,97,32.8,19.82,1606.69,0,-1.97,53,1,3642.16,859.19,0,-0.99,1,51,0,0,0,-1.99,0.02,1.1,107,9f440b6d-b2d5-43eb-9f24-a23f7a88ec07
FALSE,B0DKB1QP7Z,B082S1WRGV,6inch recessed led lights,6,sr_rc,32,1,5453.45,0,47.56,-1.65,81,11.62,175.77,1324.64,0,-2.63,27,1,5453.45,429.33,0.16,-1.79,1,29,0,0,0,-2.81,0.02,1.2,107,9f440b6d-b2d5-43eb-9f24-a23f7a88ec07
FALSE,B0DKB1QP7Z,B082S1WRGV,6 inch led light,6,sr_rc,26,1,936.24,0,8.88,-1.77,95,4.58,124.45,1566.9,0,-2.75,23,1,936.24,363.26,0,-1.93,1,24,0,0,0,-2.87,0.02,1.2,107,9f440b6d-b2d5-43eb-9f24-a23f7a88ec07
FALSE,B0DKB1QP7Z,B082S1WRGV,recess lights 6 inch,6,sr_rc,21,1,2003.33,0,20.29,-0.93,98,3.2,435.16,1629.43,0,-2.49,19,1,2003.33,297.19,0,-1.92,1,22,0,0,0,-2.92,0.02,1.2,107,9f440b6d-b2d5-43eb-9f24-a23f7a88ec07
FALSE,B0DKB1QP7Z,B082S1WRGV,recessed lights,7,sr_rc,23,1,12529.75,0,112.52,-1.6,93,7.01,900.41,1530.2,0,-1.96,21,1,12529.75,330.22,0.31,-1.84,1,26,0,0,0,-2.86,0.02,1.1,107,9f440b6d-b2d5-43eb-9f24-a23f7a88ec07
TRUE,B0DRTLVQPC,B086Z2317P,4 ft led shop light,1,kw,25,1,8790.89,0,49.61,-0.83,92,1,8790.89,312.04,0.02,-0.98,21,1,8790.89,68.09,0.81,-0.96,1,31,0,0,0,-1.98,0.02,2.1,107,9f440b6d-b2d5-43eb-9f24-a23f7a88ec07
FALSE,B0DRTLVQPC,B086Z2317P,led shop lights 4ft,1,kw,62,9.92,242.2,0,0.67,-1.77,97,27.5,46.15,331.68,0,-1.96,56,1,4761.01,187.43,0.08,-0.97,1,58,0,0,0,-1.98,0.02,2.1,107,9f440b6d-b2d5-43eb-9f24-a23f7a88ec07
FALSE,B0C671BXVD,B08LP5JRFM,vanity light bulbs,1,kw,26,1,5790.35,0,179.75,-0.83,87,1,5790.35,951.09,0.02,-0.98,23,1,5790.35,241.22,0.79,-0.95,1,20,0,0,0,-1.99,0.02,1.1,107,9f440b6d-b2d5-43eb-9f24-a23f7a88ec07
TRUE,B0C671BXVD,B08LP5JRFM,vanity bulbs,1,kw,18,1,1172.85,0,42.32,-0.73,78,1,1172.85,848.37,0,-0.99,16,1,1172.85,164.44,0.3,-0.96,1,16,0,0,0,-1.99,0.02,1.1,107,9f440b6d-b2d5-43eb-9f24-a23f7a88ec07
FALSE,B0C671BXVD,B08LP5JRFM,round light bulbs for bathroom,2,kw,27,1,1487.97,0,50.06,-0.73,99,3.6,271.3,1128.05,0,-0.99,24,1,1487.97,252.19,0.14,-0.97,1,20,0,0,0,-1.98,0.02,1.2,107,9f440b6d-b2d5-43eb-9f24-a23f7a88ec07
FALSE,B0C671BXVD,B08LP5JRFM,round bathroom light bulbs,2,kw,46,1,318.44,0,7.08,-1.89,75,21.9,3.15,814.73,0,-2.97,37,1,318.44,394.92,0,-1.97,1,36,0,0,0,-2.97,0.02,1.2,107,9f440b6d-b2d5-43eb-9f24-a23f7a88ec07
FALSE,B0C671BXVD,B08LP5JRFM,light bulbs for bathroom,2,kw,93,23.07,12.53,0,0.05,-1.87,100,58.06,2.1,1179.62,0,-1.97,92,1,767.47,1011.2,0,-0.97,1,92,0,0,0,-1.98,0.02,1.2,107,9f440b6d-b2d5-43eb-9f24-a23f7a88ec07
FALSE,B0C671BXVD,B08LP5JRFM,clear globe light bulbs for bathroom,3,sr_rc,48,1,418.78,0,9.14,-2.45,89,22.13,4.61,974.66,0,-3.59,38,1,418.78,405.91,0,-2.6,1,40,0,0,0,-3.6,0.02,1.1,107,9f440b6d-b2d5-43eb-9f24-a23f7a88ec07
FALSE,B0C671BXVD,B08LP5JRFM,globe light bulbs,3,sr_rc,80,2.3,1281.18,0,12.47,-1.51,40,51.09,4.92,427.89,0,-2.59,59,1,3669.38,637.14,0.08,-1.59,1,60,0,0,0,-2.6,0.02,1.1,107,9f440b6d-b2d5-43eb-9f24-a23f7a88ec07
FALSE,B0C671BXVD,B08LP5JRFM,g25 globe light bulbs 40 watt,4,sr_rc,12,1,1121.62,0,44.65,0,5,13.69,4.76,43.84,0,-1.97,11,1,1121.62,109.61,0.32,-0.97,1,15,0,0,0,-1.98,0.02,1.2,107,9f440b6d-b2d5-43eb-9f24-a23f7a88ec07
FALSE,B0C671BXVD,B08LP5JRFM,vanity bulbs for bathroom,5,sr_rc,45,1,1409.83,0,35.65,-1.4,100,9.02,70.28,1179.62,0,-2.27,37,1,1409.83,394.92,0.12,-1.54,1,29,0,0,0,-2.56,0.02,1.1,107,9f440b6d-b2d5-43eb-9f24-a23f7a88ec07
FALSE,B0C671BXVD,B08LP5JRFM,bathroom vanity bulbs,5,sr_rc,20,1,495.59,0,18.49,0,84,1,495.59,916.41,0,-0.99,18,1,495.59,186.37,0.15,-0.95,1,17,0,0,0,-1.98,0.02,1.1,107,9f440b6d-b2d5-43eb-9f24-a23f7a88ec07
FALSE,B0DVS6HG18,B0BPN62TJV,led shop lights for workshop 4ft,1,kw,17,1,12259.48,0,154.32,-1,100,2.57,3595.51,1653.97,0,-1.99,16,1,12259.48,246.93,0.62,-1.97,1,23,0,0,0,-2.99,0.02,2.1,107,9f440b6d-b2d5-43eb-9f24-a23f7a88ec07
TRUE,B0DVS6HG18,B0BPN62TJV,4ft led shop light,1,kw,23,1.02,6297.48,0,90.14,0,96,11.49,219.99,1570.11,0,-1.62,21,1,6457.55,329.25,0.29,-0.96,1,31,0,0,0,-1.99,0.02,2.1,107,9f440b6d-b2d5-43eb-9f24-a23f7a88ec07
TRUE,B0DVS6HG18,B0BPN62TJV,4 ft led shop light,1,kw,16,1,3279.02,0,57.23,0,100,2.4,1055.84,1653.97,0,-0.99,15,1,3279.02,230.47,0.17,-0.97,1,24,0,0,0,-1.99,0.02,2.1,107,9f440b6d-b2d5-43eb-9f24-a23f7a88ec07
FALSE,B0DVS6HG18,B0BPN62TJV,led shop light 4ft,1,kw,32,1,4477.36,0,54.36,-0.83,98,15.29,100.12,1606.61,0,-1.82,25,1,4477.36,395.11,0.14,-0.97,1,37,0,0,0,-1.99,0.02,2.1,107,9f440b6d-b2d5-43eb-9f24-a23f7a88ec07
FALSE,B0DVS6HG18,B0BPN62TJV,led shop lights 4ft,1,kw,49,1,1781,0,15.81,-0.83,98,24.58,17.41,1606.61,0,-1.96,36,1,1781,576.24,0,-0.99,1,45,0,0,0,-1.99,0.02,2.1,107,9f440b6d-b2d5-43eb-9f24-a23f7a88ec07
FALSE,B0DVS6HG18,B0BPN62TJV,4 led shop lights,1,kw,63,1,1248.7,0,7.38,-1.73,98,28.97,9.92,1606.61,0,-2.97,45,1,1248.7,724.46,0,-1.99,1,53,0,0,0,-2.99,0.02,2.1,107,9f440b6d-b2d5-43eb-9f24-a23f7a88ec07
TRUE,B0DVS6HG18,B0BPN62TJV,led shop light,2,kw,23,1,8444.04,0,119.34,0,91,1,8444.04,1484.71,0.02,-0.97,19,1,8444.04,296.32,0.42,-0.95,1,28,0,0,0,-1.99,0.02,2.2,107,9f440b6d-b2d5-43eb-9f24-a23f7a88ec07
FALSE,B0DVS6HG18,B0BPN62TJV,4 foot led shop lights,2,kw,29,1,4405.32,0,48.7,-1.73,100,14.32,107.66,1653.97,0,-2.81,25,1.03,4243.62,395.11,0.12,-1.97,1,35,0,0,0,-2.99,0.02,2.2,107,9f440b6d-b2d5-43eb-9f24-a23f7a88ec07
FALSE,B0DVS6HG18,B0BPN62TJV,4' led shop light,2,kw,41,1,3153.51,0,34.19,-0.73,96,19.57,46.67,1570.11,0,-1.91,29,1,3153.51,460.97,0.13,-0.97,1,41,0,0,0,-1.99,0.02,2.2,107,9f440b6d-b2d5-43eb-9f24-a23f7a88ec07
FALSE,B0DVS6HG18,B0BPN62TJV,linkable led shop light,2,kw,35,1,2646.01,0,32.76,0,100,4.1,415.55,1653.97,0,-1.3,25,1,2646.01,395.11,0.13,-0.93,1,26,0,0,0,-1.99,0.02,2.2,107,9f440b6d-b2d5-43eb-9f24-a23f7a88ec07
FALSE,B0DVS6HG18,B0BPN62TJV,shop led lights,2,kw,56,1,1753.6,0,13.89,0,98,17.13,35.58,1606.61,0,-1.93,42,1,1753.6,675.05,0,-0.98,1,45,0,0,0,-1.99,0.02,2.2,107,9f440b6d-b2d5-43eb-9f24-a23f7a88ec07
FALSE,B0DVS6HG18,B0BPN62TJV,led 4 foot shop lights,2,kw,44,1,933.09,0,9.16,-0.89,98,21.99,11.22,1606.61,0,-1.97,32,1,933.09,510.37,0,-0.99,1,43,0,0,0,-1.99,0.02,2.2,107,9f440b6d-b2d5-43eb-9f24-a23f7a88ec07
FALSE,B0DVS6HG18,B0BPN62TJV,4 foot led shop light,2,kw,42,1,788.76,0,8.59,-0.73,98,18.22,12.99,1606.61,0,-1.97,30,1.02,769.28,477.43,0,-0.99,1,39,0,0,0,-1.99,0.02,2.2,107,9f440b6d-b2d5-43eb-9f24-a23f7a88ec07
FALSE,B0DVS6HG18,B0BPN62TJV,led shop lights,2,kw,70,17.59,816.85,0,3.74,-0.73,98,44.9,138.68,1606.61,0,-1.76,74,1,35236.15,1202.57,0.12,-0.95,1,73,0,0,0,-1.99,0.02,2.2,107,9f440b6d-b2d5-43eb-9f24-a23f7a88ec07
FALSE,B0DVS6HG18,B0BPN62TJV,led shop lights for garage,2,kw,65,25.21,35.6,0,0.18,-1.77,96,50.37,8.61,1570.11,0,-1.98,83,1,2621.44,1351.44,0,-0.99,1,80,0,0,0,-1.99,0.02,2.2,107,9f440b6d-b2d5-43eb-9f24-a23f7a88ec07
FALSE,B0DVS6HG18,B0BPN62TJV,4 foot led light fixture,3,sr_rc,100,17.57,35.73,0,0.01,-1.86,75,64.34,2.33,1219.09,0,-1.99,92,1,1491.26,1501.55,0,-0.99,1,84,0,0,0,-1.99,0.02,2.1,107,9f440b6d-b2d5-43eb-9f24-a23f7a88ec07
FALSE,B0DVS6HG18,B0BPN62TJV,shop lights for garage led super bright,4,sr_rc,19,1,3371.41,0,49.4,0,82,1,3371.41,1334.87,0,-0.99,17,1,3371.41,263.39,0.14,-0.88,1,19,0,0,0,-1.99,0.02,2.2,107,9f440b6d-b2d5-43eb-9f24-a23f7a88ec07
FALSE,B0DVS6HG18,B0BPN62TJV,garage shop lights,4,sr_rc,47,1,1351.05,0,12.87,-1.26,98,18.59,24.22,1606.61,0,-2.48,35,1,1351.05,559.77,0,-1.52,1,47,0,0,0,-2.52,0.02,2.2,107,9f440b6d-b2d5-43eb-9f24-a23f7a88ec07
FALSE,B0DVS6HG18,B0BPN62TJV,shop lights for garage,4,sr_rc,37,1,8918.21,0,96.25,-0.65,100,10.24,402.2,1653.97,0,-1.97,30,1,8918.21,477.43,0.24,-1.61,1,40,0,0,0,-2.64,0.02,2.2,107,9f440b6d-b2d5-43eb-9f24-a23f7a88ec07
FALSE,B0DVS6HG18,B0BPN62TJV,4' led light fixture,5,sr_rc,100,3.75,380.04,0,0.08,-1.29,95,42.79,8.18,1552.67,0,-1.98,71,1,2027.22,1153.04,0,-0.99,1,68,0,0,0,-1.99,0.02,2.1,107,9f440b6d-b2d5-43eb-9f24-a23f7a88ec07
FALSE,B0DVS6HG18,B0BPN62TJV,plug in shop light,6,sr_rc,100,35.26,8.2,0,0,-2.94,95,76.18,1.21,1552.67,0,-2.99,100,11.92,40.77,1653.97,0,-2.92,1,99,0,0,0,-2.99,0.02,2.2,107,9f440b6d-b2d5-43eb-9f24-a23f7a88ec07
FALSE,B0DVS6HG18,B0BPN62TJV,shop lights led 4ft plug in,6,sr_rc,10,1,2113.83,0,33.73,0,64,1,2113.83,1037.57,0,-0.99,10,1,2113.83,148.15,0.15,-0.96,1,13,0,0,0,-1.99,0.02,2.2,107,9f440b6d-b2d5-43eb-9f24-a23f7a88ec07
FALSE,B0DVS6HG18,B0BPN62TJV,4ft led light fixtures,7,sr_rc,89,11.74,66.14,0,0.13,-1.72,75,55.37,3.33,1219.09,0,-1.98,73,1,1587.05,1186.06,0,-0.99,1,75,0,0,0,-1.99,0.02,2.1,107,9f440b6d-b2d5-43eb-9f24-a23f7a88ec07
FALSE,B0DVS6HG18,B0BPN62TJV,4 ft led light fixture,7,sr_rc,79,1,2345.24,0,9.95,0,77,34.35,12.63,1252.14,0,-1.97,53,1,2345.24,856.26,0,-0.99,1,55,0,0,0,-1.99,0.02,2.1,107,9f440b6d-b2d5-43eb-9f24-a23f7a88ec07
FALSE,B0DVS6HG18,B0BPN62TJV,linkable shop lights,8,sr_rc,16,1,903.61,0,14.44,-1,73,1,903.61,1186.06,0,-1.99,14,1,903.61,214,0,-1.99,1,16,0,0,0,-2.99,0.02,2.2,107,9f440b6d-b2d5-43eb-9f24-a23f7a88ec07
FALSE,B0DVS6HG18,B0BPN62TJV,48 led shop lights,9,sr_rc,18,1,684.59,0,9.81,-0.83,100,1.83,315.35,1653.97,0,-1.46,16,1,684.59,246.93,0,-0.99,1,26,0,0,0,-1.99,0.02,2.1,107,9f440b6d-b2d5-43eb-9f24-a23f7a88ec07
FALSE,B0DKLT2GYR,B0BPN82S2N,led shop lights for workshop 4ft,1,kw,53,1,12615.66,0,96.12,-1.57,91,30.89,73.97,94.09,0,-2.55,39,1,12615.66,38.38,3.04,-1.64,1,48,0,0,0,-2.66,0.02,1.1,107,9f440b6d-b2d5-43eb-9f24-a23f7a88ec07
TRUE,B0DKLT2GYR,B0BPN82S2N,48 led shop lights,2,kw,14,1,691.33,0,10.3,-1.31,91,1,691.33,94.09,0.02,-1.55,12,1,691.33,11.08,0.78,-1.51,1,20,0,0,0,-2.57,0.02,1.2,107,9f440b6d-b2d5-43eb-9f24-a23f7a88ec07
FALSE,B0DKLT2GYR,B0BPN82S2N,linkable shop lights,3,sr_rc,68,1,938.88,0,5.86,-1.42,91,21.25,11.36,94.09,0,-2.54,50,1,938.88,49.58,0.2,-1.54,1,40,0,0,0,-2.55,0.02,1.1,107,9f440b6d-b2d5-43eb-9f24-a23f7a88ec07
TRUE,B0CJKJ92KC,B0C298ZLWL,ufo led high bay light,1,kw,13,1,40749.33,0,53.94,0,90,3.88,6809.25,111.05,0.02,-0.97,12,1,40749.33,13.47,3.61,-0.93,1,23,0,0,0,-1.99,0.02,2.1,107,9f440b6d-b2d5-43eb-9f24-a23f7a88ec07
TRUE,B0CJKJ92KC,B0C298ZLWL,high bay lights,1,kw,20,1,20286.63,0,30.25,-0.73,50,22.95,204.22,60.16,0,-1.95,17,1,20286.63,19.6,1.54,-0.95,1,40,0,0,0,-1.99,0.02,2.1,107,9f440b6d-b2d5-43eb-9f24-a23f7a88ec07
FALSE,B0CJKJ92KC,B0C298ZLWL,led high bay lights,1,kw,35,1,18519.53,0,18.91,0,50,31.26,104.8,60.16,0,-1.97,28,1.02,18063.12,33.09,0.54,-0.96,1,48,0,0,0,-1.99,0.02,2.1,107,9f440b6d-b2d5-43eb-9f24-a23f7a88ec07
FALSE,B0CJKJ92KC,B0C298ZLWL,high bay led lights,1,kw,34,1,8099.63,0,8.57,0,50,28.82,52.25,60.16,0,-1.98,29,1,8099.63,34.32,0.22,-0.96,1,45,0,0,0,-1.98,0.02,2.1,107,9f440b6d-b2d5-43eb-9f24-a23f7a88ec07
TRUE,B0CJKJ92KC,B0C298ZLWL,led ufo high bay light,1,kw,20,1,4725.23,0,6.57,-0.2,64,16.32,85.39,77.5,0,-1.98,17,1,4725.23,19.6,0.28,-1.15,1,33,0,0,0,-1.98,0.02,2.1,107,9f440b6d-b2d5-43eb-9f24-a23f7a88ec07
TRUE,B0CJKJ92KC,B0C298ZLWL,high bay led,1,kw,21,1,3659.49,0,5.64,-0.38,67,13.28,97.55,81.25,0,-1.97,18,1,3659.49,20.83,0.31,-1.34,1,32,0,0,0,-1.99,0.02,2.1,107,9f440b6d-b2d5-43eb-9f24-a23f7a88ec07
TRUE,B0CJKJ92KC,B0C298ZLWL,high bay led shop lights,2,kw,22,1,32813,0,44.66,0,97,5.49,3468.59,123.05,0,-1.4,20,1,32813,23.28,1.65,-0.95,1,29,0,0,0,-1.98,0.02,2.2,107,9f440b6d-b2d5-43eb-9f24-a23f7a88ec07
FALSE,B0CJKJ92KC,B0C298ZLWL,highbay led shop lights,3,sr_rc,16,1,2729.62,0,3.55,-2.87,65,1,2729.62,78.75,0,-3.03,14,1,2729.62,15.92,0.27,-2.97,1,20,0,0,0,-3.48,0.02,2.1,107,9f440b6d-b2d5-43eb-9f24-a23f7a88ec07
FALSE,B0D9HSDJZC,B0D9HSDJZC,mr16 led bulb dimmable,1,kw,75,1,653.75,0,11.52,-1.39,96,1,653.75,98.05,0.02,-1.48,42,1,653.75,41.17,0.61,-1.48,1,49,0,0,0,-2.49,0.02,1.1,107,9f440b6d-b2d5-43eb-9f24-a23f7a88ec07
FALSE,B0D9HSDJZC,B0D9HSDJZC,mr16 led bulb,1,kw,18,65.13,10.54,0,0.47,-2.39,100,41.08,34.57,110.04,0,-2.3,94,1,5687.47,95.29,0.25,-1.47,1,91,0,0,0,-2.49,0.02,1.1,107,9f440b6d-b2d5-43eb-9f24-a23f7a88ec07
FALSE,B0D9HSDJZC,B0D9HSDJZC,2 pin light bulbs,2,kw,100,61.64,3.45,0,0,-1.93,100,86.05,1.56,110.04,0,-1.98,100,13.7,34.29,110.04,0,-1.8,1,134,0,0,0,-1.99,0.02,1.2,107,9f440b6d-b2d5-43eb-9f24-a23f7a88ec07
FALSE,B0D9C2D6SB,B07NXG1WVN,plant lights,1,kw,42,4.27,6558.33,0,39.33,0,96,11.68,1452.56,147.26,0.01,-0.89,39,1,43211.83,53.93,4.54,-0.75,1,32,0,0,0,-1.94,0.01,2.1,107,9f440b6d-b2d5-43eb-9f24-a23f7a88ec07
FALSE,B0D9C2D6SB,B07NXG1WVN,hanging grow lights for indoor plants,1,kw,49,1,6409.02,0,34.08,0,90,17.23,102.84,131.74,0,-1.88,38,1,6409.02,52.5,0.71,-0.88,1,33,0,0,0,-1.96,0.01,2.1,107,9f440b6d-b2d5-43eb-9f24-a23f7a88ec07
TRUE,B0D9C2D6SB,B07NXG1WVN,4 ft grow light,2,kw,16,1,1428.92,0,12.5,-0.75,96,6.2,112.88,147.26,0,-2.64,15,1,1428.92,19.8,0.65,-1.66,1,19,0,0,0,-2.74,0.01,2.2,107,9f440b6d-b2d5-43eb-9f24-a23f7a88ec07
TRUE,B0D9C2D6SB,B07NXG1WVN,4ft grow light,2,kw,19,1,1376.64,0,9.6,-0.75,96,9.68,52.84,147.26,0,-2.69,18,1,1376.64,24.05,0.38,-1.7,1,22,0,0,0,-2.74,0.01,2.2,107,9f440b6d-b2d5-43eb-9f24-a23f7a88ec07
FALSE,B0DV57QFCP,B0BXQWQRZC,led shop lights for workshop 4ft,1,kw,50,1,6200.67,0,101.24,-1.35,90,30.51,35.01,93.09,0,-2.39,38,1,6200.67,37.4,3.22,-1.45,1,46,0,0,0,-2.51,0.01,1.1,107,9f440b6d-b2d5-43eb-9f24-a23f7a88ec07
FALSE,B0DV57QFCP,B0BXQWQRZC,4ft led shop light,1,kw,35,1,3242.37,0,75.5,-0.73,70,30.09,15.83,70.36,0,-1.94,31,1,3242.37,30.3,2.52,-0.88,1,42,0,0,0,-1.99,0.01,1.1,107,9f440b6d-b2d5-43eb-9f24-a23f7a88ec07
TRUE,B0DV57QFCP,B0BXQWQRZC,led shop light 4ft,1,kw,20,1,2227.97,0,65.03,-0.6,92,12.19,64.22,95.91,0,-2.38,19,1,2227.97,18.15,3.22,-1.53,1,28,0,0,0,-2.59,0.01,1.1,107,9f440b6d-b2d5-43eb-9f24-a23f7a88ec07
TRUE,B0DV57QFCP,B0BXQWQRZC,4 ft led shop light,1,kw,19,1,1644.75,0,50.69,-1.42,90,12.82,42.93,93.09,0,-2.54,18,1,1644.75,17.14,2.7,-1.62,1,28,0,0,0,-2.68,0.01,1.1,107,9f440b6d-b2d5-43eb-9f24-a23f7a88ec07
FALSE,B0DV57QFCP,B0BXQWQRZC,led shop lights 4ft,1,kw,32,1,889.4,0,21.08,-1.27,75,27.5,5.6,75.69,0,-2.51,29,1,889.4,28.27,0.75,-1.45,1,41,0,0,0,-2.53,0.01,1.1,107,9f440b6d-b2d5-43eb-9f24-a23f7a88ec07
FALSE,B0DV57QFCP,B0BXQWQRZC,4 foot led shop lights,2,kw,15,1,2172.29,0,58.19,-1.56,97,3.47,414.36,105.83,0.01,-2.53,14,1,2172.29,13.11,3.99,-2.49,1,19,0,0,0,-3.55,0.01,1.2,107,9f440b6d-b2d5-43eb-9f24-a23f7a88ec07
TRUE,B0DV57QFCP,B0BXQWQRZC,4 foot led shop light,2,kw,18,1,391.62,0,12.21,-0.7,92,10.9,13.33,95.91,0,-2.65,18,1,391.62,17.14,0.62,-1.61,1,26,0,0,0,-2.69,0.01,1.2,107,9f440b6d-b2d5-43eb-9f24-a23f7a88ec07
FALSE,B0DV57QFCP,B0BXQWQRZC,led 4 foot shop lights,2,kw,28,1,465.4,0,11.86,-1.31,90,20.91,5.19,93.09,0,-2.55,26,1,465.4,25.23,0.4,-1.51,1,36,0,0,0,-2.57,0.01,1.2,107,9f440b6d-b2d5-43eb-9f24-a23f7a88ec07
FALSE,B0DV57QFCP,B0BXQWQRZC,48 led shop lights,3,sr_rc,21,1,343.41,0,9.26,-1.54,92,13.44,8.77,95.91,0,-2.61,20,1,343.41,19.17,0.42,-1.6,1,31,0,0,0,-2.64,0.01,1.1,107,9f440b6d-b2d5-43eb-9f24-a23f7a88ec07
FALSE,B0DV57QFCP,B0BXQWQRZC,linkable shop lights,4,sr_rc,58,1,460.62,0,6.97,-1.73,90,17.11,7.72,93.09,0,-2.96,44,1,460.62,43.51,0.2,-1.93,1,34,0,0,0,-2.99,0.01,1.2,107,9f440b6d-b2d5-43eb-9f24-a23f7a88ec07
FALSE,B0DV57QFCP,B0BXQWQRZC,4' led shop light,5,sr_rc,32,1,1577.38,0,39.7,-0.65,70,29.68,8.52,70.36,0,-2.61,29,1,1577.38,28.27,1.3,-1.58,1,43,0,0,0,-2.64,0.01,1.1,107,9f440b6d-b2d5-43eb-9f24-a23f7a88ec07
FALSE,B0DV57QFCP,B0BXQWQRZC,shop lights led 4ft plug in,6,sr_rc,80,1,1093.83,0,7.42,-1.25,71,40.47,3.27,71.42,0,-2.5,57,1,1093.83,56.82,0.29,-1.45,1,54,0,0,0,-2.51,0.01,1.2,107,9f440b6d-b2d5-43eb-9f24-a23f7a88ec07
FALSE,B0DV57QFCP,B0BXQWQRZC,plug in shop light,6,sr_rc,100,19.24,9.96,0,0,-2.9,92,58.9,0.88,95.91,0,-2.99,98,1,483.74,109.42,0,-1.89,1,78,0,0,0,-2.99,0.01,1.2,107,9f440b6d-b2d5-43eb-9f24-a23f7a88ec07
FALSE,B0CVSQMTZL,B0CF6FNY2Z,smart recessed lighting 6 inch,1,kw,43,1,577.12,0,5.78,-0.84,97,1,577.12,99.89,0.01,-1,36,1,577.12,35.15,0.22,-0.98,1,28,0,0,0,-1.99,0.01,2.1,107,9f440b6d-b2d5-43eb-9f24-a23f7a88ec07
FALSE,B0CVSQMTZL,B0CF6FNY2Z,4 inch led recessed lights color changing,2,kw,100,2.88,88.02,0,0.01,-2.74,100,36.11,1.91,110.69,0,-2.99,83,1,335.48,83,0,-2.4,1,63,0,0,0,-2.98,0.01,2.2,107,9f440b6d-b2d5-43eb-9f24-a23f7a88ec07
FALSE,B0D9R6LXRF,B0CR4FQ9YV,smart recessed lighting 6 inch,1,kw,38,1,708.9,0,6.99,-1.28,95,1,708.9,96.97,0.01,-1.53,32,1,708.9,31.13,0.26,-1.51,1,34,0,0,0,-2.54,0.01,1.1,107,9f440b6d-b2d5-43eb-9f24-a23f7a88ec07
FALSE,B0D9R6LXRF,B0CR4FQ9YV,smart can lights,1,kw,73,1,468.76,0,2.33,-0.34,100,12.52,15.79,111.55,0,-1.97,52,1,468.76,51.29,0.1,-1.22,1,43,0,0,0,-1.98,0.01,1.1,107,9f440b6d-b2d5-43eb-9f24-a23f7a88ec07
FALSE,B0DQF3HQQS,B0CWPS7HC5,smart recessed lighting 6 inch,1,kw,28,1,1410.93,0,7.71,-0.01,96,1,1410.93,96.89,0.01,-0.99,24,1,1410.93,23.05,0.27,-0.96,1,26,0,0,0,-1.99,0.01,2.1,107,9f440b6d-b2d5-43eb-9f24-a23f7a88ec07
FALSE,B0DQF3HQQS,B0CWPS7HC5,smart can lights,1,kw,73,10.65,42.4,0,0.11,-1.7,100,18.52,17.85,105.86,0,-1.98,66,1,939.4,65.27,0.07,-1.25,1,52,0,0,0,-1.99,0.01,2.1,107,9f440b6d-b2d5-43eb-9f24-a23f7a88ec07
FALSE,B0CZ4H95N7,B0CZ4H95N7,5000k led light bulbs,1,kw,59,1,3634.43,0,58.32,-0.83,100,1,3634.43,124.4,0.01,-0.98,48,1,3634.43,47.51,1.5,-0.93,1,59,0,0,0,-1.99,0.01,1.1,107,9f440b6d-b2d5-43eb-9f24-a23f7a88ec07
FALSE,B0CZ4H95N7,B0CZ4H95N7,light bulbs daylight,2,kw,19,109.4,2.94,0,0.15,-1.88,100,79.77,8.59,124.4,0,-1.96,100,9.29,245.78,124.4,0,-1.03,1,138,0,0,0,-1.98,0.01,1.2,107,9f440b6d-b2d5-43eb-9f24-a23f7a88ec07
FALSE,B0CZ4H95N7,B0CZ4H95N7,a19 led bulb,3,sr_rc,34,103.27,1.67,0,0,-1.96,100,79.3,4.36,124.4,0,-1.97,100,27.24,31.16,124.4,0,-1.86,1,129,0,0,0,-1.98,0.01,1.1,107,9f440b6d-b2d5-43eb-9f24-a23f7a88ec07
FALSE,B08Q1Z68FS,B0038N29UA,flush mount light,1,kw,33,129.77,2.72,0,0,-2.89,70,136.34,1.95,278.22,0,-2.97,50,104.76,6.66,196.87,0,-2.92,1,157,0,0,0,-2.96,0,2.1,107,9f440b6d-b2d5-43eb-9f24-a23f7a88ec07
FALSE,B08Q1Z68FS,B0038N29UA,flush mount led light,1,kw,100,47.95,9.57,0,0,-1.91,70,90.37,1.19,278.22,0,-1.97,100,30.11,21.66,458.27,0,-1.93,1,105,0,0,0,-1.96,0,2.1,107,9f440b6d-b2d5-43eb-9f24-a23f7a88ec07
TRUE,B0BZ6Q4W3K,B0197C76SU,4000k led light bulbs,1,kw,14,1,2671.85,0,150.08,-1.48,47,9.52,27.79,2567.26,0,-2.48,14,1,2671.85,723.45,0.16,-1.63,1,11,0,0,0,-2.64,0,1.1,107,9f440b6d-b2d5-43eb-9f24-a23f7a88ec07
TRUE,B0BZ6Q4W3K,B0197C76SU,4000k light bulbs,1,kw,23,1,683.25,0,34.65,-1.25,11,25.92,0.59,556.41,0,-2.51,22,1,683.25,1169.23,0,-1.51,1,27,0,0,0,-2.51,0,1.1,107,9f440b6d-b2d5-43eb-9f24-a23f7a88ec07
TRUE,B0BZ6Q4W3K,B0197C76SU,cool white light bulbs,2,kw,10,1,1055.79,0,68.32,-0.8,82,5.55,74.98,4574.19,0,-2.35,10,1,1055.79,500.74,0.17,-1.76,1,11,0,0,0,-2.79,0,1.2,107,9f440b6d-b2d5-43eb-9f24-a23f7a88ec07
TRUE,B0BZ6Q4W3K,B0197C76SU,cool white led light bulbs,2,kw,14,1,900.05,0,55.03,-0.62,81,7.17,41.95,4513.98,0,-2.37,13,1,900.05,667.76,0,-1.61,1,13,0,0,0,-2.61,0,1.2,107,9f440b6d-b2d5-43eb-9f24-a23f7a88ec07
FALSE,B0BZ6Q4W3K,B0197C76SU,led bulb,3,sr_rc,72,1,3627.53,0,63.02,-0.83,41,61.97,1.59,2230.77,0,-1.98,61,1,3627.53,3356.86,0,-0.99,1,66,0,0,0,-1.99,0,1.1,107,9f440b6d-b2d5-43eb-9f24-a23f7a88ec07
FALSE,B0BZ6Q4W3K,B0197C76SU,led light bulbs dimmable,4,sr_rc,93,100.1,0.6,0,0,-2.79,6,152.58,0,278.13,0,-2.81,93,94.14,0.72,5300.9,0,-2.8,1,153,0,0,0,-2.81,0,1.2,107,9f440b6d-b2d5-43eb-9f24-a23f7a88ec07
TRUE,B07M8F8QVV,B0197CGB7W,recessed light bulbs,1,kw,19,1,11061.66,0,363.94,0,90,13.81,120.4,2712.2,0,-1.62,18,1,11061.66,504.36,0.7,-0.95,1,18,0,0,0,-1.97,0,2.1,107,9f440b6d-b2d5-43eb-9f24-a23f7a88ec07
TRUE,B07M8F8QVV,B0197CGB7W,light bulbs for recessed lighting,1,kw,20,1,1120.89,0,32.97,0,65,17.75,5.96,1910.98,0,-1.95,19,1,1120.89,534.07,0,-0.95,1,21,0,0,0,-1.96,0,2.1,107,9f440b6d-b2d5-43eb-9f24-a23f7a88ec07
TRUE,B07M8F8QVV,B0197CGB7W,led recessed light bulb,1,kw,14,1,1020,0,30.98,0,52,11.16,12.81,1518.44,0,-1.94,14,1,1020,385.59,0,-0.97,1,14,0,0,0,-1.97,0,2.1,107,9f440b6d-b2d5-43eb-9f24-a23f7a88ec07
TRUE,B07M8F8QVV,B0197CGB7W,recess light bulbs,1,kw,19,1,744.5,0,23.2,0,45,18.46,2.96,1308.66,0,-1.97,18,1,744.5,504.36,0,-0.96,1,21,0,0,0,-1.97,0,2.1,107,9f440b6d-b2d5-43eb-9f24-a23f7a88ec07
FALSE,B07M8F8QVV,B0197CGB7W,flood light bulbs,2,kw,31,1,12775.29,0,288.72,-0.89,64,26.99,26.08,1880.58,0,-1.91,30,1,12775.29,861.15,0.39,-0.97,1,30,0,0,0,-1.98,0,2.2,107,9f440b6d-b2d5-43eb-9f24-a23f7a88ec07
FALSE,B07M8F8QVV,B0197CGB7W,smart flood light bulb,2,kw,100,39.88,7.98,0,0,-3.57,92,85.79,0.28,2788.84,0,-3.63,100,35.39,10,3555.66,0,-3.59,1,90,0,0,0,-3.62,0,2.2,107,9f440b6d-b2d5-43eb-9f24-a23f7a88ec07
FALSE,B07M8F8QVV,B0197CGB7W,light bulb base sizes chart,3,sr_rc,85,1,1353.24,0,6.75,-1.73,49,58.35,0.77,1428.44,0,-2.98,74,1,1353.24,2187.11,0,-1.96,1,63,0,0,0,-2.97,0,2.1,107,9f440b6d-b2d5-43eb-9f24-a23f7a88ec07
FALSE,B07M8F8QVV,B0197CGB7W,65w flood light indoor,4,sr_rc,33,1,1055.16,0,23.41,-1.73,12,25.37,0.57,326.23,0,-2.98,30,1,1055.16,861.15,0,-1.96,1,26,0,0,0,-2.97,0,2.2,107,9f440b6d-b2d5-43eb-9f24-a23f7a88ec07
FALSE,B07M8F8QVV,B0197CGB7W,indoor flood light bulbs 65w,4,sr_rc,74,8.18,115.63,0,0.99,-2.48,5,59.81,0.04,118.59,0,-2.98,74,5.7,187.58,2187.11,0,-2.4,1,60,0,0,0,-2.97,0,2.2,107,9f440b6d-b2d5-43eb-9f24-a23f7a88ec07
FALSE,B07M8F8QVV,B0197CGB7W,indoor flood lights,4,sr_rc,25,1,2111.38,0,63.27,0,50,16.89,12.03,1458.42,0,-1.93,24,1,2111.38,682.66,0.16,-0.95,1,20,0,0,0,-1.96,0,2.2,107,9f440b6d-b2d5-43eb-9f24-a23f7a88ec07
FALSE,B07M8F8QVV,B0197CGB7W,65w 120v flood light indoor,4,sr_rc,93,1,1623.03,0,3.76,-1.73,19,54.08,0.23,534.07,0,-2.98,85,1,1623.03,2538.12,0,-1.96,1,55,0,0,0,-2.97,0,2.2,107,9f440b6d-b2d5-43eb-9f24-a23f7a88ec07
FALSE,B07M8F8QVV,B0197CGB7W,120v 60hz light bulb,5,sr_rc,100,53.84,10.82,0,0,-1.8,36,112.34,0.54,1039.9,0,-1.96,100,40.2,18.36,3555.66,0,-1.85,1,120,0,0,0,-1.94,0,2.1,107,9f440b6d-b2d5-43eb-9f24-a23f7a88ec07
FALSE,B07M8F8QVV,B0197CGB7W,high hat light bulbs,6,sr_rc,16,1,682.8,0,18.59,-1,32,20.8,1.85,920.7,0,-2.97,15,1,682.8,415.28,0,-1.97,1,23,0,0,0,-2.98,0,2.2,107,9f440b6d-b2d5-43eb-9f24-a23f7a88ec07
FALSE,B07M8F8QVV,B0197CGB7W,indoor light bulbs,7,sr_rc,29,1,1303.15,0,33.48,-0.73,43,25.21,7.29,1248.86,0,-1.96,25,1,1303.15,712.39,0,-0.96,1,34,0,0,0,-1.97,0,2.1,107,9f440b6d-b2d5-43eb-9f24-a23f7a88ec07
FALSE,B07M8F8QVV,B0197CGB7W,65 watt flood light bulbs indoor,8,sr_rc,90,1,4021.17,0,13.84,-1.73,100,50.9,2.75,3555.66,0,-2.97,83,1,4021.17,2472.2,0,-1.96,1,55,0,0,0,-2.97,0,2.2,107,9f440b6d-b2d5-43eb-9f24-a23f7a88ec07
FALSE,B07M8F8QVV,B0197CGB7W,canned light bulbs,9,sr_rc,16,1,883.59,0,29.56,0,53,14.51,5.77,1548.48,0,-1.96,15,1,883.59,415.28,0,-0.96,1,17,0,0,0,-1.97,0,2.1,107,9f440b6d-b2d5-43eb-9f24-a23f7a88ec07
FALSE,B07M8F8QVV,B0197CGB7W,ceiling light bulbs,10,sr_rc,13,1,2814.9,0,94.64,0,75,7.32,156.78,2218.19,0,-1.49,11,1,2814.9,296.56,0.36,-0.88,1,17,0,0,0,-1.96,0,2.2,107,9f440b6d-b2d5-43eb-9f24-a23f7a88ec07
FALSE,B07M8F8QVV,B0197CGB7W,can light bulbs for ceiling,10,sr_rc,19,1,1202.57,0,36.44,0,6,16.15,2.38,148.24,0,-1.96,16,1,1202.57,444.97,0,-0.93,1,17,0,0,0,-1.96,0,2.2,107,9f440b6d-b2d5-43eb-9f24-a23f7a88ec07
FALSE,B07M8F8QVV,B0197CGB7W,led flood lights indoor,11,sr_rc,20,1.02,1109.6,0,33.8,-0.58,65,13.14,10.25,1910.98,0,-2.52,20,1,1138.33,563.77,0,-1.53,1,16,0,0,0,-2.54,0,2.1,107,9f440b6d-b2d5-43eb-9f24-a23f7a88ec07
FALSE,B07M8F8QVV,B0197CGB7W,br40 led light bulbs 3000k,12,sr_rc,1,1,0,0,0,-1.98,1,1,0,0,0,-1.99,1,1,0,0,0,-1.98,1,1,0,0,0,-1.99,0,2.2,107,9f440b6d-b2d5-43eb-9f24-a23f7a88ec07
FALSE,B07M8F8QVV,B0197CGB7W,br40 light bulbs,12,sr_rc,1,1,0,0,0,-1.96,1,1,0,0,0,-1.98,1,1,0,0,0,-1.97,1,1,0,0,0,-1.98,0,2.2,107,9f440b6d-b2d5-43eb-9f24-a23f7a88ec07
TRUE,B09K4PWBPN,B019D4HYLQ,led flood light outdoor,1,kw,20,1,15387.84,0,406.32,-0.91,41,11.97,127.62,1264.89,0,-2.5,20,1,15387.84,599.97,0.54,-1.84,1,14,0,0,0,-2.88,0,1.1,107,9f440b6d-b2d5-43eb-9f24-a23f7a88ec07
FALSE,B09K4PWBPN,B019D4HYLQ,outdoor flood light,1,kw,33,1,5353.08,0,125.95,-0.86,62,21.46,15.41,1934.27,0,-2.8,32,1,5353.08,979.6,0.12,-1.83,1,24,0,0,0,-2.85,0,1.1,107,9f440b6d-b2d5-43eb-9f24-a23f7a88ec07
TRUE,B09K4PWBPN,B019D4HYLQ,led outdoor flood light,1,kw,19,1,3313.61,0,82.29,-0.92,20,10.3,32.68,599.97,0,-2.8,17,1,3313.61,505.16,0.13,-1.88,1,12,0,0,0,-2.89,0,1.1,107,9f440b6d-b2d5-43eb-9f24-a23f7a88ec07
TRUE,B09K4PWBPN,B019D4HYLQ,led flood light outdoor bulb,1,kw,4,1,1206.23,0,37.39,-1.59,51,1,1206.23,1582.78,0,-1.69,4,1,1206.23,94.67,0.35,-1.68,1,3,0,0,0,-2.69,0,1.1,107,9f440b6d-b2d5-43eb-9f24-a23f7a88ec07
TRUE,B09K4PWBPN,B019D4HYLQ,outdoor flood lights bulbs,1,kw,4,1.1,978.16,0,28.24,-1.5,100,1.49,614.59,3628.73,0,-1.76,4,1.02,1092.15,94.67,0.32,-1.74,1,5,0,0,0,-2.76,0,1.1,107,9f440b6d-b2d5-43eb-9f24-a23f7a88ec07
TRUE,B09K4PWBPN,B019D4HYLQ,outdoor led flood lights,1,kw,6,1,853.83,0,23.89,-0.91,20,2.31,180.85,599.97,0,-2.34,6,1,853.83,157.79,0.15,-1.87,1,4,0,0,0,-2.88,0,1.1,107,9f440b6d-b2d5-43eb-9f24-a23f7a88ec07
TRUE,B09K4PWBPN,B019D4HYLQ,flood light bulb outdoor,1,kw,6,1,672.01,0,22.32,-0.78,91,1.81,265.76,2906.41,0,-1.96,6,1,672.01,157.79,0.17,-1.74,1,5,0,0,0,-2.76,0,1.1,107,9f440b6d-b2d5-43eb-9f24-a23f7a88ec07
TRUE,B09K4PWBPN,B019D4HYLQ,led outdoor flood lights,1,kw,7,1,597.07,0,17.11,-0.83,100,1.08,530.55,3628.73,0,-1.81,7,1,597.07,189.35,0.15,-1.79,1,4,0,0,0,-2.8,0,1.1,107,9f440b6d-b2d5-43eb-9f24-a23f7a88ec07
TRUE,B09K4PWBPN,B019D4HYLQ,exterior flood light bulbs,2,kw,4,1,847.4,0,24.98,-1.29,20,2.39,164.43,599.97,0,-2.05,4,1,847.4,94.67,0.33,-1.53,1,4,0,0,0,-2.55,0,1.2,107,9f440b6d-b2d5-43eb-9f24-a23f7a88ec07
FALSE,B09K4PWBPN,B019D4HYLQ,outdoor light bulbs for house exterior,3,sr_rc,3,1.17,796.54,0,24.78,-0.83,34,1,1046.21,1042.95,0,-0.99,3,1.06,947.79,63.11,0.53,-0.93,1,3,0,0,0,-1.99,0,1.1,107,9f440b6d-b2d5-43eb-9f24-a23f7a88ec07
FALSE,B0BZ6Q4W3K,B019GAUUAE,light bulbs 60 watt soft white,1,kw,57,1,21980.45,0,554.22,-1,50,50.9,11.6,2734.53,0,-2.89,52,1,21980.45,2846.98,0.22,-1.88,1,54,0,0,0,-2.93,0,2.1,107,9f440b6d-b2d5-43eb-9f24-a23f7a88ec07
TRUE,B0BZ6Q4W3K,B019GAUUAE,flood light bulbs,2,kw,11,1,6378.55,0,396.22,0,100,7.79,180.73,6554.8,0,-0.99,10,1,6378.55,500.59,0.67,-0.97,1,11,0,0,0,-1.99,0,2.2,107,9f440b6d-b2d5-43eb-9f24-a23f7a88ec07
FALSE,B0BZ6Q4W3K,B019GAUUAE,flood lights,2,kw,21,1,8741.93,0,382.78,-1,7,20.83,13.25,333.68,0,-2.91,19,1,8741.93,1001.68,0.36,-1.88,1,22,0,0,0,-2.99,0,2.2,107,9f440b6d-b2d5-43eb-9f24-a23f7a88ec07
TRUE,B0BZ6Q4W3K,B019GAUUAE,indoor flood light bulbs,2,kw,7,1,4018.18,0,281.61,0,100,1.21,3084.24,6554.8,0,-0.99,7,1,4018.18,333.68,0.76,-0.93,1,7,0,0,0,-1.99,0,2.2,107,9f440b6d-b2d5-43eb-9f24-a23f7a88ec07
TRUE,B0BZ6Q4W3K,B019GAUUAE,can light bulbs,2,kw,6,1,3000.05,0,215.63,0,80,1,3000.05,4449.69,0,-0.99,6,1,3000.05,278.05,0.78,-0.95,1,7,0,0,0,-1.99,0,2.2,107,9f440b6d-b2d5-43eb-9f24-a23f7a88ec07
FALSE,B0BZ6Q4W3K,B019GAUUAE,flood light,2,kw,59,1,7759.85,0,180.89,0,9,46.61,0.67,444.95,0,-1.99,56,1,7759.85,3072.28,0.07,-0.95,1,47,0,0,0,-1.99,0,2.2,107,9f440b6d-b2d5-43eb-9f24-a23f7a88ec07
TRUE,B0BZ6Q4W3K,B019GAUUAE,led flood light bulbs indoor,2,kw,8,1,2286.9,0,161.64,0,100,2.24,694.68,6554.8,0,-0.99,7,1,2286.9,333.68,0.39,-0.97,1,7,0,0,0,-1.99,0,2.2,107,9f440b6d-b2d5-43eb-9f24-a23f7a88ec07
TRUE,B0BZ6Q4W3K,B019GAUUAE,led flood light bulbs,2,kw,10,1,1384.47,0,88.75,0,100,8.8,30.73,6554.8,0,-1.81,10,1,1384.47,500.59,0.17,-0.97,1,12,0,0,0,-1.99,0,2.2,107,9f440b6d-b2d5-43eb-9f24-a23f7a88ec07
TRUE,B0BZ6Q4W3K,B019GAUUAE,flood light bulb,2,kw,11,1,938.16,0,58.13,0,100,6.87,33.48,6554.8,0,-1.79,10,1,938.16,500.59,0.17,-0.97,1,10,0,0,0,-1.99,0,2.2,107,9f440b6d-b2d5-43eb-9f24-a23f7a88ec07
TRUE,B0BZ6Q4W3K,B019GAUUAE,led indoor flood light bulbs,2,kw,2,1,440.04,0,29.12,-0.83,21,1.02,421.47,1113.11,0,-0.99,2,1,440.04,55.6,0.58,-0.93,1,2,0,0,0,-1.99,0,2.2,107,9f440b6d-b2d5-43eb-9f24-a23f7a88ec07
TRUE,B0BZ6Q4W3K,B019GAUUAE,led flood light bulb,2,kw,8,1,416.98,0,26.26,0,100,4.72,31.27,6554.8,0,-1.81,8,1,416.98,389.31,0,-0.99,1,8,0,0,0,-1.99,0,2.2,107,9f440b6d-b2d5-43eb-9f24-a23f7a88ec07
FALSE,B0BZ6Q4W3K,B019GAUUAE,flood light bulb outdoor,2,kw,28,1,392.37,0,16,-1.89,45,18.64,0.87,2453.91,0,-2.99,26,1,392.37,1391.85,0,-1.99,1,20,0,0,0,-2.99,0,2.2,107,9f440b6d-b2d5-43eb-9f24-a23f7a88ec07
FALSE,B0BZ6Q4W3K,B019GAUUAE,floodlight bulb,3,sr_rc,6,1,505.81,0,27.06,-1.73,100,1.25,370.83,6554.8,0,-1.99,6,1,505.81,278.05,0.15,-1.97,1,7,0,0,0,-2.99,0,2.1,107,9f440b6d-b2d5-43eb-9f24-a23f7a88ec07
FALSE,B0BZ6Q4W3K,B019GAUUAE,led can light bulbs,4,sr_rc,6,1,751.32,0,48.05,0,85,1,751.32,4752.03,0,-0.99,5,1.03,720.82,222.43,0.18,-0.96,1,6,0,0,0,-1.99,0,2.2,107,9f440b6d-b2d5-43eb-9f24-a23f7a88ec07
FALSE,B0BZ6Q4W3K,B019GAUUAE,led recessed light bulb,4,sr_rc,5,1,475.28,0,30.2,-0.73,100,2.26,124.62,6554.8,0,-1.26,5,1,475.28,222.43,0.18,-0.93,1,5,0,0,0,-1.99,0,2.2,107,9f440b6d-b2d5-43eb-9f24-a23f7a88ec07
FALSE,B0BZ6Q4W3K,B019GAUUAE,3000k light bulbs,5,sr_rc,5,1,395.38,0,31.26,0,100,4.04,42.83,6554.8,0,-1.74,5,1,395.38,222.43,0.21,-0.97,1,8,0,0,0,-1.99,0,2.1,107,9f440b6d-b2d5-43eb-9f24-a23f7a88ec07
FALSE,B0BZ6Q4W3K,B019GAUUAE,light bulbs 3000k,5,sr_rc,30,1,699.9,0,33.21,-0.83,2,24.04,0.64,55.6,0,-1.99,23,1.03,674.05,1224.58,0,-0.99,1,25,0,0,0,-1.99,0,2.1,107,9f440b6d-b2d5-43eb-9f24-a23f7a88ec07
FALSE,B0BZ6Q4W3K,B019GAUUAE,3000k light bulb,5,sr_rc,8,1,820.4,0,57.44,0,99,9.41,17.24,6049.2,0,-1.89,8,1,820.4,389.31,0.19,-0.98,1,13,0,0,0,-1.99,0,2.1,107,9f440b6d-b2d5-43eb-9f24-a23f7a88ec07
FALSE,B0BZ6Q4W3K,B019GAUUAE,3000k led light bulbs dimmable,5,sr_rc,11,1,356.78,0,22.72,0,100,9.33,7.74,6554.8,0,-1.95,10,1,356.78,500.59,0,-0.99,1,13,0,0,0,-1.99,0,2.1,107,9f440b6d-b2d5-43eb-9f24-a23f7a88ec07
FALSE,B0BZ6Q4W3K,B019GAUUAE,3000k led light bulbs,5,sr_rc,5,1.11,3007.19,0,202.56,-0.83,100,2.73,788.48,6554.8,0,-0.99,5,1,3464.98,222.43,0.98,-0.98,1,8,0,0,0,-1.99,0,2.1,107,9f440b6d-b2d5-43eb-9f24-a23f7a88ec07
FALSE,B0BZ6Q4W3K,B019GAUUAE,led light bulb 3000k,5,sr_rc,8,1,507.01,0,30.86,0,3,11.43,1.49,111.21,0,-1.98,7,1,507.01,333.68,0.16,-0.97,1,12,0,0,0,-1.99,0,2.1,107,9f440b6d-b2d5-43eb-9f24-a23f7a88ec07
FALSE,B0BZ6Q4W3K,B019GAUUAE,led spot lights indoor,6,sr_rc,4,1,323.84,0,18.44,-1,38,1.01,316.93,2061.97,0,-1.99,4,1,323.84,166.82,0.15,-1.75,1,2,0,0,0,-2.99,0,2.2,107,9f440b6d-b2d5-43eb-9f24-a23f7a88ec07
FALSE,B0BZ6Q4W3K,B019GAUUAE,led spotlight bulb,7,sr_rc,3,1,289.95,0,17,-1.89,17,1.01,283.76,890.28,0,-1.99,3,1,289.95,111.21,0.17,-1.95,1,2,0,0,0,-2.99,0,2.1,107,9f440b6d-b2d5-43eb-9f24-a23f7a88ec07
FALSE,B0BZ6Q4W3K,B019GAUUAE,spotlight bulb,7,sr_rc,3,1,329.09,0,18.71,-2.77,14,1,329.09,723.23,0,-2.87,3,1,329.09,111.21,0.17,-2.84,1,2,0,0,0,-3.87,0,2.1,107,9f440b6d-b2d5-43eb-9f24-a23f7a88ec07
TRUE,B0BZ6Q4W3K,B019GAUUAE,br30 led bulb 3000k,8,sr_rc,2,1,504.44,0,36.91,-0.83,10,1,504.44,500.59,0,-0.99,2,1,504.44,55.6,0.64,-0.96,1,2,0,0,0,-1.99,0,2.2,107,9f440b6d-b2d5-43eb-9f24-a23f7a88ec07
FALSE,B0BZ6Q4W3K,B019GAUUAE,br30 bulb,8,sr_rc,3,1,407.78,0,28.53,0,40,1,407.78,2173.85,0,-0.99,3,1,407.78,111.21,0.19,-0.97,1,4,0,0,0,-1.99,0,2.2,107,9f440b6d-b2d5-43eb-9f24-a23f7a88ec07
FALSE,B0BZ6Q4W3K,B019GAUUAE,light bulb base sizes chart,9,sr_rc,12,1,682.97,0,37.85,-1.75,100,11.22,12.3,6554.8,0,-3.67,12,1,682.97,611.9,0,-2.74,1,16,0,0,0,-3.74,0,2.1,107,9f440b6d-b2d5-43eb-9f24-a23f7a88ec07
FALSE,B0BZ6Q4W3K,B019GAUUAE,ceiling light bulbs,10,sr_rc,5,1,1121.37,0,74.37,-0.71,28,1,1121.37,1503.41,0,-1.7,4,1.06,1015.88,166.82,0.38,-1.53,1,3,0,0,0,-2.7,0,2.2,107,9f440b6d-b2d5-43eb-9f24-a23f7a88ec07
TRUE,B0BZ6Q4W3K,B019GAUUAE,can light bulbs for ceiling,10,sr_rc,2,1,371.82,0,23.81,-0.83,18,1,371.82,945.97,0,-0.99,2,1,371.82,55.6,0.37,-0.91,1,2,0,0,0,-1.98,0,2.2,107,9f440b6d-b2d5-43eb-9f24-a23f7a88ec07
FALSE,B0BZ6Q4W3K,B019GAUUAE,led spotlight indoor,11,sr_rc,4,1,1158.02,0,65.71,-1,20,1.02,1109.17,1057.39,0,-1.99,3,1.08,974.76,111.21,0.46,-1.82,1,2,0,0,0,-2.99,0,2.1,107,9f440b6d-b2d5-43eb-9f24-a23f7a88ec07
FALSE,B0BZ6Q4W3K,B019GAUUAE,65w flood light indoor,12,sr_rc,10,1,514.75,0,32.42,-1,94,1,514.75,5369.48,0,-1.99,9,1,514.75,444.95,0,-1.99,1,8,0,0,0,-2.99,0,2.2,107,9f440b6d-b2d5-43eb-9f24-a23f7a88ec07
FALSE,B0BZ6Q4W3K,B019GAUUAE,indoor flood light bulbs 65w,12,sr_rc,8,1,836.31,0,49.94,-1,100,2.33,246.69,6554.8,0,-1.99,8,1,836.31,389.31,0.17,-1.95,1,8,0,0,0,-2.99,0,2.2,107,9f440b6d-b2d5-43eb-9f24-a23f7a88ec07
FALSE,B0BZ6Q4W3K,B019GAUUAE,65w 120v flood light indoor,12,sr_rc,11,1,804.18,0,44.01,-1,78,1,804.18,4331.54,0,-1.99,11,1,804.18,556.24,0,-1.99,1,11,0,0,0,-2.99,0,2.2,107,9f440b6d-b2d5-43eb-9f24-a23f7a88ec07
FALSE,B0BZ6Q4W3K,B019GAUUAE,recessed lighting bulbs,13,sr_rc,5,1,336.79,0,22.96,-0.55,44,1,336.79,2397.85,0,-1.54,4,1.01,331.22,166.82,0.2,-1.48,1,3,0,0,0,-2.54,0,2.1,107,9f440b6d-b2d5-43eb-9f24-a23f7a88ec07
FALSE,B0BZ6Q4W3K,B019GAUUAE,light bulbs for recessed lighting,13,sr_rc,4,1,488.89,0,31.84,-1.38,100,1.17,383.06,6554.8,0,-1.64,4,1,488.89,166.82,0.19,-1.58,1,4,0,0,0,-2.64,0,2.1,107,9f440b6d-b2d5-43eb-9f24-a23f7a88ec07
FALSE,B0BZ6Q4W3K,B019GAUUAE,recess light bulbs,13,sr_rc,4,1,294.55,0,19.14,-1.32,74,1,294.55,4098.2,0,-1.58,4,1,294.55,166.82,0.19,-1.5,1,3,0,0,0,-2.58,0,2.1,107,9f440b6d-b2d5-43eb-9f24-a23f7a88ec07
FALSE,B0BZ6Q4W3K,B019GAUUAE,recessed light bulbs,13,sr_rc,4,1,4848.11,0,343.74,-0.68,100,1.02,4704.12,6554.8,0,-1.67,4,1,4848.11,166.82,2.01,-1.61,1,4,0,0,0,-2.67,0,2.1,107,9f440b6d-b2d5-43eb-9f24-a23f7a88ec07
FALSE,B0BZ6Q4W3K,B019GAUUAE,led flood lights indoor,14,sr_rc,3,1,352.78,0,21.36,-1.83,36,1.01,345.26,1950.14,0,-1.99,3,1,352.78,111.21,0.18,-1.93,1,2,0,0,0,-2.99,0,2.2,107,9f440b6d-b2d5-43eb-9f24-a23f7a88ec07
FALSE,B0BZ6Q4W3K,B019GAUUAE,r30 led bulb,15,sr_rc,2,1,237.01,0,13.67,-1,18,1,237.01,945.97,0,-1.99,2,1,237.01,55.6,0.16,-1.95,1,2,0,0,0,-2.98,0,2.1,107,9f440b6d-b2d5-43eb-9f24-a23f7a88ec07
FALSE,B0BZ6Q4W3K,B019GAUUAE,65 watt flood light bulbs indoor,16,sr_rc,12,1,1979.18,0,108.9,-1,72,1,1979.18,3982.63,0,-1.99,11,1,1979.18,556.24,0.16,-1.95,1,10,0,0,0,-2.99,0,2.2,107,9f440b6d-b2d5-43eb-9f24-a23f7a88ec07
FALSE,B0BZ6Q4W3K,B019GAUUAE,led lamp bulbs,17,sr_rc,14,1,259.82,0,13.47,-1.67,100,4.98,25.43,6554.8,0,-3.51,13,1,259.82,667.56,0,-2.65,1,13,0,0,0,-3.65,0,2.1,107,9f440b6d-b2d5-43eb-9f24-a23f7a88ec07
FALSE,B0BZ6Q4W3K,B019GAUUAE,spot light bulb,18,sr_rc,4,1,395.19,0,23.85,-2.54,38,1,395.19,2061.97,0,-2.7,4,1,395.19,166.82,0.18,-2.68,1,4,0,0,0,-3.7,0,2.2,107,9f440b6d-b2d5-43eb-9f24-a23f7a88ec07
FALSE,B0BZ6Q4W3K,B019GAUUAE,canned light bulbs,19,sr_rc,2,1,273.19,0,18.66,-0.83,35,1,273.19,1894.26,0,-0.99,2,1,273.19,55.6,0.4,-0.91,1,2,0,0,0,-1.99,0,2.1,107,9f440b6d-b2d5-43eb-9f24-a23f7a88ec07
FALSE,B0BZ6Q4W3K,B019GAUUAE,par30 led bulb,20,sr_rc,8,1,558.99,0,28.45,-1,100,1.51,318.52,6554.8,0,-1.99,7,1.09,497.99,333.68,0.14,-1.97,1,9,0,0,0,-2.99,0,2.2,107,9f440b6d-b2d5-43eb-9f24-a23f7a88ec07
FALSE,B0BZ6Q4W3K,B019GAUUAE,bulged light bulbs,21,sr_rc,5,1,612.85,0,37.68,-0.79,100,1.8,244.7,6554.8,0,-1.78,5,1,612.85,222.43,0.17,-1.75,1,5,0,0,0,-2.78,0,2.1,107,9f440b6d-b2d5-43eb-9f24-a23f7a88ec07
FALSE,B0BZ6Q4W3K,B019GAUUAE,120v 60hz light bulb,22,sr_rc,14,1,1209.13,0,64.6,0,100,1.97,470.7,6554.8,0,-0.98,12,1,1209.13,611.9,0.15,-0.82,1,9,0,0,0,-1.98,0,2.2,107,9f440b6d-b2d5-43eb-9f24-a23f7a88ec07
FALSE,B0BZ6Q4W3K,B019GAUUAE,high hat light bulbs,23,sr_rc,4,1,322.45,0,20.1,-1,100,1.81,133.46,6554.8,0,-2.21,4,1,322.45,166.82,0.17,-1.97,1,6,0,0,0,-2.99,0,2.1,107,9f440b6d-b2d5-43eb-9f24-a23f7a88ec07
FALSE,B0BZ6Q4W3K,B019GAUUAE,indoor light bulbs,24,sr_rc,10,1,652.8,0,41.69,-0.62,97,4.44,75.44,5670.34,0,-2.17,9,1,652.8,444.95,0,-1.61,1,12,0,0,0,-2.61,0,2.2,107,9f440b6d-b2d5-43eb-9f24-a23f7a88ec07
FALSE,B0BZ6Q4W3K,B019GAUUAE,led light bulbs 60 watt equivalent,25,sr_rc,78,9.05,372.51,0,5.44,-1,45,70,2.09,2453.91,0,-2.93,100,2.78,1726.82,6554.8,0,-1.75,1,74,0,0,0,-2.89,0,2.1,107,9f440b6d-b2d5-43eb-9f24-a23f7a88ec07
TRUE,B0BZ6Q4W3K,B01DE23PUW,2700k led light bulbs,1,kw,9,1,2819.6,0,204.92,0,59,8.29,100.02,3240.72,0,-1.34,8,1,2819.6,389.25,0.53,-0.88,1,14,0,0,0,-1.99,0,1.1,107,9f440b6d-b2d5-43eb-9f24-a23f7a88ec07
TRUE,B0BZ6Q4W3K,B01DE23PUW,2700k led light bulbs dimmable,1,kw,12,1,333.14,0,23,0,100,4.19,40.99,6522.98,0,-1.72,11,1,333.14,556.16,0,-0.98,1,11,0,0,0,-1.99,0,1.1,107,9f440b6d-b2d5-43eb-9f24-a23f7a88ec07
TRUE,B0BZ6Q4W3K,B01DE23PUW,br30 led bulb 2700k,1,kw,2,1,265.41,0,21.11,-0.83,12,1,265.41,611.8,0,-0.99,2,1,265.41,55.59,0.42,-0.95,1,2,0,0,0,-1.99,0,1.1,107,9f440b6d-b2d5-43eb-9f24-a23f7a88ec07
TRUE,B0BZ6Q4W3K,B01DE23PUW,2700k led bulb,1,kw,13,1,273.97,0,20.18,0,48,14.29,3.03,2621.56,0,-1.97,12,1,273.97,611.8,0,-0.99,1,19,0,0,0,-1.99,0,1.1,107,9f440b6d-b2d5-43eb-9f24-a23f7a88ec07
TRUE,B0BZ6Q4W3K,B01DE23PUW,flood lights indoor,2,kw,4,1,1927.32,0,158.72,0,72,1,1927.32,3981.03,0,-0.99,4,1,1927.32,166.79,0.8,-0.93,1,3,0,0,0,-1.99,0,1.2,107,9f440b6d-b2d5-43eb-9f24-a23f7a88ec07
TRUE,B0BZ6Q4W3K,B01DE23PUW,indoor flood lights,2,kw,3,1,580.87,0,46.05,-0.73,21,1,580.87,1112.92,0,-0.99,3,1,580.87,111.19,0.41,-0.93,1,2,0,0,0,-1.99,0,1.2,107,9f440b6d-b2d5-43eb-9f24-a23f7a88ec07
FALSE,B0BZ6Q4W3K,B01DE23PUW,br30 65w indoor flood,3,sr_rc,19,1,1643.62,0,113.49,0,100,5.52,133.06,6522.98,0,-1.12,17,1,1643.62,890.13,0.17,-0.95,1,13,0,0,0,-1.99,0,1.1,107,9f440b6d-b2d5-43eb-9f24-a23f7a88ec07
FALSE,B0BZ6Q4W3K,B01DE23PUW,led bulbs,4,sr_rc,91,1,13136.54,0,91.62,0,9,73.91,1.1,444.88,0,-1.98,78,1,13136.54,4329.44,0.04,-0.97,1,75,0,0,0,-1.99,0,1.2,107,9f440b6d-b2d5-43eb-9f24-a23f7a88ec07
FALSE,B0BZ6Q4W3K,B01DE23PUW,br30 led,5,sr_rc,5,1,721.1,0,53.21,0,44,1,721.1,2397.3,0,-0.99,4,1.02,701.37,166.79,0.38,-0.97,1,6,0,0,0,-1.99,0,1.1,107,9f440b6d-b2d5-43eb-9f24-a23f7a88ec07
FALSE,B0BZ6Q4W3K,B01DE23PUW,led br30,5,sr_rc,3,1,310.65,0,24.17,0,29,1,310.65,1558.92,0,-0.99,3,1,310.65,111.19,0.19,-0.97,1,4,0,0,0,-1.99,0,1.1,107,9f440b6d-b2d5-43eb-9f24-a23f7a88ec07
FALSE,B0BZ6Q4W3K,B01DE23PUW,led flood light,6,sr_rc,44,1,3679.84,0,136.73,-0.89,100,32.99,7.62,6522.98,0,-1.94,42,1,3679.84,2285.31,0.1,-0.97,1,38,0,0,0,-1.99,0,1.2,107,9f440b6d-b2d5-43eb-9f24-a23f7a88ec07
FALSE,B0BZ6Q4W3K,B01DE23PUW,led flood lights,6,sr_rc,36,1,1915.61,0,72.57,-1.83,100,29.01,5.18,6522.98,0,-2.96,32,1,1915.61,1726.34,0,-1.99,1,34,0,0,0,-2.99,0,1.2,107,9f440b6d-b2d5-43eb-9f24-a23f7a88ec07
FALSE,B0BZ6Q4W3K,B01DE23PUW,dimmable light bulbs,7,sr_rc,74,1,7051.7,0,136.87,0,87,47.16,10.05,4873.81,0,-1.91,64,1,7051.7,3523.92,0.07,-0.93,1,55,0,0,0,-1.97,0,1.1,107,9f440b6d-b2d5-43eb-9f24-a23f7a88ec07
TRUE,B0BZ6Q4W3K,B01DE42T6Q,br30 led bulb,1,kw,4,1.05,3896.62,0,239.57,-0.83,100,3.14,691.68,6595.49,0,-0.99,4,1,4166.89,166.85,1.43,-0.95,1,7,0,0,0,-1.99,0,2.1,107,9f440b6d-b2d5-43eb-9f24-a23f7a88ec07
TRUE,B0BZ6Q4W3K,B01DE42T6Q,br30 led bulb 5000k,1,kw,4,1.02,645.36,0,44.55,-0.83,49,1,664.1,2679.18,0,-0.99,4,1,664.1,166.85,0.2,-0.97,1,5,0,0,0,-1.99,0,2.1,107,9f440b6d-b2d5-43eb-9f24-a23f7a88ec07
TRUE,B0BZ6Q4W3K,B01DE42T6Q,br 30 led bulbs,1,kw,3,1,465.63,0,33.14,0,49,1,465.63,2679.18,0,-0.99,3,1,465.63,111.23,0.19,-0.96,1,5,0,0,0,-1.99,0,2.1,107,9f440b6d-b2d5-43eb-9f24-a23f7a88ec07
FALSE,B0BZ6Q4W3K,B01DE42T6Q,daylight led bulbs,2,kw,39,1,5935.09,0,237.25,-0.7,43,43.66,4.69,2342.48,0,-2.66,36,1,5935.09,1950.64,0.12,-1.66,1,47,0,0,0,-2.69,0,2.2,107,9f440b6d-b2d5-43eb-9f24-a23f7a88ec07
FALSE,B0BZ6Q4W3K,B01DE42T6Q,led daylight bulbs,2,kw,43,1,1039.47,0,42.5,-1.56,48,47.54,0.71,2623,0,-2.82,41,1,1039.47,2230.43,0,-1.82,1,51,0,0,0,-2.82,0,2.2,107,9f440b6d-b2d5-43eb-9f24-a23f7a88ec07
FALSE,B0BZ6Q4W3K,B01DE42T6Q,led 5000k light bulbs,3,sr_rc,34,1,451.47,0,22.12,-0.73,48,37.32,0.55,2623,0,-1.99,33,1,451.47,1782.96,0,-0.99,1,41,0,0,0,-1.99,0,2.1,107,9f440b6d-b2d5-43eb-9f24-a23f7a88ec07
FALSE,B0BZ6Q4W3K,B01DE42T6Q,5000k led light bulbs,3,sr_rc,21,1,2354.1,0,108.71,-1.4,48,18.3,13.06,2623,0,-2.58,21,1,2354.1,1113.35,0.13,-1.64,1,22,0,0,0,-2.66,0,2.1,107,9f440b6d-b2d5-43eb-9f24-a23f7a88ec07
TRUE,B0BZ6Q4W3K,B01DE42T6Q,kitchen light bulbs,4,sr_rc,2,1.06,516.25,0,35.29,-0.67,14,1.03,550.68,723.37,0,-1.66,2,1,587.45,55.61,0.78,-1.55,1,2,0,0,0,-2.66,0,2.2,107,9f440b6d-b2d5-43eb-9f24-a23f7a88ec07
FALSE,B0BZ6Q4W3K,B01DE42T6Q,par 30 led bulbs,5,sr_rc,5,1,276.77,0,16.06,-1,59,1,276.77,3242.88,0,-1.99,5,1,276.77,222.47,0,-1.99,1,6,0,0,0,-2.99,0,2.1,107,9f440b6d-b2d5-43eb-9f24-a23f7a88ec07
TRUE,B0F22JDTB3,B01H0YQ4XA,br30 led bulb,1,kw,12,1,6486.23,0,257.04,0,60,12.29,96.77,1791.26,0,-1.6,11,1,6486.23,303.18,0.83,-0.96,1,17,0,0,0,-1.99,0,1.1,107,9f440b6d-b2d5-43eb-9f24-a23f7a88ec07
TRUE,B0F22JDTB3,B01H0YQ4XA,br30 led bulb 3000k,1,kw,5,1,1137.21,0,55.98,0,58,1,1137.21,1730.35,0,-0.99,5,1,1137.21,121.26,0.41,-0.97,1,6,0,0,0,-1.99,0,1.1,107,9f440b6d-b2d5-43eb-9f24-a23f7a88ec07
FALSE,B0F22JDTB3,B01H0YQ4XA,br30 led,1,kw,29,1,1300.25,0,42.39,-0.83,22,28.27,1.45,636.8,0,-1.98,26,1,1300.25,758.15,0,-0.99,1,30,0,0,0,-1.99,0,1.1,107,9f440b6d-b2d5-43eb-9f24-a23f7a88ec07
FALSE,B0F22JDTB3,B01H0YQ4XA,indoor flood lights,2,kw,56,1,1620.16,0,36.48,-0.83,45,26.84,8.86,1334.98,0,-1.95,38,1,1620.16,1122.37,0,-0.99,1,37,0,0,0,-1.99,0,1.2,107,9f440b6d-b2d5-43eb-9f24-a23f7a88ec07
FALSE,B0F22JDTB3,B01H0YQ4XA,indoor light bulbs,3,sr_rc,81,1,993.45,0,9.3,-0.89,100,26.21,10.99,3159.17,0,-1.95,57,1,993.45,1699.9,0,-0.99,1,61,0,0,0,-1.99,0,1.1,107,9f440b6d-b2d5-43eb-9f24-a23f7a88ec07
FALSE,B0F22JDTB3,B01H0YQ4XA,canned light bulbs,4,sr_rc,12,1,665.94,0,26.51,-1,100,2.38,209.82,3159.17,0,-2.15,10,1,665.94,272.86,0.17,-1.95,1,15,0,0,0,-2.99,0,1.2,107,9f440b6d-b2d5-43eb-9f24-a23f7a88ec07
FALSE,B0F22JDTB3,B01H0YQ4XA,light bulbs for recessed lighting,5,sr_rc,18,1,846.5,0,34.81,0,82,1,846.5,2465.36,0,-0.99,15,1.05,795.12,424.48,0,-0.99,1,19,0,0,0,-1.99,0,1.1,107,9f440b6d-b2d5-43eb-9f24-a23f7a88ec07
FALSE,B0F22JDTB3,B01H0YQ4XA,led light bulbs dimmable,6,sr_rc,100,69.83,1.78,0,0,-1.98,98,92.53,0.79,3004.75,0,-1.99,100,34.01,6.67,3159.17,0,-1.96,1,128,0,0,0,-1.99,0,1.2,107,9f440b6d-b2d5-43eb-9f24-a23f7a88ec07
FALSE,B0C66P72V2,B01H63JKK4,2700k led light bulbs dimmable,1,kw,100,57.6,2.45,0,0,-2.71,85,103.13,0.43,2790.99,0,-2.79,100,31.7,6.78,3548.85,0,-2.77,1,127,0,0,0,-2.79,0,2.1,107,9f440b6d-b2d5-43eb-9f24-a23f7a88ec07
FALSE,B0F22JDTB3,B01K8TLZ9W,br30 65w indoor flood,1,kw,72,1,2749.67,0,38.37,-1.33,23,23.24,4.79,667.13,0,-2.57,54,1,2749.67,1608.61,0,-1.59,1,25,0,0,0,-2.59,0,1.1,107,9f440b6d-b2d5-43eb-9f24-a23f7a88ec07
TRUE,B0F22JDTB3,B01K8TLZ9W,br30 led bulb 2700k,2,kw,8,1.02,692.83,0,34.07,0,60,6.95,28.97,1791.26,0,-1.87,8,1,711.13,212.22,0.2,-0.97,1,11,0,0,0,-1.99,0,1.2,107,9f440b6d-b2d5-43eb-9f24-a23f7a88ec07
FALSE,B0F22JDTB3,B01K8TLZ9W,br 30 led bulbs,3,sr_rc,34,1,774.8,0,23.73,-0.73,30,27.44,1.32,879.53,0,-1.99,28,1,774.8,818.83,0,-0.99,1,30,0,0,0,-1.99,0,1.1,107,9f440b6d-b2d5-43eb-9f24-a23f7a88ec07
FALSE,B0BBXSSHGY,B01KIT1HJA,2700k led bulb,1,kw,100,4.72,69.21,0,0.03,-2.22,95,51.01,1.53,1162.78,0,-2.7,73,1,494.02,861.41,0,-1.63,1,79,0,0,0,-2.68,0,2.1,107,9f440b6d-b2d5-43eb-9f24-a23f7a88ec07
FALSE,B0BBXSSHGY,B01KIT1HJA,led bulb,2,kw,100,32.62,58.25,0,0.02,-2.33,97,78.4,9.06,1208.05,0,-2.56,96,1,5743.89,1183.51,0.01,-1.57,1,113,0,0,0,-2.58,0,2.2,107,9f440b6d-b2d5-43eb-9f24-a23f7a88ec07
FALSE,B0BBXSSHGY,B01KIT1HJA,br20 led bulb,3,sr_rc,1,1,0,0,0,-2.46,1,1,0,0,0,-2.48,1,1,0,0,0,-2.47,1,1,0,0,0,-2.48,0,2.1,107,9f440b6d-b2d5-43eb-9f24-a23f7a88ec07
FALSE,B0BBXSSHGY,B01KIT1HJA,r20 led bulb,4,sr_rc,1,1,0,0,0,-1.98,1,1,0,0,0,-1.99,1,1,0,0,0,-1.98,1,1,0,0,0,-1.99,0,2.2,107,9f440b6d-b2d5-43eb-9f24-a23f7a88ec07
FALSE,B0BBXSSHGY,B01LVUQR9R,led light bulbs,1,kw,66,1,18062.18,0,254.71,-0.73,99,26.82,188.9,1287.01,0,-1.29,52,1.01,17837.57,606.99,0.54,-0.93,1,60,0,0,0,-1.99,0,1.1,107,9f440b6d-b2d5-43eb-9f24-a23f7a88ec07
FALSE,B0BBXSSHGY,B01LVUQR9R,par 20 led bulbs,2,kw,18,1,1934.53,0,55.55,-2.43,58,14.53,7.99,679.08,0,-3.56,17,1,1934.53,189.82,0.27,-2.58,1,16,0,0,0,-3.59,0,1.2,107,9f440b6d-b2d5-43eb-9f24-a23f7a88ec07
FALSE,B0BBXSSHGY,B01LVUQR9R,spotlight bulb,3,sr_rc,15,1,875.57,0,32.14,-0.94,99,12.37,17.45,1287.01,0,-2.87,14,1,875.57,154.21,0.16,-1.91,1,20,0,0,0,-2.92,0,1.1,107,9f440b6d-b2d5-43eb-9f24-a23f7a88ec07
FALSE,B0BBXSSHGY,B01LVUQR9R,ceiling light bulbs,4,sr_rc,100,56.22,10.2,0,0,-2.45,90,112.07,1.3,1081.27,0,-2.55,100,33.16,24.6,1392.86,0,-2.45,1,134,0,0,0,-2.54,0,1.2,107,9f440b6d-b2d5-43eb-9f24-a23f7a88ec07
FALSE,B08B1CWP4Q,B01LWLUP7O,outdoor flood lights,1,kw,75,1,24708.35,0,167.95,-1.56,73,47.82,15.31,642.7,0,-2.62,69,1,24708.35,606.16,0.34,-1.64,1,51,0,0,0,-2.66,0,2.1,107,9f440b6d-b2d5-43eb-9f24-a23f7a88ec07
FALSE,B08B1CWP4Q,B01LWLUP7O,led spotlight bulb,2,kw,26,1,1120.97,0,25.28,-0.6,69,14.51,19.89,606.16,0,-2.53,22,1.02,1093.07,186.02,0.15,-1.57,1,25,0,0,0,-2.57,0,2.2,107,9f440b6d-b2d5-43eb-9f24-a23f7a88ec07
FALSE,B08B1CWP4Q,B01LWLUP7O,2700k led light bulbs dimmable,3,sr_rc,100,42.76,5.55,0,0,-2.48,97,71.62,1.66,899.14,0,-2.57,100,7.89,64.99,1032.74,0,-2.38,1,106,0,0,0,-2.56,0,2.1,107,9f440b6d-b2d5-43eb-9f24-a23f7a88ec07
FALSE,B08B1CWP4Q,B01LWLUP7O,led spot lights indoor,4,sr_rc,100,6.9,106.95,0,0.02,-3.23,87,57.38,1.03,775.32,0,-3.63,97,1,1267.79,899.14,0,-2.58,1,64,0,0,0,-3.61,0,2.2,107,9f440b6d-b2d5-43eb-9f24-a23f7a88ec07
FALSE,B08B1CWP4Q,B01LWLUP7O,par30 led bulb,5,sr_rc,5,1,789.77,0,19.67,-0.83,29,1,789.77,248.14,0,-0.99,4,1.04,724.57,26.55,0.67,-0.93,1,2,0,0,0,-1.99,0,2.1,107,9f440b6d-b2d5-43eb-9f24-a23f7a88ec07
FALSE,B08B1CWP4Q,B01LWLUP7O,par 30 led bulbs,5,sr_rc,1,1,0,0,0,-1.98,1,1,0,0,0,-1.99,1,1,0,0,0,-1.98,1,1,0,0,0,-1.98,0,2.1,107,9f440b6d-b2d5-43eb-9f24-a23f7a88ec07
FALSE,B0F22JDTB3,B01LX6RTOU,can light bulbs for ceiling,1,kw,19,1,908.81,0,30.82,-1,83,1,908.81,2496.52,0,-1.99,16,1,908.81,454.82,0,-1.99,1,16,0,0,0,-2.99,0,1.1,107,9f440b6d-b2d5-43eb-9f24-a23f7a88ec07
FALSE,B0F22JDTB3,B01LX6RTOU,ceiling light bulbs,1,kw,100,34.01,20.64,0,0.01,-1.81,97,82.95,2.68,2960.72,0,-1.98,100,5.6,248.81,3160.63,0,-0.99,1,111,0,0,0,-1.99,0,1.1,107,9f440b6d-b2d5-43eb-9f24-a23f7a88ec07
TRUE,B0BS1R5896,B01LX7BIX2,2700k led light bulbs,1,kw,10,1,5006.51,0,194.54,0,37,12.65,55.13,2169.26,0,-1.79,10,1,5006.51,540.99,0.35,-0.91,1,16,0,0,0,-1.99,0,2.1,107,9f440b6d-b2d5-43eb-9f24-a23f7a88ec07
TRUE,B0BS1R5896,B01LX7BIX2,br30 led bulb 2700k,1,kw,3,1,603.65,0,27.23,-0.73,18,1,603.65,1022.45,0,-0.99,3,1,603.65,120.17,0.21,-0.97,1,3,0,0,0,-1.98,0,2.1,107,9f440b6d-b2d5-43eb-9f24-a23f7a88ec07
TRUE,B0BS1R5896,B01LX7BIX2,2700k led light bulbs dimmable,1,kw,16,1,596.1,0,21.12,0,40,10.63,9.39,2350.95,0,-1.94,15,1,596.1,841.83,0,-0.97,1,14,0,0,0,-1.98,0,2.1,107,9f440b6d-b2d5-43eb-9f24-a23f7a88ec07
TRUE,B0BS1R5896,B01LX7BIX2,2700k led bulb,1,kw,25,1,489.85,0,16.71,0,35,29.91,0.82,2048.25,0,-1.99,24,1,489.85,1384.01,0,-0.98,1,33,0,0,0,-1.98,0,2.1,107,9f440b6d-b2d5-43eb-9f24-a23f7a88ec07
TRUE,B0BS1R5896,B01LX7BIX2,indoor light bulbs,2,kw,7,1,1010.05,0,44.27,0,100,3.23,180.01,7468.9,0,-1.32,7,1,1010.05,360.59,0.19,-0.93,1,9,0,0,0,-1.98,0,2.2,107,9f440b6d-b2d5-43eb-9f24-a23f7a88ec07
FALSE,B0BS1R5896,B01LX7BIX2,br40 65w indoor flood,3,sr_rc,33,1,1371.38,0,28.97,-1.83,100,10.94,35.24,7468.9,0,-2.86,29,1,1371.38,1685.68,0,-1.99,1,19,0,0,0,-2.99,0,2.1,107,9f440b6d-b2d5-43eb-9f24-a23f7a88ec07
FALSE,B0BS1R5896,B01LX7BIX2,par 30 led bulbs,4,sr_rc,2,1,283.52,0,10.33,-1.83,10,1,283.52,540.99,0,-1.99,2,1,283.52,60.08,0.17,-1.96,1,2,0,0,0,-2.99,0,2.2,107,9f440b6d-b2d5-43eb-9f24-a23f7a88ec07
FALSE,B0BS1R5896,B01LX7BIX2,high hat lights,5,sr_rc,20,1,165.93,0,3.74,-2.97,47,17.21,0.27,2775.88,0,-3.67,19,1.03,159.74,1082.68,0,-3.06,1,18,0,0,0,-3.66,0,2.1,107,9f440b6d-b2d5-43eb-9f24-a23f7a88ec07
FALSE,B0BS1R5896,B01LX7BIX2,high hat light bulbs,5,sr_rc,4,1,493.7,0,18.1,-1.73,91,1,493.7,5607.94,0,-1.99,4,1,493.7,180.26,0.17,-1.96,1,5,0,0,0,-2.98,0,2.1,107,9f440b6d-b2d5-43eb-9f24-a23f7a88ec07
TRUE,B0BS1R5896,B01LX7BIX2,br30 led,6,sr_rc,2,1,825.63,0,34.34,-0.89,10,1,825.63,540.99,0,-0.99,2,1,825.63,60.08,0.58,-0.96,1,2,0,0,0,-1.98,0,2.2,107,9f440b6d-b2d5-43eb-9f24-a23f7a88ec07
FALSE,B0BS1R5896,B01LX7BIX2,br30 bulb,6,sr_rc,3,1,584.15,0,24.66,0,27,1.02,565.03,1564.97,0,-0.98,3,1,584.15,120.17,0.19,-0.96,1,3,0,0,0,-1.98,0,2.2,107,9f440b6d-b2d5-43eb-9f24-a23f7a88ec07
TRUE,B0BS1R5896,B01LX7BIX2,led br30,6,sr_rc,2,1,386.05,0,15.91,-0.83,10,1,386.05,540.99,0,-0.99,2,1,386.05,60.08,0.19,-0.97,1,2,0,0,0,-1.99,0,2.2,107,9f440b6d-b2d5-43eb-9f24-a23f7a88ec07
FALSE,B0BS1R5896,B01LX7BIX2,r30 led bulb,7,sr_rc,4,1,482.28,0,20.09,0,36,1,482.28,2108.74,0,-0.98,3,1.09,416.33,120.17,0.18,-0.91,1,3,0,0,0,-1.98,0,2.1,107,9f440b6d-b2d5-43eb-9f24-a23f7a88ec07
FALSE,B0F22JDTB3,B01MG51SHS,br30 smart bulb,1,kw,28,82.91,2.07,0,0,-3.81,9,109.33,0.04,242.57,0,-3.82,82,54.69,6.8,2466.32,0,-3.79,1,110,0,0,0,-3.82,0,1.1,107,9f440b6d-b2d5-43eb-9f24-a23f7a88ec07
TRUE,B0BS1R5896,B01MTEO25O,led light bulbs,1,kw,14,1,19605.83,0,660.91,0,100,10.75,452.36,7501.73,0,-0.99,14,1,19605.83,781.75,0.8,-0.91,1,17,0,0,0,-1.99,0,2.1,107,9f440b6d-b2d5-43eb-9f24-a23f7a88ec07
TRUE,B0BS1R5896,B01MTEO25O,led bulb,1,kw,22,1,6290.7,0,182.56,0,7,25.4,3.23,360.64,0,-1.98,21,1,6290.7,1203.36,0.14,-0.93,1,26,0,0,0,-1.99,0,2.1,107,9f440b6d-b2d5-43eb-9f24-a23f7a88ec07
TRUE,B0BS1R5896,B01MTEO25O,led flood light bulbs,1,kw,3,1,1474.02,0,52.19,-0.89,31,1,1474.02,1806.77,0,-0.99,2,1.16,1043.35,60.09,0.55,-0.96,1,2,0,0,0,-1.99,0,2.1,107,9f440b6d-b2d5-43eb-9f24-a23f7a88ec07
TRUE,B0BS1R5896,B01MTEO25O,led flood light bulb,1,kw,3,1,458.13,0,15.44,-0.89,30,1.01,448.36,1746.36,0,-0.99,3,1,458.13,120.18,0.17,-0.96,1,2,0,0,0,-1.99,0,2.1,107,9f440b6d-b2d5-43eb-9f24-a23f7a88ec07
FALSE,B0BS1R5896,B01MTEO25O,led recessed light bulb,1,kw,1,1,0,0,0,-1.98,1,1,0,0,0,-1.99,1,1,0,0,0,-1.98,1,1,0,0,0,-1.99,0,2.1,107,9f440b6d-b2d5-43eb-9f24-a23f7a88ec07
TRUE,B0BS1R5896,B01MTEO25O,daylight led bulbs,2,kw,10,1,10030.24,0,356.66,0,34,9.08,196.05,1988.12,0,-1.34,10,1,10030.24,541.06,0.67,-0.88,1,12,0,0,0,-1.99,0,2.2,107,9f440b6d-b2d5-43eb-9f24-a23f7a88ec07
TRUE,B0BS1R5896,B01MTEO25O,light bulbs daylight,2,kw,12,1,4601.72,0,164.41,0,63,10.83,81.09,3756.45,0,-1.71,11,1,4601.72,601.22,0.17,-0.88,1,15,0,0,0,-1.97,0,2.2,107,9f440b6d-b2d5-43eb-9f24-a23f7a88ec07
TRUE,B0BS1R5896,B01MTEO25O,led daylight bulbs,2,kw,8,1,1734.23,0,70.15,0,49,6.36,78.6,2898.23,0,-1.73,8,1,1734.23,420.77,0.19,-0.91,1,10,0,0,0,-1.98,0,2.2,107,9f440b6d-b2d5-43eb-9f24-a23f7a88ec07
FALSE,B0BS1R5896,B01MTEO25O,bright ceiling light,3,sr_rc,100,75.23,0.38,0,0,-2,49,134.49,0.01,2898.23,0,-2.94,100,68.79,0.46,7501.73,0,-2.75,1,138,0,0,0,-2.89,0,2.1,107,9f440b6d-b2d5-43eb-9f24-a23f7a88ec07
FALSE,B0BS1R5896,B01MTEO25O,5000k led light bulbs,4,sr_rc,16,1,4030.67,0,115.69,-0.75,39,8.76,91.06,2290.8,0,-2.44,16,1,4030.67,902.15,0.14,-1.71,1,12,0,0,0,-2.74,0,2.2,107,9f440b6d-b2d5-43eb-9f24-a23f7a88ec07
FALSE,B0BS1R5896,B01MTEO25O,led 5000k light bulbs,4,sr_rc,18,1,774.96,0,28.52,-0.7,37,12.91,7.69,2169.66,0,-2.66,17,1,774.96,962.37,0,-1.68,1,16,0,0,0,-2.69,0,2.2,107,9f440b6d-b2d5-43eb-9f24-a23f7a88ec07
TRUE,B0BS1R5896,B01MTEO25O,led flood lights,5,sr_rc,6,1,2204.4,0,69.43,-1.58,20,1.02,2111.4,1143.09,0,-1.68,5,1.06,1937.21,240.39,0.33,-1.64,1,2,0,0,0,-2.68,0,2.1,107,9f440b6d-b2d5-43eb-9f24-a23f7a88ec07
FALSE,B0BS1R5896,B01MTEO25O,led flood light bulbs indoor,5,sr_rc,1,1,0,0,0,-1.98,1,1,0,0,0,-1.99,1,1,0,0,0,-1.99,1,1,0,0,0,-1.99,0,2.1,107,9f440b6d-b2d5-43eb-9f24-a23f7a88ec07
FALSE,B0BS1R5896,B01MTEO25O,flood lights,5,sr_rc,31,1,15246.82,0,309.16,-1,16,17.41,17.98,902.15,0,-2.93,30,1,15246.82,1746.36,0.2,-1.91,1,18,0,0,0,-2.98,0,2.1,107,9f440b6d-b2d5-43eb-9f24-a23f7a88ec07
FALSE,B0BS1R5896,B01MTEO25O,led flood lights indoor,5,sr_rc,1,1,0,0,0,-1.98,1,1,0,0,0,-1.99,1,1,0,0,0,-1.99,1,1,0,0,0,-1.99,0,2.1,107,9f440b6d-b2d5-43eb-9f24-a23f7a88ec07
FALSE,B0BS1R5896,B01MTEO25O,led flood light,5,sr_rc,14,1,6654.31,0,210.69,-0.75,100,1.72,3062.82,7501.73,0,-1.74,13,1,6654.31,721.56,0.3,-1.71,1,7,0,0,0,-2.74,0,2.1,107,9f440b6d-b2d5-43eb-9f24-a23f7a88ec07
FALSE,B0BS1R5896,B01MTEO25O,led indoor flood light bulbs,5,sr_rc,1,1,0,0,0,-1.98,1,1,0,0,0,-1.99,1,1,0,0,0,-1.99,1,1,0,0,0,-1.99,0,2.1,107,9f440b6d-b2d5-43eb-9f24-a23f7a88ec07
FALSE,B0BS1R5896,B01MTEO25O,flood light,5,sr_rc,49,1,13548.38,0,229.68,0,16,31.48,3.73,902.15,0,-1.98,47,1,13548.38,2776.47,0.08,-0.93,1,32,0,0,0,-1.99,0,2.1,107,9f440b6d-b2d5-43eb-9f24-a23f7a88ec07
FALSE,B0BS1R5896,B01MTEO25O,led kitchen ceiling light,6,sr_rc,100,114.89,0.89,0,0,-2,99,165.43,0.05,6774.48,0,-2.95,100,110.28,1.02,7501.73,0,-2.82,1,170,0,0,0,-2.91,0,2.2,107,9f440b6d-b2d5-43eb-9f24-a23f7a88ec07
FALSE,B0BS1R5896,B01MTEO25O,br30 65w indoor flood,7,sr_rc,6,1,2765.97,0,107.34,0,41,1,2765.97,2412.04,0,-0.98,5,1,2765.97,240.39,0.39,-0.93,1,4,0,0,0,-1.97,0,2.1,107,9f440b6d-b2d5-43eb-9f24-a23f7a88ec07
FALSE,B0BS1R5896,B01MTEO25O,br30 led bulb 5000k,8,sr_rc,1,1,0,0,0,-1.98,1,1,0,0,0,-1.99,1,1,0,0,0,-1.98,1,1,0,0,0,-1.98,0,2.2,107,9f440b6d-b2d5-43eb-9f24-a23f7a88ec07
FALSE,B0BS1R5896,B01MTEO25O,led recessed lights,9,sr_rc,27,1,987.35,0,20.94,-0.89,100,15.02,17.64,7501.73,0,-1.92,25,1,987.35,1444.55,0,-0.96,1,27,0,0,0,-1.97,0,2.1,107,9f440b6d-b2d5-43eb-9f24-a23f7a88ec07
FALSE,B0BS1R5896,B01MTEO25O,120v 60hz light bulb,10,sr_rc,59,1,2248.33,0,31.58,-0.67,10,44.7,0.69,541.06,0,-2.65,54,1,2248.33,3203.39,0,-1.63,1,46,0,0,0,-2.64,0,2.2,107,9f440b6d-b2d5-43eb-9f24-a23f7a88ec07
FALSE,B0BS1R5896,B01MTEO25O,indoor flood light bulbs,11,sr_rc,1,1,0,0,0,-1.99,1,1,0,0,0,-1.99,1,1,0,0,0,-1.99,1,1,0,0,0,-1.99,0,2.1,107,9f440b6d-b2d5-43eb-9f24-a23f7a88ec07
FALSE,B0BS1R5896,B01MTEO25O,flood light bulbs,11,sr_rc,5,1,9698.68,0,336.65,-0.73,97,1,9698.68,6259.31,0,-0.99,4,1.15,7810.21,180.28,1.42,-0.95,1,4,0,0,0,-1.99,0,2.1,107,9f440b6d-b2d5-43eb-9f24-a23f7a88ec07
FALSE,B0BS1R5896,B01MTEO25O,flood lights indoor,11,sr_rc,1,1,0,0,0,-1.98,1,1,0,0,0,-1.99,1,1,0,0,0,-1.98,1,1,0,0,0,-1.99,0,2.1,107,9f440b6d-b2d5-43eb-9f24-a23f7a88ec07
FALSE,B0BS1R5896,B01MTEO25O,indoor flood lights,11,sr_rc,1,1,0,0,0,-1.97,1,1,0,0,0,-1.99,1,1,0,0,0,-1.98,1,1,0,0,0,-1.98,0,2.1,107,9f440b6d-b2d5-43eb-9f24-a23f7a88ec07
FALSE,B0BS1R5896,B01MTEO25O,br30 smart bulb,12,sr_rc,78,24.46,28.69,0,0.26,-2.79,100,62.53,2.25,7501.73,0,-2.98,100,12.99,74.86,7501.73,0,-2.73,1,74,0,0,0,-2.98,0,2.2,107,9f440b6d-b2d5-43eb-9f24-a23f7a88ec07
FALSE,B0BS1R5896,B01MTEO25O,fluorescent light bulbs,13,sr_rc,100,73.19,9.27,0,0,-3.64,6,140.8,0.01,300.51,0,-3.73,100,70.48,10.07,7501.73,0,-3.69,1,141,0,0,0,-3.72,0,2.1,107,9f440b6d-b2d5-43eb-9f24-a23f7a88ec07
FALSE,B0BS1R5896,B01MTEO25O,60 watt led light bulbs,14,sr_rc,100,84.36,11.68,0,0,-2.85,93,153.93,0.4,5785.19,0,-2.97,100,78.98,13.51,7501.73,0,-2.89,1,159,0,0,0,-2.96,0,2.2,107,9f440b6d-b2d5-43eb-9f24-a23f7a88ec07
FALSE,B0BS1R5896,B01MTEO25O,can light bulbs for ceiling,15,sr_rc,1,1,0,0,0,-2.96,1,1,0,0,0,-2.98,1,1,0,0,0,-2.97,1,1,0,0,0,-2.98,0,2.1,107,9f440b6d-b2d5-43eb-9f24-a23f7a88ec07
FALSE,B0BS1R5896,B01MTEO25O,bulged light bulbs,16,sr_rc,2,1,719.51,0,25.42,-1.83,31,1.01,704.16,1806.77,0,-1.99,2,1,719.51,60.09,0.36,-1.95,1,2,0,0,0,-2.99,0,2.2,107,9f440b6d-b2d5-43eb-9f24-a23f7a88ec07
TRUE,B0BS1R5896,B01MUG8ZJ2,4000k led light bulbs,1,kw,8,1,4409.45,0,156.47,-0.58,33,5.16,109.03,1927.59,0,-2.21,7,1,4409.45,360.63,0.35,-1.56,1,6,0,0,0,-2.57,0,1.1,107,9f440b6d-b2d5-43eb-9f24-a23f7a88ec07
TRUE,B0BS1R5896,B01MUG8ZJ2,4000k light bulbs,1,kw,8,1,1089,0,40.42,-0.57,38,4.89,37.82,2230.13,0,-2.43,8,1,1089,420.76,0,-1.55,1,6,0,0,0,-2.55,0,1.1,107,9f440b6d-b2d5-43eb-9f24-a23f7a88ec07
FALSE,B0BS1R5896,B01MUG8ZJ2,led bulbs 60 watt equivalent,2,kw,51,1,8770.01,0,148.56,-1,31,48.66,3.92,1806.71,0,-2.96,47,1,8770.01,2776.35,0.08,-1.82,1,51,0,0,0,-2.96,0,1.2,107,9f440b6d-b2d5-43eb-9f24-a23f7a88ec07
FALSE,B0BS1R5896,B01MUG8ZJ2,cool white led light bulbs,3,sr_rc,7,1,1425.95,0,51.05,-0.69,68,1,1425.95,4066.63,0,-1.68,6,1,1425.95,300.5,0.18,-1.65,1,5,0,0,0,-2.67,0,1.1,107,9f440b6d-b2d5-43eb-9f24-a23f7a88ec07
FALSE,B0BS1R5896,B01MUG8ZJ2,cool white light bulbs,3,sr_rc,8,1,1742.41,0,62.52,-0.87,100,1.48,986.94,7494.27,0,-1.86,8,1,1742.41,420.76,0.18,-1.82,1,6,0,0,0,-2.86,0,1.1,107,9f440b6d-b2d5-43eb-9f24-a23f7a88ec07
TRUE,B0C66P72V2,B01N06LOUY,vanity light bulbs,1,kw,16,1,6446.17,0,207.1,-0.62,100,2.48,1917.87,3560.09,0,-1.61,14,1,6446.17,428.66,0.44,-1.59,1,15,0,0,0,-2.61,0,2.1,107,9f440b6d-b2d5-43eb-9f24-a23f7a88ec07
FALSE,B0C66P72V2,B01N06LOUY,vanity light bulbs for bathroom,1,kw,30,1,1790.16,0,52.36,-0.67,14,16.43,12.08,428.66,0,-2.62,23,1,1790.16,725.61,0.14,-1.62,1,20,0,0,0,-2.65,0,2.1,107,9f440b6d-b2d5-43eb-9f24-a23f7a88ec07
TRUE,B0C66P72V2,B01N06LOUY,vanity bulbs,1,kw,13,1,1306.9,0,45.15,-0.62,84,6.09,87.2,2757.44,0,-2.29,12,1,1306.9,362.7,0.15,-1.59,1,13,0,0,0,-2.6,0,2.1,107,9f440b6d-b2d5-43eb-9f24-a23f7a88ec07
TRUE,B0C66P72V2,B01N06LOUY,vanity mirror light bulbs,1,kw,13,1,636.04,0,25.23,-0.71,60,6.42,28.05,1949.96,0,-2.58,12,1,636.04,362.7,0,-1.66,1,10,0,0,0,-2.67,0,2.1,107,9f440b6d-b2d5-43eb-9f24-a23f7a88ec07
TRUE,B0C66P72V2,B01N06LOUY,light bulbs for vanity mirror,1,kw,10,1,391.34,0,14.68,-0.62,80,3.67,51.8,2620.38,0,-2.4,10,1,391.34,296.74,0,-1.55,1,8,0,0,0,-2.58,0,2.1,107,9f440b6d-b2d5-43eb-9f24-a23f7a88ec07
FALSE,B0C66P72V2,B01N06LOUY,bathroom light bulbs over mirror,2,kw,30,1,1435.34,0,37.26,0,82,1,1435.34,2688.66,0,-0.97,26,1,1435.34,824.64,0,-0.95,1,11,0,0,0,-1.96,0,2.2,107,9f440b6d-b2d5-43eb-9f24-a23f7a88ec07
FALSE,B0C66P72V2,B01N06LOUY,light bulbs for bathroom,2,kw,37,1,855.53,0,23.39,-0.56,97,12.81,24.8,3258.5,0,-2.44,31,1,855.53,989.74,0,-1.51,1,33,0,0,0,-2.52,0,2.2,107,9f440b6d-b2d5-43eb-9f24-a23f7a88ec07
TRUE,B0C66P72V2,B01N06LOUY,light bulbs for bathroom above mirror,2,kw,19,1,561.04,0,20.05,-0.57,77,1,561.04,2518.66,0,-1.54,17,1,561.04,527.63,0,-1.52,1,12,0,0,0,-2.53,0,2.2,107,9f440b6d-b2d5-43eb-9f24-a23f7a88ec07
TRUE,B0C66P72V2,B01N06LOUY,bathroom bulbs for lights over mirror,2,kw,14,1,444.24,0,15.06,-0.67,56,1,444.24,1817.09,0,-1.64,13,1,444.24,395.68,0,-1.6,1,6,0,0,0,-2.63,0,2.2,107,9f440b6d-b2d5-43eb-9f24-a23f7a88ec07
FALSE,B0C66P72V2,B01N06LOUY,decorative light bulbs,3,sr_rc,100,44.74,9.91,0,0,-1.69,52,110.42,0.53,1684.41,0,-1.96,100,28.98,19.9,3560.09,0,-1.81,1,122,0,0,0,-1.93,0,2.1,107,9f440b6d-b2d5-43eb-9f24-a23f7a88ec07
FALSE,B0C66P72V2,B01N06LOUY,40w led light bulbs,4,sr_rc,100,16.8,110.24,0,0.04,-1.42,67,77.62,2.92,2183.11,0,-1.98,100,2.97,1082.67,3560.09,0,-0.98,1,89,0,0,0,-1.99,0,2.2,107,9f440b6d-b2d5-43eb-9f24-a23f7a88ec07
FALSE,B0C66P72V2,B01N06LOUY,light bulbs 40 watt,5,sr_rc,100,49.92,60.88,0,0.02,-2.17,68,106.49,4.62,2216.5,0,-2.61,100,34.51,114.77,3560.09,0,-2.12,1,119,0,0,0,-2.6,0,2.1,107,9f440b6d-b2d5-43eb-9f24-a23f7a88ec07
FALSE,B0C66P72V2,B01N06LOUY,dimmable light bulbs,6,sr_rc,100,84.63,23.25,0,0.01,-1.85,92,116.9,7.04,3043.48,0,-1.96,100,58.59,51.74,3560.09,0,-1.79,1,142,0,0,0,-1.98,0,2.2,107,9f440b6d-b2d5-43eb-9f24-a23f7a88ec07
FALSE,B0C66P72V2,B01N06LOUY,e26 led bulb,7,sr_rc,21,155.42,1.25,0,0,-3.27,88,160.03,0.99,2897.35,0,-3.29,96,95.93,7.2,3208.5,0,-3.25,1,181,0,0,0,-3.28,0,2.1,107,9f440b6d-b2d5-43eb-9f24-a23f7a88ec07
FALSE,B0C66P72V2,B01N06LOUY,led lights for bathroom,8,sr_rc,100,14.62,89.75,0,0.03,-0.67,17,80.13,0.16,527.63,0,-1.96,100,10.67,138.83,3560.09,0,-1.37,1,81,0,0,0,-1.93,0,2.2,107,9f440b6d-b2d5-43eb-9f24-a23f7a88ec07
FALSE,B0CK5554DG,B01N41GZD1,7 inch led recessed lighting,1,kw,97,1,570.79,0,0.62,-1.89,100,69.61,0.12,3326.72,0,-2.99,94,1,570.79,2977.01,0,-1.98,1,72,0,0,0,-2.99,0,1.1,107,9f440b6d-b2d5-43eb-9f24-a23f7a88ec07
TRUE,B092F1GJ4T,B01N4DNN8H,br40 65w indoor flood,1,kw,12,1,2519.49,0,45.12,0,100,1.04,2387.35,1906.19,0,-0.99,11,1,2519.49,172.84,0.3,-0.97,1,7,0,0,0,-1.99,0,2.1,107,9f440b6d-b2d5-43eb-9f24-a23f7a88ec07
FALSE,B092F1GJ4T,B01N4DNN8H,65 watt flood light bulbs indoor,2,kw,100,5.27,777.71,0,0.16,-1.51,45,59.63,2.61,761.69,0,-2.58,99,1,6465.76,1805.06,0,-1.57,1,63,0,0,0,-2.57,0,2.2,107,9f440b6d-b2d5-43eb-9f24-a23f7a88ec07
TRUE,B0BZ5RM8L4,B01N5UUMH8,recess light bulbs,1,kw,22,1,495.55,0,21.33,0,86,1,495.55,693.76,0,-0.99,18,1,495.55,138.02,0.17,-0.93,1,20,0,0,0,-1.99,0,1.1,107,9f440b6d-b2d5-43eb-9f24-a23f7a88ec07
FALSE,B0CK5554DG,B01N685Y0X,high hat lights,1,kw,32,1,204.51,0,4.3,-1.21,52,21.81,0.5,1614.16,0,-1.99,31,1,204.51,948.79,0,-1.36,1,24,0,0,0,-1.99,0,2.1,107,9f440b6d-b2d5-43eb-9f24-a23f7a88ec07
TRUE,B0C66P72V2,B01N8SRZPG,globe light bulbs,1,kw,7,1,3788.36,0,149.67,-0.88,18,5.31,150.48,560.59,0,-2.3,7,1,3788.36,197.8,0.7,-1.83,1,7,0,0,0,-2.86,0,1.1,107,9f440b6d-b2d5-43eb-9f24-a23f7a88ec07
TRUE,B0C66P72V2,B01N8SRZPG,globe light bulbs for bathroom,1,kw,11,1.01,1245.93,0,42.11,-0.88,26,8.54,24.69,824.59,0,-2.77,11,1,1262.36,329.7,0.15,-1.84,1,11,0,0,0,-2.86,0,1.1,107,9f440b6d-b2d5-43eb-9f24-a23f7a88ec07
TRUE,B0C66P72V2,B01N8SRZPG,led globe light bulbs,1,kw,7,1,773.26,0,26.44,-1.69,93,3.69,77.06,3080.83,0,-2.56,7,1,773.26,197.8,0.16,-1.83,1,6,0,0,0,-2.84,0,1.1,107,9f440b6d-b2d5-43eb-9f24-a23f7a88ec07
TRUE,B0C66P72V2,B01N8SRZPG,globe led light bulbs,1,kw,6,1,344.06,0,12.47,-1.71,70,1,344.06,2283.1,0,-1.86,6,1,344.06,164.83,0,-1.85,1,5,0,0,0,-2.86,0,1.1,107,9f440b6d-b2d5-43eb-9f24-a23f7a88ec07
FALSE,B0C66P72V2,B01N8SRZPG,clear globe light bulbs for bathroom,1,kw,31,1,469.1,0,12.43,-1.88,19,28.85,0.34,593.58,0,-3.86,29,1,469.1,923.64,0,-2.85,1,30,0,0,0,-3.85,0,1.1,107,9f440b6d-b2d5-43eb-9f24-a23f7a88ec07
TRUE,B0C66P72V2,B01N8SRZPG,vanity bulbs for bathroom,2,kw,11,1,1490.38,0,58.61,-0.71,51,1,1490.38,1651.13,0,-1.7,10,1,1490.38,296.72,0.17,-1.64,1,8,0,0,0,-2.69,0,1.2,107,9f440b6d-b2d5-43eb-9f24-a23f7a88ec07
TRUE,B0C66P72V2,B01N8SRZPG,bathroom vanity light bulbs,2,kw,14,1,1354.03,0,49.79,-0.57,93,1,1354.03,3080.83,0,-1.56,13,1,1354.03,395.66,0.16,-1.52,1,12,0,0,0,-2.55,0,1.2,107,9f440b6d-b2d5-43eb-9f24-a23f7a88ec07
TRUE,B0C66P72V2,B01N8SRZPG,bathroom vanity bulbs,2,kw,9,1,531.52,0,20.91,-0.62,51,1,531.52,1651.13,0,-1.6,7,1,531.52,197.8,0.17,-1.55,1,8,0,0,0,-2.59,0,1.2,107,9f440b6d-b2d5-43eb-9f24-a23f7a88ec07
FALSE,B0C66P72V2,B01N8SRZPG,round light bulbs,3,sr_rc,21,1.02,1260.52,0,40.57,-1.69,18,22.91,2.71,560.59,0,-2.83,20,1,1292.7,626.58,0,-1.83,1,25,0,0,0,-2.84,0,1.1,107,9f440b6d-b2d5-43eb-9f24-a23f7a88ec07
FALSE,B0C66P72V2,B01N8SRZPG,round bathroom light bulbs,3,sr_rc,32,1,356.2,0,10.11,-0.88,29,23.52,0.82,923.64,0,-2.85,29,1,356.2,923.64,0,-1.81,1,26,0,0,0,-2.84,0,1.1,107,9f440b6d-b2d5-43eb-9f24-a23f7a88ec07
FALSE,B0C66P72V2,B01N8SRZPG,round light bulbs for bathroom,3,sr_rc,30,1,1676.45,0,47.04,-1.69,18,19.37,4.05,560.59,0,-2.82,27,1,1676.45,857.61,0,-1.83,1,21,0,0,0,-2.84,0,1.1,107,9f440b6d-b2d5-43eb-9f24-a23f7a88ec07
FALSE,B0C66P72V2,B01N8SRZPG,decorative led light bulbs,4,sr_rc,19,1,332.03,0,11.61,0,91,4.18,48.86,3005.08,0,-1.78,16,1,332.03,494.61,0,-0.88,1,20,0,0,0,-1.93,0,1.2,107,9f440b6d-b2d5-43eb-9f24-a23f7a88ec07
FALSE,B0C66P72V2,B01N8SRZPG,decorative light bulb,4,sr_rc,100,12.87,96.39,0,0.04,-1.37,73,72.12,2.57,2383.63,0,-1.95,91,1,2577.29,3005.08,0,-0.91,1,87,0,0,0,-1.94,0,1.2,107,9f440b6d-b2d5-43eb-9f24-a23f7a88ec07
FALSE,B0C66P72V2,B01N8SRZPG,g25 light bulbs,5,sr_rc,8,1,460.82,0,18.23,-0.88,18,5.48,15.88,560.59,0,-2.8,8,1,460.82,230.77,0,-1.84,1,7,0,0,0,-2.85,0,1.1,107,9f440b6d-b2d5-43eb-9f24-a23f7a88ec07
FALSE,B0C66P72V2,B01N8SRZPG,g25 globe light bulbs 60 watt,5,sr_rc,7,1,1113.47,0,36.3,-2.4,100,4.54,76.99,3554.05,0,-3.37,7,1,1113.47,197.8,0.15,-2.64,1,7,0,0,0,-3.64,0,1.1,107,9f440b6d-b2d5-43eb-9f24-a23f7a88ec07
FALSE,B0C66P72V2,B01N8SRZPG,g25 led light bulbs,5,sr_rc,6,1,1440.26,0,58.11,-1.61,100,2.4,334.21,3554.05,0,-1.87,6,1,1440.26,164.83,0.37,-1.85,1,5,0,0,0,-2.86,0,1.1,107,9f440b6d-b2d5-43eb-9f24-a23f7a88ec07
FALSE,B0C66P72V2,B01N8SRZPG,g25 globe light bulbs 40 watt,5,sr_rc,7,1,1191.41,0,42.95,-1.62,100,2.89,231.91,3554.05,0,-2.01,6,1,1191.41,164.83,0.33,-1.85,1,7,0,0,0,-2.87,0,1.1,107,9f440b6d-b2d5-43eb-9f24-a23f7a88ec07
FALSE,B0C66P72V2,B01N8SRZPG,led bulbs 40w,6,sr_rc,95,29.5,12.23,0,0.03,-1.79,26,97.99,0.25,824.59,0,-1.97,95,15.33,31.75,3162.18,0,-1.83,1,104,0,0,0,-1.96,0,1.2,107,9f440b6d-b2d5-43eb-9f24-a23f7a88ec07
FALSE,B0C66P72V2,B01N8SRZPG,led vanity light bulbs,7,sr_rc,19,1,993.93,0,37.72,-0.62,91,1,993.93,3005.08,0,-1.6,16,1,993.93,494.61,0,-1.59,1,14,0,0,0,-2.6,0,1.1,107,9f440b6d-b2d5-43eb-9f24-a23f7a88ec07
FALSE,B0C66P72V2,B01N8SRZPG,led bathroom light bulbs,8,sr_rc,27,1,573.43,0,18.05,-0.56,100,2.98,138.68,3554.05,0,-2.03,24,1,573.43,758.58,0,-1.52,1,25,0,0,0,-2.53,0,1.2,107,9f440b6d-b2d5-43eb-9f24-a23f7a88ec07
TRUE,B07MLB2L2F,B01N9XN6AO,br40 led light bulbs 5000k daylight,1,kw,10,1,1021.99,0,27.25,0,57,1,1021.99,320.37,0,-0.99,10,1,1021.99,51.25,0.53,-0.96,1,12,0,0,0,-1.99,0,2.1,107,9f440b6d-b2d5-43eb-9f24-a23f7a88ec07
FALSE,B07MLB2L2F,B01N9XN6AO,light bulb base sizes chart,2,kw,100,35.7,15.1,0,0,-2.9,97,82.26,2.24,581.27,0,-2.99,100,5.57,197.67,673.41,0,-2.51,1,112,0,0,0,-2.98,0,2.2,107,9f440b6d-b2d5-43eb-9f24-a23f7a88ec07
FALSE,B0DKGC4ZRP,B071918P5H,led fluorescent tube replacement 4ft,1,kw,40,1,2414.12,0,26.99,-1.61,3,28.48,0.83,27.42,0,-2.77,36,1,2414.12,480.11,0,-1.77,1,29,0,0,0,-2.77,0,1.1,107,9f440b6d-b2d5-43eb-9f24-a23f7a88ec07
TRUE,B0DKGC4ZRP,B071918P5H,led fluorescent tube replacement,1,kw,17,1,1070.89,0,15.55,-1.48,3,15.34,4.38,27.42,0,-2.73,15,1,1070.89,191.95,0.15,-1.72,1,17,0,0,0,-2.74,0,1.1,107,9f440b6d-b2d5-43eb-9f24-a23f7a88ec07
TRUE,B0DKGC4ZRP,B071918P5H,led replacement for fluorescent tubes,1,kw,18,1,976.76,0,14.08,-1.69,7,16.06,2.15,82.25,0,-2.85,16,1,976.76,205.66,0,-1.85,1,17,0,0,0,-2.85,0,1.1,107,9f440b6d-b2d5-43eb-9f24-a23f7a88ec07
FALSE,B0DKGC4ZRP,B071918P5H,fluorescent light bulbs 48 inch,2,kw,83,1,4496.81,0,11.96,-2.81,6,38.42,0.88,68.54,0,-3.91,72,1,4496.81,976.19,0,-2.91,1,39,0,0,0,-3.91,0,1.2,107,9f440b6d-b2d5-43eb-9f24-a23f7a88ec07
FALSE,B07M8F8QVV,B072X5QVQN,led light bulbs,1,kw,43,1,18735.92,0,425.63,0,75,34.94,80.24,2218.08,0,-1.69,36,1,18735.92,1039.88,0.47,-0.95,1,50,0,0,0,-1.98,0,2.1,107,9f440b6d-b2d5-43eb-9f24-a23f7a88ec07
FALSE,B07M8F8QVV,B072X5QVQN,led bulb,1,kw,33,1,5930.79,0,150.2,0,77,26.48,46.81,2280.58,0,-1.81,29,1,5930.79,831.37,0.12,-0.95,1,44,0,0,0,-1.98,0,2.1,107,9f440b6d-b2d5-43eb-9f24-a23f7a88ec07
FALSE,B07M8F8QVV,B072X5QVQN,led flood light bulb,1,kw,34,1,728.56,0,17.98,-1.38,72,26.85,1.57,2125.15,0,-2.52,33,1,728.56,950.47,0,-1.52,1,30,0,0,0,-2.53,0,2.1,107,9f440b6d-b2d5-43eb-9f24-a23f7a88ec07
FALSE,B07M8F8QVV,B072X5QVQN,flood lights indoor,2,kw,26,1,4633.97,0,151.39,0,72,18.96,20.29,2125.15,0,-1.91,26,1,4633.97,742.12,0.15,-0.96,1,22,0,0,0,-1.97,0,2.2,107,9f440b6d-b2d5-43eb-9f24-a23f7a88ec07
TRUE,B07M8F8QVV,B072X5QVQN,led indoor flood light bulbs,2,kw,24,1,1221.02,0,37.65,-0.73,5,22.25,1.05,118.58,0,-1.98,22,1,1221.02,623.19,0,-0.97,1,23,0,0,0,-1.97,0,2.2,107,9f440b6d-b2d5-43eb-9f24-a23f7a88ec07
FALSE,B07M8F8QVV,B072X5QVQN,recessed lighting bulbs,3,sr_rc,16,1,714.94,0,27.85,0,40,12.21,7.35,1159.22,0,-1.94,15,1,714.94,415.27,0,-0.95,1,15,0,0,0,-1.96,0,2.1,107,9f440b6d-b2d5-43eb-9f24-a23f7a88ec07
FALSE,B07M8F8QVV,B072X5QVQN,light bulbs daylight,4,sr_rc,7,153.8,0.63,0,0,-1.92,19,159.13,0.29,534.06,0,-1.97,7,152.68,0.71,177.89,0,-1.95,1,164,0,0,0,-1.96,0,2.2,107,9f440b6d-b2d5-43eb-9f24-a23f7a88ec07
FALSE,B07M8F8QVV,B072X5QVQN,daylight led bulbs,4,sr_rc,25,71.65,20.15,0,0.56,-1.82,11,108.54,1.08,296.55,0,-1.98,95,27.27,130.6,2921.81,0,-1.5,1,112,0,0,0,-1.98,0,2.2,107,9f440b6d-b2d5-43eb-9f24-a23f7a88ec07
FALSE,B07M8F8QVV,B072X5QVQN,bulged light bulbs,5,sr_rc,40,1,1148.05,0,26.76,-2.37,75,32.57,2.2,2218.08,0,-3.62,37,1,1148.05,1069.7,0,-2.62,1,37,0,0,0,-3.62,0,2.1,107,9f440b6d-b2d5-43eb-9f24-a23f7a88ec07
FALSE,B07M8F8QVV,B072X5QVQN,br40 led light bulbs 5000k daylight,6,sr_rc,1,1,0,0,0,-1.97,1,1,0,0,0,-1.99,1,1,0,0,0,-1.98,1,1,0,0,0,-1.98,0,2.2,107,9f440b6d-b2d5-43eb-9f24-a23f7a88ec07
FALSE,B07M8F8QVV,B072X5QVQN,br40 led light bulbs,6,sr_rc,1,1,0,0,0,-1.98,1,1,0,0,0,-1.99,1,1,0,0,0,-1.99,1,1,0,0,0,-1.99,0,2.2,107,9f440b6d-b2d5-43eb-9f24-a23f7a88ec07
FALSE,B07M8F8QVV,B072X5QVQN,5000k led light bulbs,6,sr_rc,64,1,3922.55,0,51.2,-0.89,14,57.74,2.11,385.59,0,-1.98,46,1,3922.55,1338.55,0.09,-0.97,1,62,0,0,0,-1.98,0,2.2,107,9f440b6d-b2d5-43eb-9f24-a23f7a88ec07
FALSE,B07M8F8QVV,B072X5QVQN,led 5000k light bulbs,6,sr_rc,68,1,743.82,0,11.05,-0.83,11,60.46,0.3,296.55,0,-1.97,50,1,743.82,1458.38,0,-0.95,1,64,0,0,0,-1.96,0,2.2,107,9f440b6d-b2d5-43eb-9f24-a23f7a88ec07
FALSE,B07M8F8QVV,B072X5QVQN,kitchen light bulbs,7,sr_rc,50,1,1649.93,0,34.34,-0.73,24,42.23,2.29,682.64,0,-1.97,35,1,1649.93,1010.07,0,-0.97,1,48,0,0,0,-1.97,0,2.1,107,9f440b6d-b2d5-43eb-9f24-a23f7a88ec07
FALSE,B07M8F8QVV,B072X5QVQN,indoor light bulbs,8,sr_rc,65,1,1112.84,0,16.84,-0.88,44,41.01,2.37,1278.72,0,-1.98,45,1,1112.84,1308.63,0,-0.98,1,50,0,0,0,-1.99,0,2.2,107,9f440b6d-b2d5-43eb-9f24-a23f7a88ec07
FALSE,B07M8F8QVV,B072X5QVQN,led spotlight indoor,9,sr_rc,100,10.97,147.73,0,0.05,-1.39,44,67.1,0.59,1278.72,0,-1.97,100,7.33,255.33,3553.46,0,-1.04,1,69,0,0,0,-1.96,0,2.1,107,9f440b6d-b2d5-43eb-9f24-a23f7a88ec07
FALSE,B075ZBNLDJ,B075ZBNLDJ,shop lights led 4ft plug in,1,kw,65,1,3164.75,0,13.42,-0.87,54,30.81,14.13,152.58,0,-2.83,48,1,3164.75,135.22,0.18,-1.82,1,42,0,0,0,-2.85,0,1.1,107,9f440b6d-b2d5-43eb-9f24-a23f7a88ec07
FALSE,B075ZBNLDJ,B075ZBNLDJ,plug in shop light,1,kw,100,26.4,17.92,0,0,-2.83,88,63.09,2.3,253.56,0,-2.89,100,5.52,160.93,323.24,0,-2.7,1,83,0,0,0,-2.88,0,1.1,107,9f440b6d-b2d5-43eb-9f24-a23f7a88ec07
FALSE,B075ZBNLDJ,B075ZBNLDJ,motion sensor shop light,2,kw,1,1,0,0,0,-2.7,1,1,0,0,0,-2.73,1,1,0,0,0,-2.72,1,1,0,0,0,-2.72,0,1.2,107,9f440b6d-b2d5-43eb-9f24-a23f7a88ec07
TRUE,B0DRTKCJX5,B076ZX3YB7,g25 globe light bulbs 40 watt,1,kw,8,1,1358.2,0,48.67,0,100,4.19,149,1751.71,0,-1.49,8,1,1358.2,112.89,0.34,-0.95,1,9,0,0,0,-1.99,0,2.1,107,9f440b6d-b2d5-43eb-9f24-a23f7a88ec07
FALSE,B0DRTKCJX5,B076ZX3YB7,g25 globe light bulbs 60 watt,1,kw,48,1.42,853.96,0,14.27,-1.89,59,24.71,3.56,937.7,0,-2.98,45,1,1335.31,710.57,0,-1.99,1,28,0,0,0,-2.99,0,2.1,107,9f440b6d-b2d5-43eb-9f24-a23f7a88ec07
FALSE,B0DRTKCJX5,B076ZX3YB7,light bulbs 40 watt,1,kw,90,69.03,38.38,0,0.15,-0.87,92,111.05,7.87,1490.19,0,-1.96,95,44.74,87.38,1549.7,0,-1.69,1,134,0,0,0,-1.99,0,2.1,107,9f440b6d-b2d5-43eb-9f24-a23f7a88ec07
TRUE,B0DRTKCJX5,B076ZY2W3K,globe light bulbs,1,kw,22,1,4539.76,0,132.42,-1.48,6,26.47,1.88,80.64,0,-2.73,21,1,4539.76,322.69,0.45,-1.72,1,27,0,0,0,-2.74,0,1.1,107,9f440b6d-b2d5-43eb-9f24-a23f7a88ec07
TRUE,B0DRTKCJX5,B076ZY2W3K,globe light bulbs for bathroom,1,kw,9,1,1366.64,0,45.02,-0.75,92,1,1366.64,1491.46,0,-1.74,8,1.01,1348.39,112.9,0.31,-1.68,1,8,0,0,0,-2.74,0,1.1,107,9f440b6d-b2d5-43eb-9f24-a23f7a88ec07
FALSE,B0DRTKCJX5,B076ZY2W3K,clear globe light bulbs for bathroom,1,kw,62,1,524.47,0,6.72,-2.64,6,46.27,0.08,80.64,0,-3.74,49,1,524.47,775.53,0,-2.74,1,47,0,0,0,-3.74,0,1.1,107,9f440b6d-b2d5-43eb-9f24-a23f7a88ec07
TRUE,B0DRTKCJX5,B076ZY2W3K,g25 led light bulbs,2,kw,9,1,1728.92,0,65.29,0,96,3.86,222.94,1574.18,0,-1.25,8,1,1728.92,112.9,0.54,-0.96,1,9,0,0,0,-1.99,0,1.2,107,9f440b6d-b2d5-43eb-9f24-a23f7a88ec07
FALSE,B0DRTKCJX5,B076ZY2W3K,g25 light bulbs,2,kw,29,1,550.77,0,14.63,-1.58,6,23.66,0.19,80.64,0,-2.74,27,1,550.77,419.59,0,-1.74,1,24,0,0,0,-2.74,0,1.2,107,9f440b6d-b2d5-43eb-9f24-a23f7a88ec07
FALSE,B0DRTKCJX5,B076ZY2W3K,decorative light bulb,3,sr_rc,100,62.09,10.19,0,0,-2.47,92,112.73,1.52,1491.46,0,-2.65,100,40.12,22.16,1759.35,0,-2.57,1,134,0,0,0,-2.65,0,1.1,107,9f440b6d-b2d5-43eb-9f24-a23f7a88ec07
FALSE,B0DRTKCJX5,B076ZY2W3K,decorative led light bulbs,3,sr_rc,100,5.14,47.27,0,0.02,-1.44,88,58.38,0.79,1419.12,0,-2.59,71,1,376.32,1133.95,0,-1.59,1,81,0,0,0,-2.59,0,1.1,107,9f440b6d-b2d5-43eb-9f24-a23f7a88ec07
FALSE,B0DRTKCJX5,B076ZY2W3K,bathroom bulbs for lights over mirror,4,sr_rc,94,1,547.97,0,1.26,-0.73,99,33.83,2.28,1673.38,0,-1.98,80,1,547.97,1282.84,0,-0.99,1,47,0,0,0,-1.99,0,1.2,107,9f440b6d-b2d5-43eb-9f24-a23f7a88ec07
FALSE,B0DRTKCJX5,B076ZY2W3K,bathroom light bulbs over mirror,4,sr_rc,100,6.72,139.91,0,0.04,-1.36,99,28.61,10.12,1673.38,0,-1.96,87,1,1663.43,1401.68,0,-0.99,1,43,0,0,0,-1.99,0,1.2,107,9f440b6d-b2d5-43eb-9f24-a23f7a88ec07
FALSE,B0DRTKCJX5,B076ZY2W3K,light bulbs for bathroom,4,sr_rc,43,1,952.25,0,20.81,-0.73,100,7.78,63.55,1759.35,0,-1.78,35,1,952.25,548.88,0,-0.99,1,37,0,0,0,-1.99,0,1.2,107,9f440b6d-b2d5-43eb-9f24-a23f7a88ec07
FALSE,B0DRTKCJX5,B076ZY2W3K,bathroom vanity light bulbs,5,sr_rc,45,1,1553.53,0,30.01,-1.6,97,14.63,33.52,1599.66,0,-2.59,37,1,1553.53,581.23,0.11,-1.68,1,31,0,0,0,-2.7,0,1.1,107,9f440b6d-b2d5-43eb-9f24-a23f7a88ec07
FALSE,B0DRTKCJX5,B076ZY2W3K,vanity bulbs,5,sr_rc,10,1,1428.37,0,48.62,0,56,1,1428.37,889.15,0,-0.99,9,1,1428.37,129.03,0.32,-0.95,1,10,0,0,0,-1.99,0,1.1,107,9f440b6d-b2d5-43eb-9f24-a23f7a88ec07
FALSE,B0DRTKCJX5,B076ZY2W3K,led bathroom light bulbs,6,sr_rc,31,1,639.13,0,16.69,-0.73,90,1,639.13,1454.65,0,-0.99,27,1,639.13,419.59,0,-0.99,1,29,0,0,0,-1.99,0,1.2,107,9f440b6d-b2d5-43eb-9f24-a23f7a88ec07
FALSE,B0DRTKCJX5,B076ZY2W3K,led lights for bathroom,6,sr_rc,100,67.4,9.64,0,0,-0.97,4,133.79,0.01,48.38,0,-1.98,100,62.42,11.33,1759.35,0,-1.93,1,134,0,0,0,-1.98,0,1.2,107,9f440b6d-b2d5-43eb-9f24-a23f7a88ec07
FALSE,B0DRTKCJX5,B076ZY2W3K,led light bulbs,7,sr_rc,100,11.12,921.47,0,0.33,-1.74,99,52.29,70.76,1673.38,0,-2.53,81,1,20117.9,1299.58,0.11,-1.75,1,90,0,0,0,-2.77,0,1.1,107,9f440b6d-b2d5-43eb-9f24-a23f7a88ec07
FALSE,B0DRTKCJX5,B076ZY2W3K,led vanity light bulbs,8,sr_rc,7,1.04,938.51,0,35.12,0,34,1,993.38,532.71,0,-0.99,7,1,993.38,96.77,0.37,-0.95,1,5,0,0,0,-1.99,0,1.2,107,9f440b6d-b2d5-43eb-9f24-a23f7a88ec07
FALSE,B0DRTKCJX5,B076ZY2W3K,40w led light bulbs,9,sr_rc,100,23.49,75.97,0,0.03,-2.28,89,73.12,6.21,1436.77,0,-2.57,99,1,4742.29,1673.38,0,-1.56,1,95,0,0,0,-2.59,0,1.1,107,9f440b6d-b2d5-43eb-9f24-a23f7a88ec07
TRUE,B0DR397NQN,B077BL31BJ,dusk to dawn light bulbs,1,kw,15,1,6347.06,0,342.02,0,85,4.62,775.67,3265.03,0,-0.99,13,1,6347.06,465.11,0.73,-0.97,1,17,0,0,0,-1.99,0,2.1,107,9f440b6d-b2d5-43eb-9f24-a23f7a88ec07
TRUE,B0DR397NQN,B077BL31BJ,dawn to dusk light bulbs outdoor,1,kw,24,1,5053.06,0,247.71,-0.83,56,12.11,125.86,2133.24,0,-1.25,19,1,5053.06,697.71,0.3,-0.97,1,23,0,0,0,-1.99,0,2.1,107,9f440b6d-b2d5-43eb-9f24-a23f7a88ec07
TRUE,B0DR397NQN,B077BL31BJ,dusk to dawn light bulbs outdoor,1,kw,22,1,1834.23,0,89.85,-0.83,56,12.36,43.6,2133.24,0,-1.73,18,1,1834.23,658.94,0.15,-0.97,1,23,0,0,0,-1.99,0,2.1,107,9f440b6d-b2d5-43eb-9f24-a23f7a88ec07
TRUE,B0DR397NQN,B077BL31BJ,dawn to dusk light bulbs,1,kw,11,1,862.37,0,54.74,0,100,1.12,744.1,3959.6,0,-0.99,10,1,862.37,348.83,0.17,-0.96,1,14,0,0,0,-1.99,0,2.1,107,9f440b6d-b2d5-43eb-9f24-a23f7a88ec07
TRUE,B0DR397NQN,B077BL31BJ,dusk to dawn outdoor light bulb,1,kw,15,1.01,1028.17,0,52.63,-0.73,56,8.34,48.45,2133.24,0,-1.71,13,1,1041.38,465.11,0.15,-0.97,1,19,0,0,0,-1.99,0,2.1,107,9f440b6d-b2d5-43eb-9f24-a23f7a88ec07
TRUE,B0DR397NQN,B077BL31BJ,dusk till dawn outdoor light bulb,1,kw,8,1,840.12,0,50.12,0,35,1,840.12,1318.15,0,-0.99,6,1,840.12,193.79,0.17,-0.97,1,10,0,0,0,-1.99,0,2.1,107,9f440b6d-b2d5-43eb-9f24-a23f7a88ec07
TRUE,B0DR397NQN,B077BL31BJ,dusk to dawn bulbs,1,kw,8,1,659.56,0,43.27,0,49,1,659.56,1861.4,0,-0.99,7,1,659.56,232.55,0.18,-0.96,1,10,0,0,0,-1.99,0,2.1,107,9f440b6d-b2d5-43eb-9f24-a23f7a88ec07
TRUE,B0DR397NQN,B077BL31BJ,dusk to dawn,1,kw,17,1,735.73,0,43.16,0,100,2.74,191.7,3959.6,0,-0.99,16,1,735.73,581.41,0,-0.99,1,16,0,0,0,-1.99,0,2.1,107,9f440b6d-b2d5-43eb-9f24-a23f7a88ec07
TRUE,B0DR397NQN,B077BL31BJ,dusk to dawn light bulb,1,kw,14,1.02,795,0,38.73,0,99,5.12,84.72,3868.2,0,-1.49,13,1,815.53,465.11,0.14,-0.97,1,17,0,0,0,-1.99,0,2.1,107,9f440b6d-b2d5-43eb-9f24-a23f7a88ec07
TRUE,B0DR397NQN,B077BL31BJ,outdoor dusk to dawn light bulbs,1,kw,21,1.03,651.61,0,33.55,-0.89,36,14.19,11.36,1356.94,0,-1.92,18,1,676.66,658.94,0,-0.99,1,23,0,0,0,-1.99,0,2.1,107,9f440b6d-b2d5-43eb-9f24-a23f7a88ec07
TRUE,B0DR397NQN,B077BL31BJ,dusk dawn light bulb,1,kw,13,1,486.13,0,28.8,0,45,10.47,13.91,1706.14,0,-1.91,11,1,486.13,387.59,0,-0.99,1,19,0,0,0,-1.99,0,2.1,107,9f440b6d-b2d5-43eb-9f24-a23f7a88ec07
TRUE,B0DR397NQN,B077BL31BJ,outdoor light bulbs dusk to dawn,1,kw,24,1,596.09,0,27.35,-0.89,25,18.27,5.21,930.34,0,-1.96,19,1.04,567.05,697.71,0,-0.99,1,25,0,0,0,-1.99,0,2.1,107,9f440b6d-b2d5-43eb-9f24-a23f7a88ec07
FALSE,B0DR397NQN,B077BL31BJ,dusk to dawn lights,1,kw,46,1,635.39,0,23.78,-0.73,58,18.72,6.55,2210.95,0,-1.95,36,1,635.39,1356.94,0,-0.99,1,28,0,0,0,-1.99,0,2.1,107,9f440b6d-b2d5-43eb-9f24-a23f7a88ec07
FALSE,B0DR397NQN,B077BL31BJ,dusk to dawn light,1,kw,100,21.6,12.93,0,0.01,-1.84,56,68.89,0.55,2133.24,0,-1.99,100,10.13,38.44,3959.6,0,-1.76,1,78,0,0,0,-1.99,0,2.1,107,9f440b6d-b2d5-43eb-9f24-a23f7a88ec07
FALSE,B0DR397NQN,B077BL31BJ,outdoor light bulbs for porch lights,2,kw,30,1,2908.18,0,111.64,-2.37,93,1,2908.18,3585.91,0,-2.63,26,1,2908.18,969.11,0.12,-2.61,1,30,0,0,0,-3.63,0,2.2,107,9f440b6d-b2d5-43eb-9f24-a23f7a88ec07
FALSE,B0DR397NQN,B077BL31BJ,dusk till dawn outdoor light,3,sr_rc,11,130.49,0.24,0,0,-2.98,7,141.96,0.02,232.55,0,-2.99,13,127.12,0.32,465.11,0,-2.99,1,143,0,0,0,-2.99,0,2.1,107,9f440b6d-b2d5-43eb-9f24-a23f7a88ec07
FALSE,B0DR397NQN,B077BL31BJ,photocell light bulb,4,sr_rc,10,1,649.01,0,42.37,0,44,1,649.01,1667.33,0,-0.99,9,1,649.01,310.07,0.18,-0.96,1,10,0,0,0,-1.99,0,2.2,107,9f440b6d-b2d5-43eb-9f24-a23f7a88ec07
TRUE,B0BZT58B2B,B07957XBGQ,4 inch can lights,1,kw,21,1,1890.92,0,9.71,-0.89,83,1,1890.92,472.29,0,-0.99,19,1,1890.92,103.48,0.12,-0.97,1,20,0,0,0,-1.98,0,1.1,107,9f440b6d-b2d5-43eb-9f24-a23f7a88ec07
TRUE,B07M8F8QVV,B079LXPFTW,indoor flood light bulbs,1,kw,18,1,6982.66,0,247.96,0,11,13.78,27.39,296.57,0,-1.88,17,1,6982.66,474.68,0.5,-0.95,1,15,0,0,0,-1.97,0,2.1,107,9f440b6d-b2d5-43eb-9f24-a23f7a88ec07
FALSE,B07M8F8QVV,B079LXPFTW,2700k led light bulbs,2,kw,33,1,5312.16,0,146.17,-0.73,26,31.32,15.56,742.16,0,-1.92,26,1,5312.16,742.16,0.14,-0.95,1,38,0,0,0,-1.98,0,2.2,107,9f440b6d-b2d5-43eb-9f24-a23f7a88ec07
FALSE,B07M8F8QVV,B079LXPFTW,br40 65w indoor flood,3,sr_rc,3,1,847.06,0,25.1,-1.89,22,1,847.06,623.23,0,-1.98,3,1,847.06,59.29,0.43,-1.95,1,2,0,0,0,-2.98,0,2.1,107,9f440b6d-b2d5-43eb-9f24-a23f7a88ec07
TRUE,B07T5XB3Y4,B07BYYL8ZB,dusk to dawn bulbs,1,kw,19,1,1088.16,0,36.55,-0.73,91,5.38,113.45,1135.24,0,-1.57,16,1,1088.16,187.29,0.16,-0.97,1,23,0,0,0,-1.98,0,1.1,107,9f440b6d-b2d5-43eb-9f24-a23f7a88ec07
TRUE,B07T5XB3Y4,B07BYYL8ZB,led dusk to dawn outdoor light bulbs,1,kw,10,1,881.13,0,32.84,0,47,1.01,869.59,574.92,0,-0.99,9,1,881.13,99.87,0.32,-0.93,1,10,0,0,0,-1.98,0,1.1,107,9f440b6d-b2d5-43eb-9f24-a23f7a88ec07
FALSE,B07T5XB3Y4,B07BYYL8ZB,dusk to dawn sensor light bulbs,1,kw,50,1,465.89,0,9.29,-0.89,64,23.85,4.1,788.3,0,-1.96,34,1,465.89,412.23,0,-0.97,1,39,0,0,0,-1.98,0,1.1,107,9f440b6d-b2d5-43eb-9f24-a23f7a88ec07
TRUE,B07T5XB3Y4,B07BZJ7185,photocell light bulb,1,kw,12,1,970.51,0,39.88,0,61,1,970.51,750.42,0,-0.98,10,1.05,910.66,112.35,0.35,-0.93,1,13,0,0,0,-1.98,0,2.1,107,9f440b6d-b2d5-43eb-9f24-a23f7a88ec07
FALSE,B07T5XB3Y4,B07BZJ7185,dusk to dawn bug light bulbs outdoor,2,kw,100,14.74,38.29,0,0.02,-3.35,72,59.38,2.13,889.02,0,-3.51,88,1,1260.78,1094.34,0,-2.51,1,77,0,0,0,-3.52,0,2.2,107,9f440b6d-b2d5-43eb-9f24-a23f7a88ec07
FALSE,B07T5XB3Y4,B07BZJ7185,dusk to dawn bug light,2,kw,100,34.44,5.33,0,0,-3.54,69,75.85,0.52,851.13,0,-3.64,100,18.48,14.35,1320.87,0,-3.54,1,89,0,0,0,-3.63,0,2.2,107,9f440b6d-b2d5-43eb-9f24-a23f7a88ec07
TRUE,B0F76FZRHL,B07C26P1V2,a15 led bulb,1,kw,10,1,1069.65,0,61.49,0,74,1,1069.65,747.29,0,-0.99,9,1,1069.65,81.39,0.77,-0.96,1,13,0,0,0,-1.99,0,1.1,107,9f440b6d-b2d5-43eb-9f24-a23f7a88ec07
FALSE,B0F76FZRHL,B07C26P1V2,led bulbs 60 watt equivalent,2,kw,85,108.49,8.01,0,0.06,-2.6,98,139.6,3.24,1038.09,0,-2.72,98,70.36,20.7,1038.09,0,-2.64,1,176,0,0,0,-2.74,0,1.2,107,9f440b6d-b2d5-43eb-9f24-a23f7a88ec07
FALSE,B0DR397NQN,B07CF6XJ4T,light sensor light bulb,1,kw,52,1,649.52,0,20.3,-1.47,41,36.93,1.58,1551,0,-2.62,38,1,649.52,1434.6,0,-1.63,1,45,0,0,0,-2.63,0,2.1,107,9f440b6d-b2d5-43eb-9f24-a23f7a88ec07
FALSE,B0DR397NQN,B07CF6XJ4T,solar light bulbs for outside,2,kw,98,60.75,5.09,0,0.01,-2.8,83,125.1,0.32,3186.69,0,-2.99,98,48.62,7.67,3811.55,0,-2.95,1,136,0,0,0,-2.99,0,2.2,107,9f440b6d-b2d5-43eb-9f24-a23f7a88ec07
TRUE,B0DMPN99FX,B07D8BRDT9,4 inch recessed lights,1,kw,13,1,2481.22,0,52.75,-1.42,5,14.21,6.09,82.91,0,-2.56,12,1,2481.22,228.02,0.3,-1.56,1,15,0,0,0,-2.58,0,1.1,107,9f440b6d-b2d5-43eb-9f24-a23f7a88ec07
TRUE,B0DMPN99FX,B07D8BRDT9,4inch led recessed lighting,1,kw,18,1,1891.58,0,38.37,-1.71,38,11.82,28.07,767.43,0,-2.8,17,1,1891.58,331.7,0.14,-1.85,1,16,0,0,0,-2.87,0,1.1,107,9f440b6d-b2d5-43eb-9f24-a23f7a88ec07
TRUE,B0DMPN99FX,B07D8BRDT9,4 inch led recessed light,1,kw,19,1,901.27,0,17.84,-1.5,49,9.9,21.52,995.98,0,-2.71,17,1,901.27,331.7,0,-1.76,1,15,0,0,0,-2.76,0,1.1,107,9f440b6d-b2d5-43eb-9f24-a23f7a88ec07
TRUE,B0DMPN99FX,B07D8BRDT9,canless recessed lighting 4 inch,1,kw,25,1,784.55,0,14.79,-1.48,38,19.75,4.15,767.43,0,-2.63,23,1,784.55,456.14,0,-1.64,1,24,0,0,0,-2.64,0,1.1,107,9f440b6d-b2d5-43eb-9f24-a23f7a88ec07
TRUE,B0C21XGXV9,B07D92B5DL,6 inch can lights,1,kw,23,1,4430.81,0,21.7,-1.77,100,2.45,1396.22,309.03,0,-1.9,19,1,4430.81,51.53,0.39,-1.81,1,27,0,0,0,-2.86,0,2.1,107,9f440b6d-b2d5-43eb-9f24-a23f7a88ec07
TRUE,B0BZQ8KK7K,B07D94CL9J,4 inch can lights,1,kw,8,1.05,1945.18,0,9.93,-1.43,53,1,2078,181.89,0,-1.58,7,1,2078,20.94,0.53,-1.55,1,8,0,0,0,-2.58,0,1.1,107,9f440b6d-b2d5-43eb-9f24-a23f7a88ec07
FALSE,B0BZQ8KK7K,B07D94CL9J,can lights 4 inch,1,kw,35,1,2203.1,0,7.05,-1.86,70,1,2203.1,241.9,0,-1.96,30,1,2203.1,101.29,0.09,-1.93,1,11,0,0,0,-2.95,0,1.1,107,9f440b6d-b2d5-43eb-9f24-a23f7a88ec07
TRUE,B07D94M16B,B07D94M16B,48 led shop lights,1,kw,16,1,797.26,0,10.69,0,85,1,797.26,347.2,0,-0.98,15,1,797.26,57.78,0.16,-0.97,1,24,0,0,0,-1.98,0,2.1,107,9f440b6d-b2d5-43eb-9f24-a23f7a88ec07
FALSE,B0DR397NQN,B07DNK1QGC,bug light bulbs outdoor,1,kw,46,1,2372.38,0,54.19,-1.4,17,36.46,3.65,620.24,0,-2.64,35,1.01,2342.77,1318.34,0,-1.64,1,41,0,0,0,-2.65,0,1.1,107,9f440b6d-b2d5-43eb-9f24-a23f7a88ec07
FALSE,B0DR397NQN,B07DNK1QGC,yellow light bulbs for bugs outdoor,1,kw,28,1,1851.59,0,51.82,-0.67,23,23.02,3.66,852.9,0,-2.65,26,1,1851.59,969.24,0,-1.65,1,25,0,0,0,-2.65,0,1.1,107,9f440b6d-b2d5-43eb-9f24-a23f7a88ec07
TRUE,B0DR397NQN,B07DNK1QGC,dusk to dawn bug light bulbs outdoor,1,kw,13,1.01,1247.37,0,50.32,0,82,3.63,209.49,3148.15,0,-1.18,10,1,1263.65,348.86,0.18,-0.95,1,13,0,0,0,-1.99,0,1.1,107,9f440b6d-b2d5-43eb-9f24-a23f7a88ec07
FALSE,B0DR397NQN,B07DNK1QGC,led bug light bulbs outdoor,1,kw,32,1,1528.71,0,43.56,-0.6,10,25.21,4.41,348.86,0,-2.57,27,1,1528.71,1008.02,0,-1.59,1,29,0,0,0,-2.59,0,1.1,107,9f440b6d-b2d5-43eb-9f24-a23f7a88ec07
TRUE,B0DR397NQN,B07DNK1QGC,led yellow bug light bulbs outdoor,1,kw,21,1,682.04,0,24.27,-0.67,19,14.49,2.9,697.79,0,-2.65,20,1,682.04,736.57,0,-1.66,1,16,0,0,0,-2.66,0,1.1,107,9f440b6d-b2d5-43eb-9f24-a23f7a88ec07
FALSE,B0DR397NQN,B07DNK1QGC,bug repellent light bulb outdoor,1,kw,50,1,1021.13,0,19.3,-1.8,15,43.42,0.64,542.7,0,-3.78,44,1,1021.13,1667.6,0,-2.77,1,46,0,0,0,-3.78,0,1.1,107,9f440b6d-b2d5-43eb-9f24-a23f7a88ec07
FALSE,B0DR397NQN,B07DNK1QGC,bug light bulbs for porch lights,2,kw,34,1,1110.05,0,31.9,-0.75,4,27.1,1.48,116.28,0,-2.73,29,1,1110.05,1085.59,0,-1.73,1,29,0,0,0,-2.73,0,1.2,107,9f440b6d-b2d5-43eb-9f24-a23f7a88ec07
FALSE,B0DR397NQN,B07DNK1QGC,anti bug porch light,3,sr_rc,85,1,214.94,0,1.55,-0.17,10,56.16,0.06,348.86,0,-1.99,76,1,214.94,2912.82,0,-1.16,1,58,0,0,0,-1.99,0,1.1,107,9f440b6d-b2d5-43eb-9f24-a23f7a88ec07
FALSE,B0DR397NQN,B07DNK1QGC,led bug light,4,sr_rc,44,1,511.39,0,10.6,-0.67,10,34.19,0.39,348.86,0,-2.65,36,1,511.39,1357.14,0,-1.64,1,36,0,0,0,-2.65,0,1.2,107,9f440b6d-b2d5-43eb-9f24-a23f7a88ec07
FALSE,B0DR397NQN,B07DNK1QGC,yellow light bulbs outdoor,5,sr_rc,70,1,1890.27,0,25.69,0,100,25.12,17.98,3975.15,0,-1.92,57,1,1890.27,2172.53,0,-0.98,1,46,0,0,0,-1.98,0,1.1,107,9f440b6d-b2d5-43eb-9f24-a23f7a88ec07
FALSE,B0DR397NQN,B07DNK1QGC,yellow bug light bulbs,6,sr_rc,37,1,810.02,0,22.1,-0.67,23,26.84,1.24,852.9,0,-2.66,33,1,810.02,1240.75,0,-1.66,1,29,0,0,0,-2.66,0,1.2,107,9f440b6d-b2d5-43eb-9f24-a23f7a88ec07
FALSE,B0DR397NQN,B07DNK1QGC,dusk to dawn bug light,7,sr_rc,22,1.03,618.39,0,22.63,0,86,4.48,79.51,3306.16,0,-1.68,15,1.01,634.29,542.7,0,-0.99,1,15,0,0,0,-1.99,0,1.1,107,9f440b6d-b2d5-43eb-9f24-a23f7a88ec07
FALSE,B0DR397NQN,B07DNK1QGC,outdoor bulbs for porch light,8,sr_rc,96,54.67,3.52,0,0.01,-1.91,93,99.44,0.66,3588.77,0,-1.99,97,27.26,11.05,3764.6,0,-1.95,1,126,0,0,0,-1.99,0,1.2,107,9f440b6d-b2d5-43eb-9f24-a23f7a88ec07
FALSE,B0DR397NQN,B07DNK1QGC,bug lights for outside,9,sr_rc,72,28.66,116.92,0,1.38,-1.95,17,80.84,1.41,620.24,0,-2.65,72,24.21,154.26,2756.54,0,-2.05,1,83,0,0,0,-2.65,0,1.1,107,9f440b6d-b2d5-43eb-9f24-a23f7a88ec07
TRUE,B07G7H5X8D,B07G7H5X8D,motion sensor shop light,1,kw,6,1,835.1,0,14.12,0,49,1,835.1,167.51,0,-0.99,6,1,835.1,17.44,0.66,-0.91,1,6,0,0,0,-1.98,0,2.1,107,9f440b6d-b2d5-43eb-9f24-a23f7a88ec07
FALSE,B07G7H5X8D,B07G7H5X8D,shop lights led 4ft plug in,2,kw,81,1,2297.08,0,6.77,-1.79,100,20.64,36.41,355.99,0,-2.89,63,1,2297.08,216.45,0.06,-1.93,1,53,0,0,0,-2.94,0,2.2,107,9f440b6d-b2d5-43eb-9f24-a23f7a88ec07
FALSE,B0D5J42SVC,B07HKS6QZQ,led ceiling light,1,kw,41,1,22918.6,0,135.17,0,98,11.3,864.54,621.85,0,-1.2,33,1,22918.6,197.46,0.72,-0.93,1,37,0,0,0,-1.99,0,1.1,107,9f440b6d-b2d5-43eb-9f24-a23f7a88ec07
FALSE,B0D5J42SVC,B07HKS6QZQ,flush mount led light,2,kw,100,4.5,282.27,0,0.03,-2.07,51,58.1,1.95,308.84,0,-2.59,81,1,1905.57,496.61,0,-1.59,1,67,0,0,0,-2.59,0,1.2,107,9f440b6d-b2d5-43eb-9f24-a23f7a88ec07
FALSE,B0D5J42SVC,B07HKT538R,flush mount light,1,kw,38,1,5461.75,0,34.38,-0.75,90,8.44,276.73,556.14,0,-2.49,31,1,5461.75,185.14,0.24,-1.57,1,23,0,0,0,-2.74,0,2.1,107,9f440b6d-b2d5-43eb-9f24-a23f7a88ec07
FALSE,B0D5J42SVC,B07HKT538R,flush mount lights,1,kw,100,24.09,18.98,0,0,-2.46,47,69.41,0.98,284.12,0,-2.74,100,9.79,70.07,672.4,0,-2.67,1,79,0,0,0,-2.73,0,2.1,107,9f440b6d-b2d5-43eb-9f24-a23f7a88ec07
FALSE,B0D5J42SVC,B07HKT538R,disc lights outdoor,2,kw,43,1,1486.52,0,7.91,-0.75,78,24.84,9.46,477.72,0,-2.73,40,1,1486.52,240.78,0,-1.74,1,35,0,0,0,-2.74,0,2.2,107,9f440b6d-b2d5-43eb-9f24-a23f7a88ec07
TRUE,B0D5J42SVC,B07HKTGGP4,led disk light,1,kw,9,1,1269.55,0,10.8,0,66,1,1269.55,402.1,0,-0.99,7,1,1269.55,36.99,0.31,-0.97,1,8,0,0,0,-1.99,0,1.1,107,9f440b6d-b2d5-43eb-9f24-a23f7a88ec07
TRUE,B0D5J42SVC,B07HKTGGP4,disc lights ceiling,2,kw,12,1,1163.31,0,9.55,-0.89,38,1,1163.31,228.36,0,-0.99,10,1,1163.31,55.49,0.16,-0.97,1,8,0,0,0,-1.99,0,1.2,107,9f440b6d-b2d5-43eb-9f24-a23f7a88ec07
FALSE,B0D5J42SVC,B07HKTGGP4,ceiling lights,2,kw,94,11.1,1527.83,0,1,-1.4,95,63.57,62.28,592.31,0,-2.6,81,1,33346.69,496.6,0.14,-1.6,1,88,0,0,0,-2.66,0,1.2,107,9f440b6d-b2d5-43eb-9f24-a23f7a88ec07
FALSE,B0D5J42SVC,B07HKTGGP4,flush mount led ceiling light,3,sr_rc,100,30.82,39.77,0,0,-1.85,51,79.93,2.07,308.84,0,-1.99,100,17.02,99.36,668.9,0,-1.9,1,89,0,0,0,-1.99,0,1.1,107,9f440b6d-b2d5-43eb-9f24-a23f7a88ec07
FALSE,B0D5J42SVC,B07HKTGGP4,led flush mount ceiling light,3,sr_rc,100,3.08,1437.64,0,0.12,-1.4,51,63,5.18,308.84,0,-2.66,79,1,5953.8,483.84,0.03,-1.6,1,72,0,0,0,-2.66,0,1.1,107,9f440b6d-b2d5-43eb-9f24-a23f7a88ec07
FALSE,B0D5J42SVC,B07HKTGGP4,led ceiling light flush mount,3,sr_rc,100,3.86,1229.51,0,0.1,-1.45,51,55.09,8.53,308.84,0,-2.54,75,1,6816,458.52,0.04,-1.52,1,65,0,0,0,-2.55,0,1.1,107,9f440b6d-b2d5-43eb-9f24-a23f7a88ec07
TRUE,B0D5J42SVC,B07HKTGGP4,led disc light,4,sr_rc,4,1,910.57,0,8.98,-1.06,17,1,910.57,98.67,0,-1.16,4,1,910.57,18.5,0.37,-1.13,1,3,0,0,0,-1.99,0,1.2,107,9f440b6d-b2d5-43eb-9f24-a23f7a88ec07
FALSE,B0BR8PP297,B07HPFWKGL,solar garden lights,1,kw,14,160.51,15.67,0,0.57,-0.96,100,138.21,37.84,4028.7,0,-1.83,14,159.43,16.59,520.88,0,-1.7,1,182,0,0,0,-1.89,0,2.1,107,9f440b6d-b2d5-43eb-9f24-a23f7a88ec07
FALSE,B0BR8PP297,B07HPFWKGL,solar pathway lights outdoor,2,kw,15,128.95,13.37,0,0.38,-0.96,99,124.77,15.81,3961.96,0,-1.91,15,126.21,14.95,560.95,0,-1.78,1,159,0,0,0,-1.91,0,2.2,107,9f440b6d-b2d5-43eb-9f24-a23f7a88ec07
FALSE,B0BR8PP297,B07HPFWKGL,solar pathway lights,2,kw,12,140.93,6.21,0,0.18,-2.48,99,130.87,9.84,3961.96,0,-2.6,12,139.16,6.81,440.74,0,-2.56,1,163,0,0,0,-2.61,0,2.2,107,9f440b6d-b2d5-43eb-9f24-a23f7a88ec07
FALSE,B0BR8PP297,B07HPFWKGL,solar lights outdoor pathway,2,kw,13,142.17,4.3,0,0.17,-1.66,100,131.32,6.85,4028.7,0,-2.6,13,140.37,4.69,480.81,0,-2.48,1,166,0,0,0,-2.58,0,2.2,107,9f440b6d-b2d5-43eb-9f24-a23f7a88ec07
FALSE,B0BR8PP297,B07HPFWKGL,solar pathway lights outdoor waterproof,2,kw,13,140.53,1.08,0,0,-1,100,120.36,2.78,4028.7,0,-1.93,99,71.95,11.48,3961.96,0,-1.72,1,158,0,0,0,-1.89,0,2.2,107,9f440b6d-b2d5-43eb-9f24-a23f7a88ec07
FALSE,B0BR8PP297,B07HPFWKGL,solar disk lights outdoor waterproof,3,sr_rc,17,158.8,0.2,0,0,-2,98,155.11,0.25,3911.65,0,-2.94,94,99.22,1.43,3737.87,0,-2.75,1,178,0,0,0,-2.89,0,2.1,107,9f440b6d-b2d5-43eb-9f24-a23f7a88ec07
FALSE,B0BR8PP297,B07HPFWKGL,solar path lights outdoor,4,sr_rc,12,111.15,1.94,0,0,-1.82,100,99.51,3.37,4028.7,0,-1.95,12,109.42,2.13,440.74,0,-1.9,1,133,0,0,0,-1.94,0,2.2,107,9f440b6d-b2d5-43eb-9f24-a23f7a88ec07
FALSE,B0BR8PP297,B07HPFWKGL,solar path lights,4,sr_rc,8,148.18,1.7,0,0,-1.94,100,129.55,4.46,4028.7,0,-1.97,8,146.99,1.85,280.47,0,-1.96,1,163,0,0,0,-1.97,0,2.2,107,9f440b6d-b2d5-43eb-9f24-a23f7a88ec07
FALSE,B0CLBSCK94,B07L44JCZ7,4' led light fixture,1,kw,45,1,6847.44,0,25.42,0,97,15.49,144.08,300.51,0,-1.92,37,1,6847.44,109.46,0.28,-0.82,1,35,0,0,0,-1.98,0,1.1,107,9f440b6d-b2d5-43eb-9f24-a23f7a88ec07
FALSE,B0CLBSCK94,B07L44JCZ7,4ft led light fixtures,2,kw,46,1,5367.27,0,16.49,0,71,26,38.45,213.49,0,-1.97,38,1,5367.27,112.5,0.11,-0.91,1,40,0,0,0,-1.98,0,1.2,107,9f440b6d-b2d5-43eb-9f24-a23f7a88ec07
FALSE,B0CLBSCK94,B07L44JCZ7,4 ft led light fixture,2,kw,79,6.54,724.14,0,0.88,-0.64,69,50.7,15.84,207.32,0,-1.97,65,1,7984.87,195.01,0.07,-0.88,1,65,0,0,0,-1.97,0,1.2,107,9f440b6d-b2d5-43eb-9f24-a23f7a88ec07
FALSE,B0CLBSCK94,B07L44JCZ7,4 led shop lights,3,sr_rc,63,1,4246.77,0,7.64,-1,93,33.78,23.3,284.1,0,-2.98,49,1,4246.77,146.04,0.08,-1.96,1,54,0,0,0,-2.98,0,1.1,107,9f440b6d-b2d5-43eb-9f24-a23f7a88ec07
FALSE,B0CLBSCK94,B07L44JCZ7,led 4 foot shop lights,3,sr_rc,27,1,3154.37,0,12.38,0,93,13.39,77.43,284.1,0,-1.94,25,1,3154.37,72.94,0.14,-0.97,1,29,0,0,0,-1.97,0,1.1,107,9f440b6d-b2d5-43eb-9f24-a23f7a88ec07
FALSE,B0CLBSCK94,B07L44JCZ7,4 foot led light fixture,4,sr_rc,60,1,5051.63,0,11.64,0,69,35.05,20.43,207.32,0,-1.97,49,1,5051.63,146.04,0.09,-0.82,1,49,0,0,0,-1.97,0,1.2,107,9f440b6d-b2d5-43eb-9f24-a23f7a88ec07
FALSE,B07L53J864,B07L53J864,br30 smart bulb,1,kw,40,1,3412.51,0,55.46,0,100,1.24,2593.99,462.38,0,-0.94,34,1,3412.51,143.75,0.43,-0.82,1,26,0,0,0,-1.96,0,2.1,107,9f440b6d-b2d5-43eb-9f24-a23f7a88ec07
FALSE,B07L53J864,B07L53J864,smart flood light bulb,2,kw,51,1,1876.7,0,21.58,-0.73,100,2.66,536.71,462.38,0,-0.98,42,1,1876.7,178.66,0.11,-0.95,1,35,0,0,0,-1.97,0,2.2,107,9f440b6d-b2d5-43eb-9f24-a23f7a88ec07
TRUE,B0BZ2QWJ4W,B07L55C33G,recessed lighting,1,kw,19,1,12134.89,0,238.05,-0.89,100,1,12134.89,1232.12,0,-0.98,16,1,12134.89,175.81,1.33,-0.97,1,19,0,0,0,-1.99,0,1.1,107,9f440b6d-b2d5-43eb-9f24-a23f7a88ec07
FALSE,B0BZ2QWJ4W,B07L55C33G,recessed light,1,kw,27,1,1825.81,0,43.06,-0.83,92,6.19,155.56,1076.96,0,-1.49,23,1,1825.81,257.89,0.14,-0.97,1,24,0,0,0,-1.98,0,1.1,107,9f440b6d-b2d5-43eb-9f24-a23f7a88ec07
FALSE,B0BZ2QWJ4W,B07L55C33G,recessed led lights,1,kw,27,1,425.91,0,10.8,-0.89,84,9.34,19.16,977.79,0,-1.92,21,1,425.91,234.44,0,-0.97,1,26,0,0,0,-1.97,0,1.1,107,9f440b6d-b2d5-43eb-9f24-a23f7a88ec07
TRUE,B0BZ2QWJ4W,B07L55C33G,recess lights 6 inch,2,kw,17,1,638.17,0,16.77,-1.56,100,2.1,242.47,1232.12,0,-1.89,16,1,638.17,175.81,0.15,-1.6,1,19,0,0,0,-2.64,0,1.2,107,9f440b6d-b2d5-43eb-9f24-a23f7a88ec07
TRUE,B0CBNJKM6G,B07L61CLZR,bug lights for outside,1,kw,10,1,7392.19,0,406.27,0,97,3.64,1220.24,2371.12,0,-0.97,9,1,7392.19,195.38,1.86,-0.75,1,13,0,0,0,-1.96,0,2.1,107,9f440b6d-b2d5-43eb-9f24-a23f7a88ec07
TRUE,B0CBNJKM6G,B07L61CLZR,yellow bug lights for outside,1,kw,11,1,1505.23,0,83.07,-0.67,44,1,1505.23,1050.68,0,-1.65,9,1,1505.23,195.38,0.34,-1.55,1,11,0,0,0,-2.65,0,2.1,107,9f440b6d-b2d5-43eb-9f24-a23f7a88ec07
TRUE,B0CBNJKM6G,B07L61CLZR,bug light bulbs outdoor,2,kw,14,1,1691,0,91.53,0,71,1,1691,1712.14,0,-0.97,13,1,1691,293.08,0.33,-0.91,1,15,0,0,0,-1.96,0,2.2,107,9f440b6d-b2d5-43eb-9f24-a23f7a88ec07
TRUE,B0CBNJKM6G,B07L61CLZR,yellow light bulbs for bugs outdoor,2,kw,18,1,1334.49,0,61.82,0,67,1,1334.49,1613.91,0,-0.98,15,1,1334.49,341.94,0.14,-0.91,1,16,0,0,0,-1.97,0,2.2,107,9f440b6d-b2d5-43eb-9f24-a23f7a88ec07
TRUE,B0CBNJKM6G,B07L61CLZR,led bug light bulbs outdoor,2,kw,16,1,1095.41,0,56.34,0,66,1,1095.41,1589.38,0,-0.99,14,1,1095.41,317.51,0.16,-0.88,1,15,0,0,0,-1.98,0,2.2,107,9f440b6d-b2d5-43eb-9f24-a23f7a88ec07
TRUE,B0CBNJKM6G,B07L61CLZR,dusk to dawn bug light bulbs outdoor,2,kw,6,1,859.81,0,54.29,0,25,1,859.81,586.24,0,-0.99,5,1.04,813.77,97.69,0.58,-0.93,1,6,0,0,0,-1.99,0,2.2,107,9f440b6d-b2d5-43eb-9f24-a23f7a88ec07
TRUE,B0CBNJKM6G,B07L61CLZR,bug repellent light bulb outdoor,2,kw,11,1,704.12,0,38.4,-0.6,57,1,704.12,1368.8,0,-1.57,10,1,704.12,219.81,0.17,-1.48,1,9,0,0,0,-2.56,0,2.2,107,9f440b6d-b2d5-43eb-9f24-a23f7a88ec07
FALSE,B0CBNJKM6G,B07L61CLZR,led yellow bug light bulbs outdoor,2,kw,28,1,504.21,0,21.46,0,92,5.4,52.28,2234.75,0,-1.7,21,1,504.21,488.51,0,-0.97,1,23,0,0,0,-1.97,0,2.2,107,9f440b6d-b2d5-43eb-9f24-a23f7a88ec07
TRUE,B0CBNJKM6G,B07L61CLZR,porch lights that don't attract bugs,3,sr_rc,4,1,280.77,0,17.69,0,16,1,280.77,366.37,0,-0.97,3,1,280.77,48.84,0.38,-0.88,1,3,0,0,0,-1.96,0,2.1,107,9f440b6d-b2d5-43eb-9f24-a23f7a88ec07
TRUE,B0CBNJKM6G,B07L61CLZR,dusk to dawn bug light,4,sr_rc,5,1,400.02,0,25.78,0,22,1,400.02,512.95,0,-0.99,5,1,400.02,97.69,0.19,-0.88,1,4,0,0,0,-1.99,0,2.2,107,9f440b6d-b2d5-43eb-9f24-a23f7a88ec07
TRUE,B0CBNJKM6G,B07L61CLZR,anti bug porch light,5,sr_rc,3,1,118.01,0,7.45,-0.38,18,1,118.01,415.22,0,-1.37,3,1,118.01,48.84,0.19,-1.2,1,3,0,0,0,-1.98,0,2.1,107,9f440b6d-b2d5-43eb-9f24-a23f7a88ec07
FALSE,B0CBNJKM6G,B07L61CLZR,outdoor bulbs for porch light,6,sr_rc,85,15.5,16.63,0,0.15,-1.8,100,39.61,3.39,2501.98,0,-1.97,74,1,587.24,1785.91,0,-0.99,1,78,0,0,0,-1.99,0,2.2,107,9f440b6d-b2d5-43eb-9f24-a23f7a88ec07
FALSE,B0CBNJKM6G,B07L61CLZR,led bug light,7,sr_rc,14,1,363.98,0,16.95,0,97,3.17,75.39,2371.12,0,-1.57,13,1,363.98,293.08,0,-0.95,1,14,0,0,0,-1.96,0,2.1,107,9f440b6d-b2d5-43eb-9f24-a23f7a88ec07
FALSE,B0CBNJKM6G,B07L61CLZR,yellow bug light bulbs,8,sr_rc,30,1,590.03,0,25.89,0,87,7.63,36.63,2107.9,0,-1.78,25,1,590.03,586.24,0,-0.95,1,25,0,0,0,-1.96,0,2.2,107,9f440b6d-b2d5-43eb-9f24-a23f7a88ec07
FALSE,B0CBNJKM6G,B07L61CLZR,bug light bulbs for porch lights,9,sr_rc,8,1,735.63,0,42.72,0,28,1,735.63,659.55,0,-0.98,6,1.01,725.46,122.11,0.36,-0.88,1,6,0,0,0,-1.97,0,2.1,107,9f440b6d-b2d5-43eb-9f24-a23f7a88ec07
FALSE,B0CBNJKM6G,B07L61CLZR,yellow light bulbs outdoor,10,sr_rc,17,1,1336.36,0,70.21,0,69,1,1336.36,1663.01,0,-0.98,14,1,1336.36,317.51,0.16,-0.88,1,13,0,0,0,-1.97,0,2.2,107,9f440b6d-b2d5-43eb-9f24-a23f7a88ec07
TRUE,B0F76FZRHL,B07LFRSL83,6000k led light bulbs,1,kw,23,1,810.71,0,32.7,-0.83,100,5.06,94.01,1123.97,0,-1.54,20,1.02,790.53,193.33,0.15,-0.96,1,25,0,0,0,-1.99,0,1.1,107,9f440b6d-b2d5-43eb-9f24-a23f7a88ec07
FALSE,B0F76FZRHL,B07LFRSL83,outdoor candelabra light bulbs,2,kw,83,80.09,0.9,0,0,-2.79,86,113.82,0.23,874.25,0,-2.79,98,54.47,2.08,1034.07,0,-2.78,1,134,0,0,0,-2.79,0,1.2,107,9f440b6d-b2d5-43eb-9f24-a23f7a88ec07
FALSE,B0F76FZRHL,B07LFRSL83,outdoor candelabra bulbs,2,kw,95,47.52,1.2,0,0,-2.58,86,87.86,0.19,874.25,0,-2.59,98,26.47,3.23,1034.07,0,-2.57,1,107,0,0,0,-2.59,0,1.2,107,9f440b6d-b2d5-43eb-9f24-a23f7a88ec07
FALSE,B0F76FZRHL,B07LFRSL83,bright ceiling light,3,sr_rc,100,116.19,0.12,0,0,-1.89,100,178.04,0,1123.97,0,-1.97,100,112.23,0.14,1123.97,0,-1.93,1,182,0,0,0,-1.96,0,1.1,107,9f440b6d-b2d5-43eb-9f24-a23f7a88ec07
FALSE,B0F22JDTB3,B07LFV7ZDJ,65 watt flood light bulbs indoor,1,kw,100,5.12,380.53,0,0.17,-1.6,24,60.24,0.65,697.46,0,-2.7,100,1,3048.89,3157.6,0,-1.7,1,62,0,0,0,-2.7,0,2.1,107,9f440b6d-b2d5-43eb-9f24-a23f7a88ec07
FALSE,B08B1CWP4Q,B07M5HYWZB,led spotlight indoor,1,kw,44,1,4714.61,0,61.07,-1,98,19.9,36.16,924.66,0,-2.89,42,1,4714.61,363.85,0.18,-1.88,1,27,0,0,0,-2.97,0,1.1,107,9f440b6d-b2d5-43eb-9f24-a23f7a88ec07
TRUE,B076WNBQW7,B07MCYL916,recessed ceiling lights,1,kw,13,1,1138.93,0,18.18,-1.29,54,1,1138.93,1625,0,-1.53,11,1,1138.93,306.43,0,-1.51,1,13,0,0,0,-2.52,0,2.1,107,9f440b6d-b2d5-43eb-9f24-a23f7a88ec07
TRUE,B07N2B7QGN,B07N2HTHC1,light sensing outdoor bulb,1,kw,20,1,745.93,0,26.14,0,5,19.33,0.79,80.55,0,-1.98,18,1,745.93,342.44,0,-0.96,1,20,0,0,0,-1.97,0,1.1,107,9f440b6d-b2d5-43eb-9f24-a23f7a88ec07
FALSE,B07N2B7QGN,B07N2HTHC1,anti bug porch light,2,kw,100,13.34,7.95,0,0,-3.61,99,82.46,0.05,2076.74,0,-3.72,100,9.77,12.15,2174.54,0,-3.64,1,86,0,0,0,-3.71,0,1.2,107,9f440b6d-b2d5-43eb-9f24-a23f7a88ec07
FALSE,B0DR3DHHD5,B07N8KXV1G,dusk till dawn outdoor light,1,kw,11,127.72,0.27,0,0,-2.99,96,124.76,0.34,1459.05,0,-2.99,100,68.38,2.98,1556.86,0,-2.97,1,141,0,0,0,-2.99,0,2.1,107,9f440b6d-b2d5-43eb-9f24-a23f7a88ec07
FALSE,B0CY768D6D,B07NLHZV5W,disc lights outdoor,1,kw,68,1,794.46,0,4.32,0,81,39.37,2.24,573.78,0,-1.96,56,1,794.46,393.06,0,-0.88,1,51,0,0,0,-1.93,0,1.1,107,9f440b6d-b2d5-43eb-9f24-a23f7a88ec07
FALSE,B07NVYKBQB,B07NVYKBQB,smart flood light bulb,1,kw,45,1,1237.95,0,23.73,-0.57,100,1.16,1025.74,434.97,0,-1.56,36,1,1237.95,144.2,0.12,-1.5,1,34,0,0,0,-2.56,0,2.1,107,9f440b6d-b2d5-43eb-9f24-a23f7a88ec07
FALSE,B0CY768D6D,B07PW9ND7J,led ceiling light flush mount,1,kw,51,1,3796.84,0,30.35,0,92,24.44,32.45,657.24,0,-1.94,43,1,3796.84,299.96,0.09,-0.93,1,40,0,0,0,-1.98,0,1.1,107,9f440b6d-b2d5-43eb-9f24-a23f7a88ec07
TRUE,B0CY768D6D,B07PW9ND7J,led flush mount ceiling light 6 inch,1,kw,23,1,949.05,0,12.2,-0.83,90,1,949.05,641.44,0,-0.99,20,1,949.05,135.59,0.14,-0.97,1,19,0,0,0,-1.98,0,1.1,107,9f440b6d-b2d5-43eb-9f24-a23f7a88ec07
FALSE,B0CY768D6D,B07PW9ND7J,flush mount led ceiling light,1,kw,87,18.15,49.25,0,0.12,-0.92,56,67.67,1.84,393.1,0,-1.98,100,2.97,554.88,761.01,0,-1.06,1,78,0,0,0,-1.97,0,1.1,107,9f440b6d-b2d5-43eb-9f24-a23f7a88ec07
FALSE,B0CY768D6D,B07PW9ND7J,led flush mount ceiling light,1,kw,75,36.71,25.91,0,0.08,-1.79,56,85.38,1.76,393.1,0,-1.99,75,23.8,52.54,530.08,0,-1.89,1,96,0,0,0,-1.98,0,1.1,107,9f440b6d-b2d5-43eb-9f24-a23f7a88ec07
FALSE,B0CY768D6D,B07PW9ND7J,flush mount led light,1,kw,91,22.96,17.11,0,0.04,-0.97,56,73.77,0.74,393.1,0,-1.98,92,8.93,65.22,657.24,0,-1.86,1,84,0,0,0,-1.98,0,1.1,107,9f440b6d-b2d5-43eb-9f24-a23f7a88ec07
FALSE,B0CY768D6D,B07PW9ND7J,flush mount lights,1,kw,74,74.4,1.49,0,0,-1.83,56,106.9,0.27,393.1,0,-1.96,74,59.67,2.55,522.82,0,-1.91,1,119,0,0,0,-1.94,0,1.1,107,9f440b6d-b2d5-43eb-9f24-a23f7a88ec07
TRUE,B0CY768D6D,B07PW9ND7J,led disk lights 6 inch,2,kw,9,1,751.78,0,12.56,0,48,1,751.78,335.76,0,-0.99,9,1,751.78,57.08,0.17,-0.97,1,10,0,0,0,-1.99,0,1.2,107,9f440b6d-b2d5-43eb-9f24-a23f7a88ec07
FALSE,B0CY768D6D,B07PW9ND7J,surface mount led ceiling light,3,sr_rc,53,1,1472.86,0,11.54,-0.73,45,36.06,3.7,314.28,0,-1.98,42,1,1472.86,292.81,0,-0.98,1,44,0,0,0,-1.99,0,1.1,107,9f440b6d-b2d5-43eb-9f24-a23f7a88ec07
FALSE,B0CY768D6D,B07PW9ND7J,led light fixtures ceiling mount,4,sr_rc,84,116.88,2.16,0,0,-1.96,75,162.93,0.35,530.08,0,-1.98,84,101.5,3.2,596.05,0,-1.97,1,177,0,0,0,-1.98,0,1.2,107,9f440b6d-b2d5-43eb-9f24-a23f7a88ec07
TRUE,B0D5J42SVC,B07PXFG3BX,led 6 inch recessed lighting,1,kw,25,1,2166.17,0,16.54,-0.89,96,5.91,204.62,599.08,0,-1.8,23,1,2166.17,135.66,0.15,-0.96,1,28,0,0,0,-1.99,0,2.1,107,9f440b6d-b2d5-43eb-9f24-a23f7a88ec07
TRUE,B0D5J42SVC,B07PXFG3BX,led flush mount ceiling light 6 inch,2,kw,22,1,1692.9,0,11.81,-0.89,84,1,1692.9,515.32,0,-0.99,20,1,1692.9,117.15,0.13,-0.97,1,18,0,0,0,-1.99,0,2.2,107,9f440b6d-b2d5-43eb-9f24-a23f7a88ec07
FALSE,B0D5J42SVC,B07PXFG3BX,led disk lights 6 inch,3,sr_rc,14,1,1375.27,0,11.71,-0.83,73,1,1375.27,445.6,0,-0.99,12,1,1375.27,67.81,0.16,-0.98,1,15,0,0,0,-1.99,0,2.1,107,9f440b6d-b2d5-43eb-9f24-a23f7a88ec07
TRUE,B0CY768D6D,B07PXGGR1D,disk lights,1,kw,8,1,1155.67,0,18.21,-0.73,75,1,1155.67,529.98,0,-0.98,7,1,1155.67,42.8,0.47,-0.95,1,12,0,0,0,-1.97,0,1.1,107,9f440b6d-b2d5-43eb-9f24-a23f7a88ec07
TRUE,B0CY768D6D,B07PXGGR1D,led disk light,1,kw,5,1,600.73,0,9.62,-1.39,19,1,600.73,128.45,0,-1.55,4,1.03,574.25,21.4,0.48,-1.54,1,4,0,0,0,-2.54,0,1.1,107,9f440b6d-b2d5-43eb-9f24-a23f7a88ec07
TRUE,B0CY768D6D,B07PXGGR1D,led disc light,2,kw,13,1,616.42,0,10.27,-1.37,74,1,616.42,522.73,0,-1.53,11,1,616.42,71.35,0.17,-1.51,1,11,0,0,0,-2.52,0,1.2,107,9f440b6d-b2d5-43eb-9f24-a23f7a88ec07
FALSE,B0D5J42SVC,B07QW3H6M3,puck lights,1,kw,81,1,71276.95,0,111.33,0,96,24.94,475.98,600,0,-1.5,68,1,71276.95,414.46,0.39,-0.75,1,36,0,0,0,-1.89,0,2.1,107,9f440b6d-b2d5-43eb-9f24-a23f7a88ec07
FALSE,B0D5J42SVC,B07QW3H6M3,led puck lights,1,kw,69,1,12673.58,0,36.31,-1,88,24.85,85.67,541.79,0,-2.86,60,1,12673.58,364.62,0.13,-1.75,1,36,0,0,0,-2.89,0,2.1,107,9f440b6d-b2d5-43eb-9f24-a23f7a88ec07
FALSE,B0D5J42SVC,B07QW3H6M3,surface mount led ceiling light,2,kw,28,1,2599.73,0,18.98,0,92,1,2599.73,569.12,0,-0.99,24,1,2599.73,141.85,0.14,-0.91,1,22,0,0,0,-1.99,0,2.2,107,9f440b6d-b2d5-43eb-9f24-a23f7a88ec07
FALSE,B0D5J42SVC,B07QW3H6M3,disk lights,3,sr_rc,6,1,2104.85,0,18.71,-0.77,46,1,2104.85,277.8,0,-1.76,6,1,2104.85,30.82,0.64,-1.7,1,8,0,0,0,-2.75,0,2.1,107,9f440b6d-b2d5-43eb-9f24-a23f7a88ec07
TRUE,B0DH5YMC2L,B07QYW2STV,edison light bulbs,1,kw,23,1,2600.8,0,78.31,0,71,1,2600.8,1650.55,0,-0.99,16,1,2600.8,353.08,0.16,-0.96,1,20,0,0,0,-1.98,0,1.1,107,9f440b6d-b2d5-43eb-9f24-a23f7a88ec07
FALSE,B0DH5YMC2L,B07QYW2STV,edison light bulb,1,kw,96,30.86,69.21,0,0.13,-1.72,90,61.84,14.46,2106.38,0,-1.93,100,2.47,2189.99,2428.65,0,-0.97,1,89,0,0,0,-1.98,0,1.1,107,9f440b6d-b2d5-43eb-9f24-a23f7a88ec07
TRUE,B0DH5YMC2L,B07QYW2STV,st64 edison led bulb 60w,2,kw,7,1,752.15,0,28.02,-0.53,53,1,752.15,1224.94,0,-1.52,6,1,752.15,117.68,0.19,-1.5,1,11,0,0,0,-2.51,0,1.2,107,9f440b6d-b2d5-43eb-9f24-a23f7a88ec07
FALSE,B0DH5YMC2L,B07QYW2STV,e26 edison bulb 60w led 3000k dimmable light bulbs,3,sr_rc,18,1,802.01,0,23.94,-1.39,67,1,802.01,1555.78,0,-1.49,16,1,802.01,353.08,0,-1.49,1,18,0,0,0,-2.49,0,1.1,107,9f440b6d-b2d5-43eb-9f24-a23f7a88ec07
FALSE,B0DH5YMC2L,B07QYW2STV,e26 led bulb,3,sr_rc,81,7.9,305.33,0,2.25,-0.5,100,17.02,101.11,2428.65,0,-2.15,65,1,4358.88,1508.44,0.07,-1.43,1,61,0,0,0,-2.49,0,1.1,107,9f440b6d-b2d5-43eb-9f24-a23f7a88ec07
FALSE,B0DH5YMC2L,B07QYW2STV,vintage light bulbs,4,sr_rc,71,32.9,64.89,0,0.74,-1.72,93,60.25,17.05,2181.58,0,-1.93,100,1.15,5940.29,2428.65,0,-0.98,1,91,0,0,0,-1.98,0,1.2,107,9f440b6d-b2d5-43eb-9f24-a23f7a88ec07
FALSE,B0DH5YMC2L,B07QYW2STV,edison bulbs outdoor,5,sr_rc,84,80.54,1.01,0,0,-2.89,90,121.08,0.23,2106.38,0,-2.97,84,59.36,1.93,1960.5,0,-2.92,1,144,0,0,0,-2.96,0,1.1,107,9f440b6d-b2d5-43eb-9f24-a23f7a88ec07
FALSE,B0DH5YMC2L,B07QYW2STV,e26 led bulb 60 watt dimmable,6,sr_rc,32,128.03,3.75,0,0.12,-1.49,99,128.27,3.71,2362.79,0,-2.45,97,68.33,21.28,2290.59,0,-2.34,1,162,0,0,0,-2.44,0,1.2,107,9f440b6d-b2d5-43eb-9f24-a23f7a88ec07
FALSE,B0D47YZT4J,B07QYWYQ3Y,5/6 inch led recessed lighting,1,kw,26,1,566.7,0,16.07,-0.89,95,10.75,21,700.54,0,-1.92,22,1,566.7,153.04,0.15,-0.97,1,29,0,0,0,-1.99,0,2.1,107,9f440b6d-b2d5-43eb-9f24-a23f7a88ec07
FALSE,B0D47YZT4J,B07QYWYQ3Y,disc lights outdoor,2,kw,100,73.77,1.01,0,0,-2.94,49,132.98,0.05,350.26,0,-2.98,100,64.11,1.37,793.7,0,-2.96,1,139,0,0,0,-2.97,0,2.2,107,9f440b6d-b2d5-43eb-9f24-a23f7a88ec07
FALSE,B0DH5YMC2L,B07QZXD8HK,edison bulbs,1,kw,61,1,24881.8,0,374.23,-0.73,97,17.65,472.38,2294.24,0,-0.99,49,1,24881.8,1130.8,0.39,-0.97,1,44,0,0,0,-1.99,0,1.1,107,9f440b6d-b2d5-43eb-9f24-a23f7a88ec07
TRUE,B0D47YZT4J,B07R23N88M,led flush mount ceiling light 6 inch,1,kw,20,1,451.83,0,13.05,-0.73,95,4.76,54.88,700.14,0,-1.8,19,1,451.83,131.15,0.14,-0.96,1,20,0,0,0,-1.99,0,2.1,107,9f440b6d-b2d5-43eb-9f24-a23f7a88ec07
FALSE,B07R7X535W,B07R7X6STX,br40 65w indoor flood,1,kw,20,1,3614.65,0,34.56,-1.73,85,5.52,259.74,479.46,0,-2.63,17,1,3614.65,89.07,0.36,-1.96,1,11,0,0,0,-2.99,0,1.1,107,9f440b6d-b2d5-43eb-9f24-a23f7a88ec07
FALSE,B0DLCL51ZF,B07RC3G2QN,4ft led bulbs,1,kw,40,1,6297.06,0,17.93,-1.72,20,21.86,20.95,34.22,0,-2.81,33,1,6297.06,57.72,0.35,-1.81,1,25,0,0,0,-2.82,0,2.1,107,9f440b6d-b2d5-43eb-9f24-a23f7a88ec07
FALSE,B0DLCL51ZF,B07RC3G2QN,4 ft led light bulbs,1,kw,44,1,4593.41,0,9.08,-1.68,56,20.09,33.91,99.65,0,-2.76,36,1,4593.41,63.16,0.17,-1.76,1,27,0,0,0,-2.78,0,2.1,107,9f440b6d-b2d5-43eb-9f24-a23f7a88ec07
FALSE,B0DLCL51ZF,B07RC3G2QN,led tube lights 4ft,2,kw,66,1,10070.37,0,17.84,-1.45,7,37.53,5.14,10.8,0,-2.55,53,1,10070.37,94.14,0.27,-1.53,1,39,0,0,0,-2.55,0,2.2,107,9f440b6d-b2d5-43eb-9f24-a23f7a88ec07
FALSE,B07RMBF4T4,B07RGXMS8W,dust to dawn floodlight,1,kw,33,1,326.4,0,10.67,-0.83,100,25.64,1.21,1845.54,0,-1.98,32,1,326.4,550.58,0,-0.98,1,31,0,0,0,-1.99,0,1.1,107,9f440b6d-b2d5-43eb-9f24-a23f7a88ec07
FALSE,B0DPJCX688,B07RK52M3K,edison bulbs 60 watt led,1,kw,61,1,8978.65,0,160.84,-1.68,39,42.82,7.08,642.51,0,-2.81,56,1,8978.65,932.08,0.16,-1.83,1,46,0,0,0,-2.84,0,2.1,107,9f440b6d-b2d5-43eb-9f24-a23f7a88ec07
FALSE,B0DPJCX688,B07RK52M3K,outdoor light bulbs for house exterior,2,kw,31,1,964.49,0,31.1,-0.67,79,23.13,7.36,1332.16,0,-2.63,29,1,964.49,473.01,0.13,-1.63,1,34,0,0,0,-2.66,0,2.2,107,9f440b6d-b2d5-43eb-9f24-a23f7a88ec07
FALSE,B0DPJCX688,B07RK52M3K,porch lights that don't attract bugs,3,sr_rc,98,75.26,0.84,0,0,-2.8,21,114.36,0.01,337.68,0,-2.82,98,72.96,0.93,1767.86,0,-2.81,1,115,0,0,0,-2.81,0,2.1,107,9f440b6d-b2d5-43eb-9f24-a23f7a88ec07
FALSE,B0DPJCX688,B07RK52M3K,solar light bulbs for outside,4,sr_rc,100,44.54,11.22,0,0,-2.84,6,116.26,0.04,84.35,0,-2.99,100,40.29,13.35,1994.13,0,-2.93,1,117,0,0,0,-2.99,0,2.2,107,9f440b6d-b2d5-43eb-9f24-a23f7a88ec07
FALSE,B0DPJCX688,B07RK52M3K,60 watt led light bulbs,5,sr_rc,100,33.62,37.39,0,0.02,-2.37,90,76.22,4.28,1539.84,0,-2.77,100,15.09,126.38,1994.13,0,-2.23,1,94,0,0,0,-2.78,0,2.1,107,9f440b6d-b2d5-43eb-9f24-a23f7a88ec07
FALSE,B0CQTSTNKV,B07RK53Z8Y,dusk to dawn flood lights outdoor,1,kw,53,1,3935.6,0,39.19,-1.63,4,50.74,0.19,23.52,0,-2.79,47,1,3935.6,361.15,0.15,-1.76,1,51,0,0,0,-2.79,0,1.1,107,9f440b6d-b2d5-43eb-9f24-a23f7a88ec07
FALSE,B0CQTSTNKV,B07RK53Z8Y,dusk to dawn flood lights,1,kw,39,1,1051.25,0,14.95,-1.63,100,32.24,2.19,837.48,0,-2.79,38,1,1051.25,290.37,0.1,-1.75,1,37,0,0,0,-2.79,0,1.1,107,9f440b6d-b2d5-43eb-9f24-a23f7a88ec07
FALSE,B0CQTSTNKV,B07RK53Z8Y,flood lights outdoor dusk to dawn,1,kw,89,1,1377.78,0,3.94,-1.69,97,61.98,0.6,772.08,0,-2.79,83,1,1377.78,647.02,0,-1.79,1,66,0,0,0,-2.79,0,1.1,107,9f440b6d-b2d5-43eb-9f24-a23f7a88ec07
FALSE,B0CQTSTNKV,B07RK53Z8Y,led flood light outdoor dusk to dawn,1,kw,94,1,1032.8,0,1.7,-1.56,100,54.86,0.61,837.48,0,-2.66,88,1,1032.8,688.2,0,-1.66,1,59,0,0,0,-2.66,0,1.1,107,9f440b6d-b2d5-43eb-9f24-a23f7a88ec07
FALSE,B0CQTSTNKV,B07RK53Z8Y,dusk to dawn flood light,1,kw,100,2.18,535.96,0,0.12,-1.74,100,56.06,0.77,837.48,0,-2.79,95,1,1433.96,750.42,0,-1.79,1,60,0,0,0,-2.79,0,1.1,107,9f440b6d-b2d5-43eb-9f24-a23f7a88ec07
FALSE,B07RGS8CHP,B07RLT32FV,daylight led bulbs,1,kw,75,1,9744.91,0,99.49,-1.33,100,17.28,222.95,911.13,0,-1.79,50,1,9744.91,406.51,0.46,-1.55,1,63,0,0,0,-2.58,0,2.1,107,9f440b6d-b2d5-43eb-9f24-a23f7a88ec07
TRUE,B07RGS8CHP,B07RLT32FV,br40 led light bulbs 5000k daylight,2,kw,9,1,660.17,0,25.28,0,52,1,660.17,423.17,0,-0.99,8,1,660.17,57.96,0.36,-0.97,1,8,0,0,0,-1.99,0,2.2,107,9f440b6d-b2d5-43eb-9f24-a23f7a88ec07
TRUE,B07RMBF4T4,B07RM7CZ8X,dusk to dawn flood lights outdoor,1,kw,8,1,1718.95,0,74.58,0,2,8.83,2.84,17.75,0,-1.97,8,1,1718.95,124.28,0.54,-0.95,1,9,0,0,0,-1.99,0,1.1,107,9f440b6d-b2d5-43eb-9f24-a23f7a88ec07
TRUE,B07RMBF4T4,B07RM7CZ8X,flood lights outdoor dusk to dawn,1,kw,15,1,625.54,0,28.85,-0.6,94,15.19,5.22,1667.65,0,-2.56,15,1,625.54,248.57,0.14,-1.57,1,19,0,0,0,-2.59,0,1.1,107,9f440b6d-b2d5-43eb-9f24-a23f7a88ec07
TRUE,B07RMBF4T4,B07RM7CZ8X,dusk to dawn flood light,1,kw,23,1,654.31,0,24.39,-0.73,72,17.67,4.42,1263.35,0,-1.97,22,1,654.31,372.9,0.12,-0.93,1,22,0,0,0,-1.99,0,1.1,107,9f440b6d-b2d5-43eb-9f24-a23f7a88ec07
TRUE,B07RMBF4T4,B07RM7CZ8X,dusk to dawn flood lights,1,kw,19,1,481.47,0,20.03,-0.73,100,15.19,5.47,1845.76,0,-1.96,19,1,481.47,319.61,0,-0.99,1,21,0,0,0,-1.99,0,1.1,107,9f440b6d-b2d5-43eb-9f24-a23f7a88ec07
FALSE,B07RMBF4T4,B07RM7CZ8X,led flood light outdoor dusk to dawn,1,kw,62,1,477.41,0,9.54,-0.83,100,40.74,0.66,1845.76,0,-1.99,59,1,477.41,1031.05,0,-0.98,1,46,0,0,0,-1.99,0,1.1,107,9f440b6d-b2d5-43eb-9f24-a23f7a88ec07
FALSE,B07RMBF4T4,B07RM7CZ8X,outdoor light bulbs for house exterior,2,kw,39,1,797.35,0,23.7,-1.89,100,2.18,295.32,1845.76,0,-1.99,32,1,797.35,550.58,0,-1.98,1,36,0,0,0,-2.98,0,1.2,107,9f440b6d-b2d5-43eb-9f24-a23f7a88ec07
FALSE,B07RMBF4T4,B07RM7CZ8X,outdoor flood light bulbs waterproof,3,sr_rc,11,1,286.16,0,15.8,0,62,1,286.16,1084.56,0,-0.99,10,1,286.16,159.79,0.17,-0.97,1,12,0,0,0,-1.98,0,1.1,107,9f440b6d-b2d5-43eb-9f24-a23f7a88ec07
TRUE,B0BXFRGM3B,B07RM8WS33,dusk to dawn outdoor lighting,1,kw,23,1,12154.19,0,614.47,0,48,20.71,47.19,612.29,0,-1.73,21,1.01,12001.07,260,2.2,-0.93,1,24,0,0,0,-1.98,0,2.1,107,9f440b6d-b2d5-43eb-9f24-a23f7a88ec07
TRUE,B0BXFRGM3B,B07RM8WS33,dawn to dusk light bulbs outdoor,1,kw,21,1,5337.42,0,260.15,-0.73,68,17.7,28.93,875.89,0,-1.83,20,1,5337.42,246.99,1.05,-0.96,1,21,0,0,0,-1.98,0,2.1,107,9f440b6d-b2d5-43eb-9f24-a23f7a88ec07
TRUE,B0BXFRGM3B,B07RM8WS33,dusk to dawn light bulbs outdoor,1,kw,18,1,1934.68,0,97.47,0,48,17.8,7.35,612.29,0,-1.95,18,1,1934.68,220.96,0.45,-0.96,1,20,0,0,0,-1.98,0,2.1,107,9f440b6d-b2d5-43eb-9f24-a23f7a88ec07
TRUE,B0BXFRGM3B,B07RM8WS33,dusk to dawn outdoor light bulb,1,kw,11,1,1085.36,0,59.17,0,68,10.18,16.38,875.89,0,-1.9,11,1,1085.36,129.94,0.46,-0.95,1,13,0,0,0,-1.98,0,2.1,107,9f440b6d-b2d5-43eb-9f24-a23f7a88ec07
TRUE,B0BXFRGM3B,B07RM8WS33,outdoor light bulbs dusk to dawn,1,kw,23,1,630.57,0,27.9,-0.83,37,22.29,1.17,468.5,0,-1.98,21,1,630.57,260,0.14,-0.97,1,24,0,0,0,-1.98,0,2.1,107,9f440b6d-b2d5-43eb-9f24-a23f7a88ec07
FALSE,B0BXFRGM3B,B07RM8WS33,dusk to dawn,1,kw,100,6.22,77.05,0,0.05,-1.49,7,58.71,0.13,77.95,0,-1.98,99,1,799.35,1394.61,0,-0.97,1,60,0,0,0,-1.98,0,2.1,107,9f440b6d-b2d5-43eb-9f24-a23f7a88ec07
FALSE,B0BXFRGM3B,B07RM8WS33,dusk to dawn led outdoor light,1,kw,19,133.81,1.19,0,0,-1.96,48,152.46,0.16,612.29,0,-1.99,19,132.9,1.25,233.97,0,-1.97,1,156,0,0,0,-1.98,0,2.1,107,9f440b6d-b2d5-43eb-9f24-a23f7a88ec07
TRUE,B0BXFRGM3B,B07RM8WS33,dusk to dawn flood light,2,kw,6,1,565.72,0,29.19,0,100,2.28,158.56,1498.97,0,-1.11,6,1,565.72,64.95,0.46,-0.88,1,6,0,0,0,-1.99,0,2.2,107,9f440b6d-b2d5-43eb-9f24-a23f7a88ec07
TRUE,B0BXFRGM3B,B07RM8WS33,dusk to dawn flood lights,2,kw,5,1,416.82,0,22.89,0,100,1.42,251.27,1498.97,0,-0.99,5,1,416.82,51.96,0.49,-0.91,1,6,0,0,0,-1.99,0,2.2,107,9f440b6d-b2d5-43eb-9f24-a23f7a88ec07
FALSE,B0BXFRGM3B,B07RM8WS33,dusk to dawn sensor light bulbs,3,sr_rc,15,1,304.67,0,16.97,0,37,15.48,1.13,468.5,0,-1.98,14,1,304.67,168.94,0.16,-0.93,1,17,0,0,0,-1.98,0,2.1,107,9f440b6d-b2d5-43eb-9f24-a23f7a88ec07
FALSE,B0BXFRGM3B,B07RM8WS33,dusk to dawn bug light,4,sr_rc,50,1,455.46,0,12.98,-2.56,59,34.17,0.69,756.77,0,-3.82,46,1,455.46,586.11,0,-2.81,1,38,0,0,0,-3.82,0,2.2,107,9f440b6d-b2d5-43eb-9f24-a23f7a88ec07
FALSE,B0BXFRGM3B,B07RM8WS33,smart flood light bulb,5,sr_rc,81,16.57,16.88,0,0.2,-1.8,19,64.95,0.14,233.97,0,-1.99,81,10.38,33.11,1051.52,0,-1.81,1,67,0,0,0,-1.99,0,2.1,107,9f440b6d-b2d5-43eb-9f24-a23f7a88ec07
FALSE,B0DPRBPNH5,B07V2JLFQT,br30 smart bulb,1,kw,42,1,5133.64,0,50.94,0,100,1.17,4205.62,722.05,0,-0.99,34,1,5133.64,233.24,0.28,-0.88,1,30,0,0,0,-1.99,0,1.1,107,9f440b6d-b2d5-43eb-9f24-a23f7a88ec07
FALSE,B0DPRBPNH5,B07V2JLFQT,smart flood light bulb,2,kw,26,1,2776.89,0,33.55,0,81,1,2776.89,566.57,0,-0.99,20,1,2776.89,134.27,0.31,-0.88,1,19,0,0,0,-1.99,0,1.2,107,9f440b6d-b2d5-43eb-9f24-a23f7a88ec07
FALSE,B0DPRBPNH5,B07V2JLFQT,smart can lights,2,kw,100,39.05,3.56,0,0,-3.59,100,86.47,0.33,722.05,0,-3.59,100,24.51,7.6,722.05,0,-3.58,1,101,0,0,0,-3.59,0,1.2,107,9f440b6d-b2d5-43eb-9f24-a23f7a88ec07
FALSE,B0DPJK1CQT,B07VYN318G,led dusk to dawn outdoor light bulbs,1,kw,53,1,1027.09,0,16.14,-1.84,50,29.75,4.62,713.48,0,-2.92,40,1,1027.09,567.59,0,-1.94,1,40,0,0,0,-2.94,0,2.1,107,9f440b6d-b2d5-43eb-9f24-a23f7a88ec07
FALSE,B0DPJK1CQT,B07VYN318G,dusk to dawn,1,kw,100,35.28,10.47,0,0,-2.8,61,75.96,0.86,874.35,0,-2.89,100,22.24,22.64,1552.59,0,-2.81,1,86,0,0,0,-2.89,0,2.1,107,9f440b6d-b2d5-43eb-9f24-a23f7a88ec07
FALSE,B0DRTLVQPC,B07YL9XPZT,4 ft led light fixture,1,kw,96,45.44,39.49,0,0.01,-1.87,96,81.89,8.89,327.55,0,-1.99,97,16.15,194.71,331.87,0,-1.87,1,111,0,0,0,-1.98,0,1.1,107,9f440b6d-b2d5-43eb-9f24-a23f7a88ec07
TRUE,B0DH8NLB7M,B07Z4B2NV4,3000k edison bulb,1,kw,9,1,657.13,0,28.7,0,46,1.01,648.52,457.1,0,-0.99,8,1,657.13,71.01,0.33,-0.98,1,10,0,0,0,-1.99,0,2.1,107,9f440b6d-b2d5-43eb-9f24-a23f7a88ec07
TRUE,B0DH8NLB7M,B07Z4B2NV4,st64 edison led bulb 60w,2,kw,5,1,565.85,0,26.43,-0.83,31,1,565.85,304.52,0,-0.99,4,1,565.85,30.43,0.78,-0.96,1,6,0,0,0,-1.99,0,2.2,107,9f440b6d-b2d5-43eb-9f24-a23f7a88ec07
TRUE,B0CLBSCK94,B07ZJT7Q4N,led shop lights 4ft,1,kw,17,1,5847.16,0,27.75,0,98,3.44,1136.72,306.05,0,-1.41,16,1,5847.16,45.57,0.6,-0.95,1,20,0,0,0,-1.97,0,1.1,107,9f440b6d-b2d5-43eb-9f24-a23f7a88ec07
FALSE,B0CLBSCK94,B07ZJT7Q4N,4' led shop light,2,kw,71,3.52,2139.4,0,3.47,-0.89,71,46.72,24.64,213.48,0,-1.97,57,1,10552.97,170.48,0.16,-0.97,1,61,0,0,0,-1.98,0,1.2,107,9f440b6d-b2d5-43eb-9f24-a23f7a88ec07
FALSE,B0CLBSCK94,B07ZJT7Q4N,4 foot led shop light,3,sr_rc,65,9.34,147.13,0,0.27,-1.85,71,47.26,5.86,213.48,0,-1.98,60,1,2641.19,179.67,0,-0.97,1,61,0,0,0,-1.97,0,1.1,107,9f440b6d-b2d5-43eb-9f24-a23f7a88ec07
TRUE,B0C92B1CBB,B07ZZM3ZZ3,t8 led bulbs 4 foot,1,kw,17,1,26926.87,0,87.74,-1.4,100,5.39,2036.19,365.93,0,-1.71,15,1,26926.87,40.16,2.15,-1.63,1,11,0,0,0,-2.66,0,2.1,107,9f440b6d-b2d5-43eb-9f24-a23f7a88ec07
TRUE,B0C92B1CBB,B07ZZM3ZZ3,t8 led bulbs,1,kw,7,1,2558.9,0,11.64,0,50,1,2558.9,141.21,0,-0.99,6,1,2558.9,14.33,0.76,-0.96,1,6,0,0,0,-1.99,0,2.1,107,9f440b6d-b2d5-43eb-9f24-a23f7a88ec07
FALSE,B0C92B1CBB,B07ZZM3ZZ3,led tube lights 4ft,2,kw,28,1,9810.96,0,39.12,-0.89,26,14.46,42.68,71.79,0,-2.86,26,1,9810.96,71.79,0.55,-1.84,1,16,0,0,0,-2.88,0,2.2,107,9f440b6d-b2d5-43eb-9f24-a23f7a88ec07
FALSE,B0C92B1CBB,B07ZZM3ZZ3,4 ft led light bulbs,3,sr_rc,13,1.02,4188.49,0,13.17,-1.44,73,4.17,434.5,209.24,0,-2.5,12,1,4302.12,31.55,0.46,-1.66,1,8,0,0,0,-2.69,0,2.1,107,9f440b6d-b2d5-43eb-9f24-a23f7a88ec07
FALSE,B0C92B1CBB,B07ZZM3ZZ3,led replacement for fluorescent tubes,4,sr_rc,15,1.02,3312.71,0,14.29,-1.44,7,11.52,35.97,17.2,0,-2.68,12,1,3399,31.55,0.48,-1.67,1,14,0,0,0,-2.69,0,2.2,107,9f440b6d-b2d5-43eb-9f24-a23f7a88ec07
FALSE,B0C92B1CBB,B07ZZM3ZZ3,led fluorescent tube replacement,4,sr_rc,24,1,3796.6,0,14.11,-1.81,17,19.58,21.1,45.9,0,-2.9,19,1,3796.6,51.65,0.29,-1.88,1,24,0,0,0,-2.9,0,2.2,107,9f440b6d-b2d5-43eb-9f24-a23f7a88ec07
FALSE,B0C92B1CBB,B07ZZM3ZZ3,led t8 bulbs 4ft,5,sr_rc,11,1,2896.91,0,12.92,-0.67,100,1.52,1602.79,365.93,0,-1.91,10,1,2896.91,25.81,0.48,-1.63,1,7,0,0,0,-2.66,0,2.1,107,9f440b6d-b2d5-43eb-9f24-a23f7a88ec07
TRUE,B08B17NNSY,B081C2YG6L,spotlight bulbs outdoor,1,kw,22,1.01,551.22,0,21.08,-0.89,76,17.24,4.91,594.91,0,-1.97,21,1,558.26,157.49,0.14,-0.97,1,23,0,0,0,-1.99,0,1.1,107,9f440b6d-b2d5-43eb-9f24-a23f7a88ec07
FALSE,B08B17NNSY,B081C2YG6L,75 watt led light bulbs daylight,2,kw,100,24.67,19.87,0,0.01,-2.67,70,81,0.56,546.28,0,-2.78,100,16.14,37.33,891.86,0,-2.59,1,88,0,0,0,-2.78,0,1.2,107,9f440b6d-b2d5-43eb-9f24-a23f7a88ec07
FALSE,B08B17NNSY,B081C95WMN,led bulbs,1,kw,99,1,18898.31,0,17.81,-1.29,100,39.44,111.44,911.09,0,-2.03,69,1,18898.31,539.07,0.5,-1.51,1,79,0,0,0,-2.54,0,2.1,107,9f440b6d-b2d5-43eb-9f24-a23f7a88ec07
TRUE,B08B17NNSY,B081C95WMN,par 30 led bulbs,2,kw,4,1,297.62,0,14.4,-1.52,21,1.01,292.7,157.6,0,-1.77,4,1,297.62,23.62,0.54,-1.72,1,3,0,0,0,-2.76,0,2.2,107,9f440b6d-b2d5-43eb-9f24-a23f7a88ec07
FALSE,B08B17NNSY,B081C95WMN,par30 led bulb,2,kw,1,1,0,0,0,-2.75,1,1,0,0,0,-2.77,1,1,0,0,0,-2.76,1,1,0,0,0,-2.76,0,2.2,107,9f440b6d-b2d5-43eb-9f24-a23f7a88ec07
FALSE,B08B17NNSY,B081CFXK8L,outdoor flood lights,1,kw,52,1,13924.21,0,319.13,-0.83,4,46.72,0.86,23.62,0,-1.99,49,1,13924.21,379.01,0.89,-0.97,1,47,0,0,0,-1.99,0,1.1,107,9f440b6d-b2d5-43eb-9f24-a23f7a88ec07
TRUE,B08B17NNSY,B081CFXK8L,outside light bulbs,2,kw,12,1,984.22,0,47.32,0,73,1,984.22,571.26,0,-0.99,11,1,984.22,78.75,0.51,-0.91,1,16,0,0,0,-1.98,0,1.2,107,9f440b6d-b2d5-43eb-9f24-a23f7a88ec07
FALSE,B0BDGD2796,B081QX763B,2700k led light bulbs,1,kw,100,32.55,37.11,0,0.02,-2.51,100,63.87,10.48,953.87,0,-2.68,94,1,3626.53,847.5,0.01,-1.72,1,115,0,0,0,-2.73,0,2.1,107,9f440b6d-b2d5-43eb-9f24-a23f7a88ec07
FALSE,B0BDGD2796,B081QX763B,2700k led bulb,1,kw,100,69.29,1.05,0,0,-2.81,100,93.17,0.51,953.87,0,-2.86,100,18.46,8.42,953.87,0,-2.8,1,144,0,0,0,-2.85,0,2.1,107,9f440b6d-b2d5-43eb-9f24-a23f7a88ec07
FALSE,B0BDGD2796,B081QX7JFT,led daylight bulbs,1,kw,33,1,1152.69,0,50.94,0,95,1,1152.69,858.21,0,-0.98,29,1,1152.69,251.62,0.15,-0.93,1,42,0,0,0,-1.97,0,1.1,107,9f440b6d-b2d5-43eb-9f24-a23f7a88ec07
TRUE,B0BDGD2796,B081QX7JFT,6000k led light bulbs,2,kw,12,1,719.24,0,40.13,0,69,1,719.24,612.51,0,-0.98,11,1,719.24,89.83,0.34,-0.95,1,14,0,0,0,-1.97,0,1.2,107,9f440b6d-b2d5-43eb-9f24-a23f7a88ec07
FALSE,B0BDGD2796,B081QX7JFT,led lamp bulbs,3,sr_rc,100,54.52,1.39,0,0,-1.88,100,88.63,0.47,953.02,0,-1.97,100,5.15,38.15,953.02,0,-1.73,1,138,0,0,0,-1.96,0,1.1,107,9f440b6d-b2d5-43eb-9f24-a23f7a88ec07
FALSE,B081QXN379,B081QX94TF,two prong light bulb,1,kw,30,1,2686.83,0,80.34,-0.75,97,3.03,626.27,565.69,0,-1.73,26,1,2686.83,140.55,0.57,-1.66,1,21,0,0,0,-2.72,0,2.1,107,9f440b6d-b2d5-43eb-9f24-a23f7a88ec07
FALSE,B081QXN379,B081QX94TF,light bulbs with 2 prongs,1,kw,27,1,1191.22,0,35.89,-0.75,92,1,1191.22,523.42,0,-1.73,24,1,1191.22,129.29,0.28,-1.68,1,20,0,0,0,-2.72,0,2.1,107,9f440b6d-b2d5-43eb-9f24-a23f7a88ec07
FALSE,B08Q1Z68FS,B081S6WKNN,led flush mount ceiling light,1,kw,34,1,5947.5,0,39.95,0,95,9.12,291.22,389.24,0,-1.71,29,1,5947.5,112.27,0.38,-0.75,1,29,0,0,0,-1.96,0,1.1,107,9f440b6d-b2d5-43eb-9f24-a23f7a88ec07
FALSE,B0DKB1QP7Z,B082S24NJ8,canless recessed lighting 6 in,1,kw,38,1,13349.6,0,89.7,-0.89,63,17.82,191.73,1024.79,0,-1.8,31,1,13349.6,495.39,0.26,-0.97,1,32,0,0,0,-1.99,0,2.1,107,9f440b6d-b2d5-43eb-9f24-a23f7a88ec07
TRUE,B0DKB1QP7Z,B082S24NJ8,wafer lights,2,kw,22,1,6306.13,0,53.05,-0.84,60,13.04,154.54,975.07,0,-2.67,19,1,6306.13,297.18,0.14,-1.79,1,27,0,0,0,-2.83,0,2.2,107,9f440b6d-b2d5-43eb-9f24-a23f7a88ec07
FALSE,B0CJK6Z3TK,B08376LSSM,light sensing outdoor bulb,1,kw,45,8.47,33.87,0,1.09,-1.72,96,13.72,16.14,775.5,0,-1.91,51,1,560.56,401.67,0,-0.98,1,42,0,0,0,-1.99,0,1.1,107,9f440b6d-b2d5-43eb-9f24-a23f7a88ec07
FALSE,B0CJK6Z3TK,B083774RWT,dusk to dawn outdoor lighting,1,kw,75,1,13670.49,0,168.07,-2.49,98,43.53,29.07,807.23,0,-3.45,68,1,13670.49,539.72,0.37,-2.57,1,54,0,0,0,-3.59,0,2.1,107,9f440b6d-b2d5-43eb-9f24-a23f7a88ec07
FALSE,B0CJK6Z3TK,B083774RWT,dawn to dusk light bulbs,2,kw,28,1,1033.71,0,41.12,-0.89,95,1,1033.71,769.98,0,-0.99,24,1,1033.71,184.74,0.29,-0.95,1,24,0,0,0,-1.99,0,2.2,107,9f440b6d-b2d5-43eb-9f24-a23f7a88ec07
FALSE,B0CJK6Z3TK,B083774RWT,outdoor candelabra bulbs,3,sr_rc,30,1,219.4,0,8.88,-0.73,84,1,219.4,671.36,0,-0.99,23,1,219.4,176.7,0,-0.99,1,25,0,0,0,-1.99,0,2.1,107,9f440b6d-b2d5-43eb-9f24-a23f7a88ec07
FALSE,B0CJK6Z3TK,B083774RWT,outdoor candelabra light bulbs,3,sr_rc,13,1,416.06,0,22.05,0,51,1,416.06,402.1,0,-0.99,11,1,416.06,80.29,0.17,-0.96,1,13,0,0,0,-1.99,0,2.1,107,9f440b6d-b2d5-43eb-9f24-a23f7a88ec07
FALSE,B0CJK6Z3TK,B083774RWT,dusk to dawn candelabra bulbs outdoor,3,sr_rc,10,1,500.61,0,26.3,0,44,1,500.61,345.66,0,-0.99,8,1.07,457.23,56.2,0.34,-0.97,1,9,0,0,0,-1.99,0,2.1,107,9f440b6d-b2d5-43eb-9f24-a23f7a88ec07
FALSE,B09XP93RKG,B083KNF4QN,br 30 led bulbs,1,kw,46,1,993.91,0,19.31,-1.36,89,16.23,18.63,478.5,0,-2.45,34,1,993.91,176.74,0.13,-1.5,1,34,0,0,0,-2.5,0,1.1,107,9f440b6d-b2d5-43eb-9f24-a23f7a88ec07
FALSE,B09XP93RKG,B083KNF4QN,bulged light bulbs,2,kw,63,1,1314.07,0,16.77,-2.46,100,18.99,23.19,601.88,0,-3.49,46,1,1314.07,241.22,0.1,-2.54,1,49,0,0,0,-3.56,0,1.2,107,9f440b6d-b2d5-43eb-9f24-a23f7a88ec07
FALSE,B09XP93RKG,B083KNF4QN,65w flood light indoor,3,sr_rc,100,1,1034.54,0,0.38,-1.54,81,40.54,3.81,432.08,0,-2.62,66,1,1034.54,349.35,0.07,-1.6,1,59,0,0,0,-2.63,0,1.1,107,9f440b6d-b2d5-43eb-9f24-a23f7a88ec07
FALSE,B09XP93RKG,B083KNF4QN,65w 120v flood light indoor,3,sr_rc,100,14.8,47.28,0,0.02,-2.32,76,57.56,2.69,404.18,0,-2.53,91,1,1577.11,490.9,0.02,-1.39,1,74,0,0,0,-2.54,0,1.1,107,9f440b6d-b2d5-43eb-9f24-a23f7a88ec07
FALSE,B09XP93RKG,B083KNF4QN,indoor flood light bulbs 65w,3,sr_rc,80,17.87,38.24,0,0.3,-1.77,76,56.27,3.18,404.18,0,-1.98,78,1,1683.36,415.28,0.05,-0.96,1,74,0,0,0,-1.98,0,1.1,107,9f440b6d-b2d5-43eb-9f24-a23f7a88ec07
TRUE,B09XP93RKG,B083KNFQGC,br30 led bulb 2700k,1,kw,14,1,755.9,0,32.08,0,84,1,755.9,448.83,0,-0.98,13,1,755.9,64.19,0.56,-0.93,1,17,0,0,0,-1.98,0,2.1,107,9f440b6d-b2d5-43eb-9f24-a23f7a88ec07
FALSE,B09XP93RKG,B083KNFQGC,recess light bulbs,2,kw,35,1,591.33,0,17.43,-0.83,99,10.5,23.19,563.64,0,-1.89,29,1,591.33,149.89,0.14,-0.95,1,30,0,0,0,-1.98,0,2.2,107,9f440b6d-b2d5-43eb-9f24-a23f7a88ec07
FALSE,B0BXPYC5X5,B0849RDZ4S,led high bay lights,1,kw,61,1,2987.1,0,9.7,-0.89,15,58.7,0.12,63.84,0,-1.99,59,1,2987.1,265.19,0.06,-0.98,1,59,0,0,0,-1.98,0,1.1,107,9f440b6d-b2d5-43eb-9f24-a23f7a88ec07
FALSE,B0BXPYC5X5,B0849RDZ4S,commercial bay lighting,2,kw,56,1.01,1406.28,0,6.97,-0.83,14,45.02,0.95,59.27,0,-1.98,45,1,1424.02,200.92,0,-0.97,1,48,0,0,0,-1.98,0,1.2,107,9f440b6d-b2d5-43eb-9f24-a23f7a88ec07
FALSE,B0DLCL51ZF,B085YF856V,led fluorescent tube replacement 4ft,1,kw,46,1,8771.08,0,24.37,-1.61,11,30.97,13.38,18,0,-2.7,39,1,8771.08,68.6,0.36,-1.69,1,34,0,0,0,-2.71,0,2.1,107,9f440b6d-b2d5-43eb-9f24-a23f7a88ec07
TRUE,B0C92B1CBB,B085YFDRV3,4ft led bulbs,1,kw,11,1,5728.97,0,26.64,-0.89,89,1.8,2392.5,258.54,0,-1.88,10,1,5728.97,25.76,0.94,-1.86,1,6,0,0,0,-2.88,0,1.1,107,9f440b6d-b2d5-43eb-9f24-a23f7a88ec07
TRUE,B0C92B1CBB,B085YFDRV3,4 foot led bulbs,2,kw,12,1,2547.47,0,9.83,-1.67,92,1.81,1054.43,269.55,0,-2.44,10,1.06,2347.19,25.76,0.28,-1.91,1,6,0,0,0,-2.93,0,1.2,107,9f440b6d-b2d5-43eb-9f24-a23f7a88ec07
FALSE,B0C92B1CBB,B085YFDRV3,4' led light bulbs,3,sr_rc,46,1,3671.79,0,8.33,-1.6,6,24.22,5.9,14.31,0,-2.7,39,1,3671.79,109.01,0.09,-1.68,1,26,0,0,0,-2.69,0,1.1,107,9f440b6d-b2d5-43eb-9f24-a23f7a88ec07
FALSE,B0C92B1CBB,B085YFDRV3,led bulbs,3,sr_rc,100,15.91,5179.33,0,0.24,-1.86,100,38.53,1272.75,345.81,0,-2.29,86,1,184891.08,248.42,0.52,-1.81,1,91,0,0,0,-2.88,0,1.1,107,9f440b6d-b2d5-43eb-9f24-a23f7a88ec07
TRUE,B0CY768D6D,B086VTTSKQ,disc lights ceiling,1,kw,10,1,668.15,0,10.44,-0.73,53,1,668.15,371.64,0,-0.99,9,1,668.15,57.08,0.16,-0.96,1,11,0,0,0,-1.99,0,2.1,107,9f440b6d-b2d5-43eb-9f24-a23f7a88ec07
FALSE,B0DR397NQN,B086Z57B3H,porch lights that don't attract bugs,1,kw,31,1,272.29,0,16.04,0,10,23.44,0.65,348.88,0,-1.99,25,1,272.29,930.51,0,-0.99,1,26,0,0,0,-1.99,0,1.1,107,9f440b6d-b2d5-43eb-9f24-a23f7a88ec07
FALSE,B0DR397NQN,B086Z57B3H,yellow bug lights for outside,2,kw,54,6.37,105.32,0,4.03,-0.25,15,42.92,0.61,542.73,0,-1.99,72,2.01,477.67,2756.94,0,-0.99,1,45,0,0,0,-1.99,0,1.2,107,9f440b6d-b2d5-43eb-9f24-a23f7a88ec07
TRUE,B0DPJK1CQT,B086Z6PB5N,outdoor edison bulbs,1,kw,21,1,845.81,0,52.31,-0.6,99,1,845.81,1488.44,0,-1.59,19,1,845.81,261.78,0.16,-1.53,1,23,0,0,0,-2.59,0,2.1,107,9f440b6d-b2d5-43eb-9f24-a23f7a88ec07
FALSE,B0DPJK1CQT,B086Z6PB5N,outdoor light bulbs for house exterior,2,kw,23,1,665.61,0,29.82,-2.62,85,1,665.61,1229.86,0,-2.88,21,1,665.61,290.88,0.12,-2.86,1,23,0,0,0,-3.88,0,2.2,107,9f440b6d-b2d5-43eb-9f24-a23f7a88ec07
TRUE,B0DPJK1CQT,B086Z6RFDY,dusk dawn light bulb,1,kw,12,1,455.76,0,27.16,-0.58,99,2.73,120.15,1484.28,0,-1.82,10,1,455.76,130.85,0.16,-1.54,1,17,0,0,0,-2.57,0,1.1,107,9f440b6d-b2d5-43eb-9f24-a23f7a88ec07
FALSE,B0DPJK1CQT,B086Z6RFDY,light sensing outdoor bulb,2,kw,35,1,448.12,0,20.1,-1.43,63,25.17,3.53,903.35,0,-2.57,28,1,448.12,392.7,0,-1.59,1,40,0,0,0,-2.59,0,1.2,107,9f440b6d-b2d5-43eb-9f24-a23f7a88ec07
FALSE,B0DPJK1CQT,B086Z6RFDY,porch lights that don't attract bugs,3,sr_rc,97,86.42,0.45,0,0,-1.98,43,119.48,0.05,611.19,0,-1.99,97,75.93,0.66,1428.59,0,-1.99,1,126,0,0,0,-1.99,0,1.1,107,9f440b6d-b2d5-43eb-9f24-a23f7a88ec07
FALSE,B0DPJK1CQT,B086Z6RFDY,edison bulbs outdoor,4,sr_rc,25,1,248.77,0,14.67,0,99,4.86,30.94,1484.28,0,-1.8,22,1,248.77,305.39,0,-0.99,1,27,0,0,0,-1.99,0,1.2,107,9f440b6d-b2d5-43eb-9f24-a23f7a88ec07
TRUE,B0BS1R5896,B086Z6TY4K,6000k led light bulbs,1,kw,12,1,982.55,0,36.44,-0.62,57,5.06,60.97,3387.31,0,-2.38,12,1,982.55,661.41,0,-1.6,1,8,0,0,0,-2.6,0,2.1,107,9f440b6d-b2d5-43eb-9f24-a23f7a88ec07
FALSE,B0DLXXRTSL,B086Z6X79W,edison bulbs 60 watt led,1,kw,36,1,12821.85,0,259.83,-1.42,23,25.93,51.34,169.63,0,-2.52,28,1,12821.85,208.29,1.39,-1.65,1,32,0,0,0,-2.68,0,1.1,107,9f440b6d-b2d5-43eb-9f24-a23f7a88ec07
TRUE,B0DLXXRTSL,B086Z6X79W,4000k light bulbs,2,kw,19,1,1301.88,0,37.82,0,74,1,1301.88,570.33,0,-0.99,16,1,1301.88,115.58,0.33,-0.95,1,17,0,0,0,-1.99,0,1.2,107,9f440b6d-b2d5-43eb-9f24-a23f7a88ec07
FALSE,B0DLXXRTSL,B086Z6X79W,bathroom bulbs for lights over mirror,3,sr_rc,37,1,593.35,0,12.84,0,99,9.71,21.09,883.18,0,-1.93,34,1,593.35,254.77,0,-0.98,1,20,0,0,0,-1.98,0,1.1,107,9f440b6d-b2d5-43eb-9f24-a23f7a88ec07
TRUE,B0BZ6Q4W3K,B086Z71QPR,6000k led light bulbs,1,kw,24,1,662.53,0,32.32,-0.89,66,27.05,1.32,3637.1,0,-1.98,23,1,662.53,1224.27,0,-0.99,1,30,0,0,0,-1.99,0,2.1,107,9f440b6d-b2d5-43eb-9f24-a23f7a88ec07
TRUE,B0DLXY6SW7,B086Z74VF5,g25 led light bulbs,1,kw,11,1,1345.53,0,61.93,-0.62,87,6.83,57.57,591.38,0,-2.36,10,1,1345.53,60.7,0.88,-1.57,1,11,0,0,0,-2.61,0,1.1,107,9f440b6d-b2d5-43eb-9f24-a23f7a88ec07
TRUE,B0DLXY6SW7,B086Z74VF5,g25 light bulbs,1,kw,13,1,414.42,0,19.18,0,63,11.15,5.23,420.55,0,-1.97,12,1,414.42,74.2,0.17,-0.95,1,14,0,0,0,-1.99,0,1.1,107,9f440b6d-b2d5-43eb-9f24-a23f7a88ec07
TRUE,B0DLXY6SW7,B086Z74VF5,g25 globe light bulbs 60 watt,2,kw,7,1,973.07,0,46.09,0,97,4.41,96,687.43,0,-1.57,7,1,973.07,40.46,1.02,-0.95,1,9,0,0,0,-1.99,0,1.2,107,9f440b6d-b2d5-43eb-9f24-a23f7a88ec07
TRUE,B0884HK3GW,B086Z78C4N,light bulbs for recessed lighting,1,kw,24,1,475.94,0,29.79,-1.44,100,1.38,314.82,686.07,0,-1.59,21,1,475.94,116.28,0.31,-1.52,1,22,0,0,0,-2.58,0,2.1,107,9f440b6d-b2d5-43eb-9f24-a23f7a88ec07
TRUE,B09K4PWBPN,B086Z826QC,spotlight bulb,1,kw,8,1,536.33,0,35.82,-0.62,93,8.77,9.23,2983.52,0,-2.55,8,1,536.33,220.89,0.18,-1.57,1,11,0,0,0,-2.6,0,1.1,107,9f440b6d-b2d5-43eb-9f24-a23f7a88ec07
TRUE,B09K4PWBPN,B086Z826QC,outdoor spotlight bulb,1,kw,4,1,608.64,0,33.58,-0.73,46,1,608.64,1423.38,0,-0.99,4,1,608.64,94.65,0.32,-0.97,1,4,0,0,0,-1.99,0,1.1,107,9f440b6d-b2d5-43eb-9f24-a23f7a88ec07
TRUE,B09K4PWBPN,B086Z826QC,led spotlight bulb,1,kw,15,1,477.22,0,29.72,-0.65,7,12.81,0.37,189.33,0,-2.64,15,1,477.22,441.91,0,-1.63,1,13,0,0,0,-2.63,0,1.1,107,9f440b6d-b2d5-43eb-9f24-a23f7a88ec07
TRUE,B09K4PWBPN,B086Z826QC,spotlight bulbs outdoor,1,kw,4,1,379.53,0,26.53,0,91,1,379.53,2903.9,0,-0.99,4,1,379.53,94.65,0.19,-0.96,1,4,0,0,0,-1.99,0,1.1,107,9f440b6d-b2d5-43eb-9f24-a23f7a88ec07
TRUE,B0DZL4JVHW,B086Z8C7PY,disk lights,1,kw,14,1,810.14,0,17.54,-0.83,98,3.06,181.98,472.23,0,-1.54,13,1,810.14,56.53,0.3,-0.96,1,17,0,0,0,-1.99,0,2.1,107,9f440b6d-b2d5-43eb-9f24-a23f7a88ec07
FALSE,B0BZ2QWJ4W,B087MZ6BGF,recessed light fixtures,1,kw,44,1,8273.74,0,153.85,-1.89,82,15.26,171.89,953.43,0,-2.4,35,1,8273.74,398.65,0.43,-1.96,1,33,0,0,0,-2.98,0,1.1,107,9f440b6d-b2d5-43eb-9f24-a23f7a88ec07
FALSE,B0D47YZT4J,B088W9DCSG,flush mount light,1,kw,47,1,10011.8,0,28.29,0,41,28.28,44.29,291.66,0,-1.96,39,1,10011.8,277.04,0.11,-0.88,1,37,0,0,0,-1.97,0,2.1,107,9f440b6d-b2d5-43eb-9f24-a23f7a88ec07
TRUE,B0D47YZT4J,B088W9DCSG,led disk lights 6 inch,2,kw,9,1,2420.01,0,12.25,-0.73,48,1,2420.01,342.83,0,-0.99,8,1,2420.01,50.98,0.17,-0.97,1,9,0,0,0,-1.99,0,2.2,107,9f440b6d-b2d5-43eb-9f24-a23f7a88ec07
TRUE,B0D47YZT4J,B088W9DCSG,led disk light,2,kw,4,1,1860.4,0,8.83,-0.95,32,1.01,1829.61,225.94,0,-1.07,3,1.13,1507.43,14.56,0.49,-1.2,1,3,0,0,0,-1.99,0,2.2,107,9f440b6d-b2d5-43eb-9f24-a23f7a88ec07
FALSE,B0D47YZT4J,B088W9DCSG,disc lights ceiling,3,sr_rc,9,1,2039.83,0,9.62,-0.83,31,1.02,1984.01,218.64,0,-0.99,9,1,2039.83,58.27,0.16,-0.97,1,6,0,0,0,-1.99,0,2.1,107,9f440b6d-b2d5-43eb-9f24-a23f7a88ec07
TRUE,B0D47YZT4J,B088WCJ8ZL,led disc light,1,kw,17,1,2062.56,0,10.62,-0.73,95,4.09,274.56,699.78,0,-1.85,16,1,2062.56,109.28,0.17,-0.97,1,12,0,0,0,-1.99,0,1.1,107,9f440b6d-b2d5-43eb-9f24-a23f7a88ec07
TRUE,B0C6N8SHKT,B089QWRKZD,dusk to dawn light bulbs outdoor,1,kw,24,1,2249.61,0,85.81,-0.89,17,16.22,8.67,263.25,0,-1.95,20,1,2249.61,312.64,0.29,-0.97,1,18,0,0,0,-1.99,0,2.1,107,9f440b6d-b2d5-43eb-9f24-a23f7a88ec07
TRUE,B0C6N8SHKT,B089QX5YKW,dawn to dusk light bulbs,1,kw,20,1,1281.54,0,46.52,-0.73,16,16.3,4.69,246.8,0,-1.97,18,1,1281.54,279.73,0.16,-0.97,1,18,0,0,0,-1.98,0,1.1,107,9f440b6d-b2d5-43eb-9f24-a23f7a88ec07
TRUE,B0C6N8SHKT,B089QX5YKW,photocell light bulb,2,kw,18,1,982.18,0,37,-0.73,90,5.84,82.11,1483.84,0,-1.66,15,1,982.18,230.34,0.16,-0.97,1,17,0,0,0,-1.99,0,1.2,107,9f440b6d-b2d5-43eb-9f24-a23f7a88ec07
FALSE,B0C6N8SHKT,B089QX5YKW,outdoor candelabra bulbs,3,sr_rc,6,1,258.51,0,11.71,-0.8,38,1.01,255.06,609.31,0,-1.79,6,1,258.51,82.25,0.18,-1.71,1,8,0,0,0,-2.78,0,1.1,107,9f440b6d-b2d5-43eb-9f24-a23f7a88ec07
FALSE,B09Y9K6Q63,B089QX6LTV,dusk to dawn light bulbs,1,kw,31,1,12062.89,0,254.33,-0.89,91,6.01,1063.53,543.32,0,-0.99,22,1,12062.89,124.07,2.23,-0.93,1,23,0,0,0,-1.98,0,2.1,107,9f440b6d-b2d5-43eb-9f24-a23f7a88ec07
FALSE,B09Y9K6Q63,B089QX6LTV,dusk to dawn light bulb,1,kw,56,1,1558.83,0,20.3,-0.89,75,15.02,30.96,440.45,0,-1.89,38,1,1558.83,218.82,0.1,-0.97,1,30,0,0,0,-1.98,0,2.1,107,9f440b6d-b2d5-43eb-9f24-a23f7a88ec07
FALSE,B0DMBM69WQ,B08BPL58VM,emergency exit sign,1,kw,29,1,9902.45,0,81.04,0,86,8.87,436.33,87.61,0,-1.55,21,1,9902.45,20.15,4.11,-0.82,1,21,0,0,0,-1.99,0,1.1,107,9f440b6d-b2d5-43eb-9f24-a23f7a88ec07
TRUE,B0DMBM69WQ,B08BPL58VM,exit lights with emergency backup lighting,2,kw,24,1,4152.48,0,30.77,-0.73,5,24.32,2.65,4.03,0,-1.99,21,1,4152.48,20.15,1.42,-0.97,1,25,0,0,0,-1.99,0,1.2,107,9f440b6d-b2d5-43eb-9f24-a23f7a88ec07
FALSE,B0C2W35JWQ,B08FCJNWKM,recessed lighting 6 inch,1,kw,27,1,13911,0,376.3,-0.89,12,20,81.52,87.5,0,-1.6,20,1,13911,151.17,2.66,-0.97,1,25,0,0,0,-1.99,0,2.1,107,9f440b6d-b2d5-43eb-9f24-a23f7a88ec07
FALSE,B0C2W35JWQ,B08FCJNWKM,canless recessed lighting 6 in,2,kw,37,1,2797.48,0,92.39,-0.83,3,27.14,3.65,15.9,0,-1.96,31,1,2797.48,238.8,0.39,-0.97,1,29,0,0,0,-1.98,0,2.2,107,9f440b6d-b2d5-43eb-9f24-a23f7a88ec07
TRUE,B0C2W35JWQ,B08FCJNWKM,canless recessed lighting,2,kw,8,1,189.77,0,9.3,-0.1,56,1.01,187.2,438.55,0,-1.08,7,1,189.77,47.72,0.17,-1.03,1,7,0,0,0,-1.96,0,2.2,107,9f440b6d-b2d5-43eb-9f24-a23f7a88ec07
FALSE,B0C2W35JWQ,B08FCJNWKM,wafer lights 6 inch,3,sr_rc,27,1,1745.42,0,68.07,-1.47,9,27.09,4.44,63.63,0,-2.71,21,1,1745.42,159.13,0.45,-1.7,1,31,0,0,0,-2.72,0,2.1,107,9f440b6d-b2d5-43eb-9f24-a23f7a88ec07
FALSE,B0DK2C6JKC,B08FPP5Y24,edison bulbs 60 watt led,1,kw,71,7.04,1039.95,0,10.11,-0.89,100,7.26,997.2,651.72,0,-0.99,50,1,12899.51,301.33,0.64,-0.97,1,52,0,0,0,-1.98,0,1.1,107,9f440b6d-b2d5-43eb-9f24-a23f7a88ec07
FALSE,B0DSQQTJNP,B08GL55FWH,led high bay lights,1,kw,55,1,11539.02,0,12.83,-0.83,35,46.15,23.99,34.24,0,-1.98,35,1,11539.02,34.24,0.49,-0.97,1,58,0,0,0,-1.99,0,2.1,107,9f440b6d-b2d5-43eb-9f24-a23f7a88ec07
FALSE,B0DSQQTJNP,B08GL55FWH,high bay led lights,1,kw,76,3.87,910.2,0,0.55,-1.67,36,56.15,7.04,35.25,0,-1.99,49,1,5055.77,48.41,0.16,-0.97,1,68,0,0,0,-1.99,0,2.1,107,9f440b6d-b2d5-43eb-9f24-a23f7a88ec07
FALSE,B0D54KGW41,B08JZK24PN,grow lights for greenhouse,1,kw,10,71.69,1.13,0,0,-1.96,100,41.48,7.29,118.68,0,-1.97,100,15.08,38.93,118.68,0,-1.91,1,84,0,0,0,-1.98,0,1.1,107,9f440b6d-b2d5-43eb-9f24-a23f7a88ec07
FALSE,B0DKB1QP7Z,B08L5LY34P,recess lights,1,kw,22,1,4084.62,0,30.51,-2.43,87,6.96,293.5,1425.89,0,-3.24,20,1,4084.62,313.7,0.13,-2.51,1,25,0,0,0,-3.53,0,2.1,107,9f440b6d-b2d5-43eb-9f24-a23f7a88ec07
TRUE,B0DKB1QP7Z,B08L5LY34P,led recessed lighting 4 inch,2,kw,17,1,2824.42,0,24.3,-0.83,78,1,2824.42,1274.36,0,-0.99,15,1,2824.42,231.14,0.15,-0.96,1,17,0,0,0,-1.99,0,2.2,107,9f440b6d-b2d5-43eb-9f24-a23f7a88ec07
FALSE,B0C671BXVD,B08LP5LFZN,decorative light bulb,1,kw,31,1,2266.72,0,79.64,0,100,1.54,1307.63,1182.48,0,-0.97,28,1,2266.72,296.11,0.28,-0.75,1,30,0,0,0,-1.96,0,1.1,107,9f440b6d-b2d5-43eb-9f24-a23f7a88ec07
FALSE,B0C671BXVD,B08LP5LFZN,decorative light bulbs,1,kw,65,1,1417.52,0,25.88,0,98,31.99,10.38,1102.7,0,-1.93,53,1,1417.52,571.02,0.09,-0.75,1,61,0,0,0,-1.96,0,1.1,107,9f440b6d-b2d5-43eb-9f24-a23f7a88ec07
FALSE,B0C671BXVD,B08LP5LFZN,decorative led light bulbs,1,kw,43,119.22,0.26,0,0,-1.94,97,135.21,0.15,1082.98,0,-1.98,96,61.57,1.25,1066.42,0,-1.96,1,167,0,0,0,-1.97,0,1.1,107,9f440b6d-b2d5-43eb-9f24-a23f7a88ec07
TRUE,B0C671BXVD,B08LP5LFZN,g25 led light bulbs,2,kw,21,1,1437.97,0,54.73,-0.83,78,12.62,22.27,848.56,0,-1.9,17,1,1437.97,175.42,0.33,-0.97,1,18,0,0,0,-1.99,0,1.2,107,9f440b6d-b2d5-43eb-9f24-a23f7a88ec07
FALSE,B0C671BXVD,B08LP5LFZN,g25 light bulbs,2,kw,28,1,440.12,0,15.08,-0.73,53,19.61,1.97,571.02,0,-1.98,26,1,440.12,274.16,0,-0.98,1,23,0,0,0,-1.98,0,1.2,107,9f440b6d-b2d5-43eb-9f24-a23f7a88ec07
FALSE,B0C671BXVD,B08LP5LFZN,led vanity light bulbs,3,sr_rc,50,1,906.92,0,22.08,-0.89,100,12.31,29.38,1182.48,0,-1.87,43,1,906.92,460.92,0,-0.98,1,36,0,0,0,-1.99,0,1.1,107,9f440b6d-b2d5-43eb-9f24-a23f7a88ec07
FALSE,B0C671BXVD,B08LP5LFZN,light bulbs for bathroom above mirror,4,sr_rc,100,9.57,28.53,0,0.01,-1.8,100,49.15,1.52,1182.48,0,-1.97,89,1,519.57,975.02,0,-0.97,1,72,0,0,0,-1.98,0,1.2,107,9f440b6d-b2d5-43eb-9f24-a23f7a88ec07
FALSE,B0C671BXVD,B08LP5LFZN,led globe light bulbs,5,sr_rc,12,1,743.17,0,27.54,-1.44,66,1,743.17,714.68,0,-1.7,11,1,743.17,109.62,0.3,-1.68,1,15,0,0,0,-2.7,0,1.1,107,9f440b6d-b2d5-43eb-9f24-a23f7a88ec07
FALSE,B0C671BXVD,B08LP5LFZN,globe led light bulbs,5,sr_rc,16,1,344.69,0,12.75,-1.48,100,1.99,141.02,1182.48,0,-2.15,15,1,344.69,153.48,0.15,-1.72,1,20,0,0,0,-2.73,0,1.1,107,9f440b6d-b2d5-43eb-9f24-a23f7a88ec07
FALSE,B0C671BXVD,B08LP5LFZN,globe light bulbs for bathroom,6,sr_rc,46,1,1166.61,0,26.19,-0.83,82,18.89,15.6,893.81,0,-1.93,36,1,1166.61,383.97,0.11,-0.97,1,34,0,0,0,-1.98,0,1.2,107,9f440b6d-b2d5-43eb-9f24-a23f7a88ec07
FALSE,B0C671BXVD,B08LP5LFZN,bathroom vanity light bulbs,7,sr_rc,36,1,1237.4,0,35.56,-0.73,100,3,296.58,1182.48,0,-0.99,30,1.02,1206.6,318.07,0.13,-0.96,1,25,0,0,0,-1.99,0,1.1,107,9f440b6d-b2d5-43eb-9f24-a23f7a88ec07
FALSE,B0C671BXVD,B08LP7CGRK,vanity mirror light bulbs,1,kw,42,1,589.29,0,16.25,-1.4,96,16.42,8.39,1065.49,0,-2.51,36,1,589.29,383.93,0,-1.54,1,27,0,0,0,-2.55,0,2.1,107,9f440b6d-b2d5-43eb-9f24-a23f7a88ec07
FALSE,B0C671BXVD,B08LP7CGRK,light bulbs for vanity mirror,1,kw,96,1,373.2,0,0.8,-0.89,96,43.79,0.77,1065.49,0,-1.98,75,1,373.2,814.7,0,-0.97,1,54,0,0,0,-1.97,0,2.1,107,9f440b6d-b2d5-43eb-9f24-a23f7a88ec07
FALSE,B0C671BXVD,B08LQ6WZ3M,gu24 led bulb,1,kw,36,145.89,2.68,0,0.09,-3.41,30,173.6,0.11,318.12,0,-3.49,38,142.95,3.02,406.02,0,-3.48,1,175,0,0,0,-3.49,0,1.1,107,9f440b6d-b2d5-43eb-9f24-a23f7a88ec07
TRUE,B0DLBWNF4J,B08LQX6GN3,recessed lighting 4 inch,1,kw,21,1,3931.63,0,49.41,-1.72,52,12.63,79.44,287.44,0,-2.66,19,1,3931.63,101.22,0.44,-1.78,1,21,0,0,0,-2.82,0,2.1,107,9f440b6d-b2d5-43eb-9f24-a23f7a88ec07
TRUE,B0DLBWNF4J,B08LQX6GN3,recessed lights 4 inch,1,kw,10,1,960.71,0,14.87,-1.6,73,1,960.71,407.36,0,-1.7,9,1,960.71,44.97,0.27,-1.66,1,11,0,0,0,-2.7,0,2.1,107,9f440b6d-b2d5-43eb-9f24-a23f7a88ec07
FALSE,B0DLBWNF4J,B08LQX6GN3,canless recessed lighting 4 inch,1,kw,39,1,963.29,0,10.79,-0.89,35,27.52,3.59,191.35,0,-1.98,32,1,963.29,174.43,0.11,-0.95,1,34,0,0,0,-1.99,0,2.1,107,9f440b6d-b2d5-43eb-9f24-a23f7a88ec07
TRUE,B0DJVW3XQ8,B08LQXR6WK,recessed lighting 6 inch,1,kw,24,1,69173.75,0,542.92,-0.98,29,16.1,521.73,223.82,0,-2.47,21,1,69173.75,159.81,3.19,-1.94,1,20,0,0,0,-2.97,0,1.1,107,9f440b6d-b2d5-43eb-9f24-a23f7a88ec07
FALSE,B0DJVW3XQ8,B08LQXR6WK,6 inch led recessed light,1,kw,31,1,53842.73,0,417.63,-1.71,38,14.03,641.77,295.91,0,-2.36,27,1,53842.73,207.81,2.04,-1.95,1,19,0,0,0,-2.97,0,1.1,107,9f440b6d-b2d5-43eb-9f24-a23f7a88ec07
FALSE,B0DJVW3XQ8,B08LQXR6WK,6 inch recessed lights,1,kw,27,1,15930.85,0,147.06,-1.71,32,16.69,120.55,247.84,0,-2.85,23,1,15930.85,175.81,0.87,-1.91,1,21,0,0,0,-2.97,0,1.1,107,9f440b6d-b2d5-43eb-9f24-a23f7a88ec07
FALSE,B0DJVW3XQ8,B08LQXR6WK,led recessed lighting 6 inch,1,kw,38,1,14374.16,0,105.97,-1.81,34,20.79,67.87,263.86,0,-2.91,33,1,14374.16,255.85,0.43,-1.93,1,25,0,0,0,-2.97,0,1.1,107,9f440b6d-b2d5-43eb-9f24-a23f7a88ec07
TRUE,B0DJVW3XQ8,B08LQXR6WK,6inch recessed led lights,1,kw,19,1,5577.05,0,61.98,-0.98,97,5.15,513.74,798.32,0,-2.48,17,1,5577.05,127.83,0.38,-1.91,1,13,0,0,0,-2.97,0,1.1,107,9f440b6d-b2d5-43eb-9f24-a23f7a88ec07
FALSE,B0DJVW3XQ8,B08LQXR6WK,6 inch recessed lighting led,1,kw,33,1,7859.99,0,60.57,-1.87,32,17.95,48.79,247.84,0,-2.92,30,1,7859.99,231.82,0.29,-1.94,1,22,0,0,0,-2.97,0,1.1,107,9f440b6d-b2d5-43eb-9f24-a23f7a88ec07
TRUE,B0DJVW3XQ8,B08LQXR6WK,6 inch can lights,1,kw,21,1,3205.87,0,31.89,-0.78,32,21.96,13.06,247.84,0,-2.76,18,1,3205.87,135.82,0.18,-1.74,1,26,0,0,0,-2.77,0,1.1,107,9f440b6d-b2d5-43eb-9f24-a23f7a88ec07
FALSE,B0DJVW3XQ8,B08LQXR6WK,6 inch led recessed lighting,1,kw,32,1,3153.29,0,27.05,-1.87,50,12.74,47.23,392.24,0,-2.93,28,1,3153.29,215.81,0.16,-1.93,1,18,0,0,0,-2.97,0,1.1,107,9f440b6d-b2d5-43eb-9f24-a23f7a88ec07
FALSE,B0DJVW3XQ8,B08LQXR6WK,recessed lights 6 inch,1,kw,27,1,2965.34,0,25.85,-1.81,32,17.92,18.58,247.84,0,-2.95,23,1,2965.34,175.81,0.17,-1.94,1,22,0,0,0,-2.97,0,1.1,107,9f440b6d-b2d5-43eb-9f24-a23f7a88ec07
FALSE,B0DJVW3XQ8,B08LQXR6WK,canless led recessed light 6 inch,1,kw,30,1,2351.21,0,21.08,0,29,20.22,10.78,223.82,0,-1.98,25,1,2351.21,191.81,0.16,-0.93,1,24,0,0,0,-1.99,0,1.1,107,9f440b6d-b2d5-43eb-9f24-a23f7a88ec07
TRUE,B0DJVW3XQ8,B08LQXR6WK,6 inch recessed led light,1,kw,23,1,1808.63,0,20.1,-0.98,98,5.02,174.5,815.31,0,-2.8,20,1,1808.63,151.81,0.19,-1.93,1,13,0,0,0,-2.97,0,1.1,107,9f440b6d-b2d5-43eb-9f24-a23f7a88ec07
FALSE,B0DJVW3XQ8,B08LQXR6WK,led 6 inch recessed lighting,1,kw,33,1,2075.09,0,18.44,-1.81,34,17.35,15.37,263.86,0,-2.95,29,1,2075.09,223.82,0.17,-1.93,1,22,0,0,0,-2.97,0,1.1,107,9f440b6d-b2d5-43eb-9f24-a23f7a88ec07
FALSE,B0DJVW3XQ8,B08LQXR6WK,recess lights 6 inch led dimmable,1,kw,33,1,1855.72,0,15.12,-0.98,32,23.1,6.6,247.84,0,-2.96,29,1,1855.72,223.82,0,-1.97,1,27,0,0,0,-2.97,0,1.1,107,9f440b6d-b2d5-43eb-9f24-a23f7a88ec07
FALSE,B0DJVW3XQ8,B08LQXR6WK,6 inch led lights recessed,1,kw,36,1,1626.87,0,11.46,-1.87,32,16.98,11.26,247.84,0,-2.96,31,1,1626.87,239.83,0,-1.97,1,21,0,0,0,-2.97,0,1.1,107,9f440b6d-b2d5-43eb-9f24-a23f7a88ec07
FALSE,B0DJVW3XQ8,B08LQXR6WK,ceiling lights,2,kw,31,1,31931.7,0,282.01,-0.78,91,24.9,268.89,731.91,0,-2.51,28,1,31931.7,215.81,1.25,-1.53,1,41,0,0,0,-2.77,0,1.2,107,9f440b6d-b2d5-43eb-9f24-a23f7a88ec07
FALSE,B0DJVW3XQ8,B08LQXR6WK,led ceiling light,2,kw,30,1,21878.91,0,179.67,-1.73,96,6.52,1699.35,784.58,0,-2.72,26,1,21878.91,199.81,0.86,-2.64,1,23,0,0,0,-3.72,0,1.2,107,9f440b6d-b2d5-43eb-9f24-a23f7a88ec07
FALSE,B0DJVW3XQ8,B08LQXR6WK,ceiling led lights,2,kw,32,1,11955.67,0,110.51,-0.71,86,13,318.59,687.17,0,-2.4,28,1,11955.67,215.81,0.49,-1.59,1,30,0,0,0,-2.7,0,1.2,107,9f440b6d-b2d5-43eb-9f24-a23f7a88ec07
FALSE,B0DJVW3XQ8,B08LQXR6WK,led ceiling lights,2,kw,48,1,4759.39,0,28.26,-1.83,80,29.55,28.49,636.3,0,-3.79,40,1,4759.39,311.95,0.11,-2.76,1,45,0,0,0,-3.82,0,1.2,107,9f440b6d-b2d5-43eb-9f24-a23f7a88ec07
FALSE,B0DJVW3XQ8,B08LQXR6WK,recessed ceiling lights,2,kw,28,1,2042.05,0,19.14,-0.78,6,23.45,4.87,39.93,0,-2.77,22,1,2042.05,167.81,0.18,-1.71,1,26,0,0,0,-2.77,0,1.2,107,9f440b6d-b2d5-43eb-9f24-a23f7a88ec07
FALSE,B0DJVW3XQ8,B08LQXR6WK,led lights for ceiling,2,kw,43,1,1011.42,0,6.63,-1.71,86,23.07,10.36,687.17,0,-3.65,38,1,1011.42,295.91,0,-2.7,1,41,0,0,0,-3.66,0,1.2,107,9f440b6d-b2d5-43eb-9f24-a23f7a88ec07
FALSE,B0DJVW3XQ8,B08LQXR6WK,ceiling led light,2,kw,61,1,816.08,0,4.29,-0.89,80,34.65,3.6,636.3,0,-2.65,49,1,816.08,384.2,0,-1.86,1,50,0,0,0,-2.65,0,1.2,107,9f440b6d-b2d5-43eb-9f24-a23f7a88ec07
FALSE,B0DJVW3XQ8,B08LQXR6WK,wafer lights 6 inch,3,sr_rc,13,1,8574.84,0,106.29,-0.9,75,9.27,270.62,594.9,0,-2.63,12,1,8574.84,87.87,1.06,-1.85,1,16,0,0,0,-2.89,0,1.1,107,9f440b6d-b2d5-43eb-9f24-a23f7a88ec07
FALSE,B0DJVW3XQ8,B08LQXR6WK,wafer lights,3,sr_rc,17,1,6581.1,0,71.33,-0.8,32,17.36,40.22,247.84,0,-2.75,15,1,6581.1,111.84,0.56,-1.73,1,21,0,0,0,-2.79,0,1.1,107,9f440b6d-b2d5-43eb-9f24-a23f7a88ec07
FALSE,B0DJVW3XQ8,B08LQXR6WK,led recessed light,4,sr_rc,38,1,522.09,0,4.07,-2.19,38,23.2,2.18,295.91,0,-2.85,33,1,522.09,255.85,0,-2.35,1,28,0,0,0,-2.85,0,1.2,107,9f440b6d-b2d5-43eb-9f24-a23f7a88ec07
FALSE,B0DJVW3XQ8,B08LQXR6WK,led recessed lights,4,sr_rc,30,1,3443.87,0,31.04,-1.68,38,18.35,22.76,295.91,0,-2.92,27,1,3443.87,207.81,0.17,-1.9,1,23,0,0,0,-2.94,0,1.2,107,9f440b6d-b2d5-43eb-9f24-a23f7a88ec07
FALSE,B0DJVW3XQ8,B08LQXR6WK,recess lights,4,sr_rc,34,1,4313.8,0,33.26,-2.8,30,30.08,8.8,231.82,0,-3.95,30,1,4313.8,231.82,0.15,-2.93,1,34,0,0,0,-3.96,0,1.2,107,9f440b6d-b2d5-43eb-9f24-a23f7a88ec07
FALSE,B0DJVW3XQ8,B08LQXR6WK,6 recessed lighting led,4,sr_rc,41,1,9242.03,0,55.09,-1.86,32,17.75,60.98,247.84,0,-2.9,35,1,9242.03,271.87,0.24,-1.94,1,22,0,0,0,-2.96,0,1.2,107,9f440b6d-b2d5-43eb-9f24-a23f7a88ec07
FALSE,B0DJVW3XQ8,B08LQXR6WK,recessed led lights,4,sr_rc,27,1,1392.19,0,12.97,-1.65,38,17.07,11.14,295.91,0,-2.9,23,1.02,1357.42,175.81,0,-1.91,1,22,0,0,0,-2.91,0,1.2,107,9f440b6d-b2d5-43eb-9f24-a23f7a88ec07
FALSE,B0DJVW3XQ8,B08LQXR6WK,recessed lights,4,sr_rc,33,1,13215.05,0,100.65,-1.8,21,29.99,21.49,159.81,0,-2.94,29,1,13215.05,223.82,0.43,-1.92,1,33,0,0,0,-2.96,0,1.2,107,9f440b6d-b2d5-43eb-9f24-a23f7a88ec07
FALSE,B0DJVW3XQ8,B08LQXR6WK,recessed light,4,sr_rc,15,1,5900.34,0,64.52,-0.94,100,3.07,1295.98,890.79,0,-1.93,13,1,5900.34,95.86,0.56,-1.89,1,15,0,0,0,-2.93,0,1.2,107,9f440b6d-b2d5-43eb-9f24-a23f7a88ec07
FALSE,B0DJVW3XQ8,B08LQXR6WK,6 inch led light,5,sr_rc,13,1,913.92,0,10.16,-1.11,50,1,913.92,392.24,0,-2.1,11,1,913.92,79.88,0.2,-2.04,1,7,0,0,0,-2.97,0,1.1,107,9f440b6d-b2d5-43eb-9f24-a23f7a88ec07
FALSE,B0DJVW3XQ8,B08LQXR6WK,luces led para cuartos para el techo,6,sr_rc,100,23.62,61.95,0,0.01,-2.63,87,87.44,2.38,695.86,0,-2.85,100,9.18,229.07,890.79,0,-2.63,1,101,0,0,0,-2.85,0,1.2,107,9f440b6d-b2d5-43eb-9f24-a23f7a88ec07
FALSE,B0DJVW3XQ8,B08LQXR6WK,canless recessed lighting 6 in,7,sr_rc,36,1,14001.47,0,106.78,-0.73,32,26.48,34.16,247.84,0,-1.96,32,1,14001.47,247.84,0.43,-0.96,1,30,0,0,0,-1.99,0,1.1,107,9f440b6d-b2d5-43eb-9f24-a23f7a88ec07
FALSE,B0DJVW3XQ8,B08LQXR6WK,canless recessed lighting,7,sr_rc,28,1,1019.95,0,10.16,-0.03,32,19.59,4.59,247.84,0,-1.99,25,1,1019.95,191.81,0,-1.02,1,23,0,0,0,-1.99,0,1.1,107,9f440b6d-b2d5-43eb-9f24-a23f7a88ec07
FALSE,B0BZ2QWJ4W,B08LQY533K,6 inch recessed lights,1,kw,30,1,4893.79,0,119.97,-1.54,82,13.17,127.17,953.43,0,-2.3,26,1,4893.79,293.06,0.42,-1.67,1,30,0,0,0,-2.69,0,2.1,107,9f440b6d-b2d5-43eb-9f24-a23f7a88ec07
FALSE,B0BZ2QWJ4W,B08LQY533K,led recessed lighting 6 inch,1,kw,26,1,4375.57,0,101.73,-1.72,86,8.04,245.45,1001.79,0,-2.05,24,1,4375.57,269.6,0.39,-1.79,1,24,0,0,0,-2.81,0,2.1,107,9f440b6d-b2d5-43eb-9f24-a23f7a88ec07
TRUE,B0BZ2QWJ4W,B08LQY533K,canless led recessed light 6 inch,1,kw,21,1,715.65,0,18.19,-0.83,85,7.13,48.17,989.64,0,-1.84,18,1,715.65,199.25,0.14,-0.96,1,23,0,0,0,-1.98,0,2.1,107,9f440b6d-b2d5-43eb-9f24-a23f7a88ec07
FALSE,B0BZ2QWJ4W,B08LQY533K,6 led recessed light,2,kw,38,1,5447.47,0,116.31,-1.81,64,17.52,81.47,739.66,0,-2.65,32,1,5447.47,363.44,0.39,-1.89,1,32,0,0,0,-2.91,0,2.2,107,9f440b6d-b2d5-43eb-9f24-a23f7a88ec07
FALSE,B0BZ2QWJ4W,B08LQY533K,wafer lights 6 inch,3,sr_rc,29,1.01,2625.25,0,65.31,-0.83,89,13.38,66.98,1038.64,0,-1.77,27,1,2658.58,304.79,0.28,-0.97,1,30,0,0,0,-1.98,0,2.1,107,9f440b6d-b2d5-43eb-9f24-a23f7a88ec07
FALSE,B0BZ2QWJ4W,B08LQY533K,wafer lights,3,sr_rc,37,1,2024.93,0,42.05,-1.35,72,18.14,28.85,834.24,0,-2.41,28,1,2024.93,316.52,0.13,-1.48,1,33,0,0,0,-2.5,0,2.1,107,9f440b6d-b2d5-43eb-9f24-a23f7a88ec07
FALSE,B0BZ2QWJ4W,B08LQY533K,7 inch recessed led light,4,sr_rc,69,1,449.15,0,4.55,-1.64,59,42.22,1.11,680.72,0,-3.63,52,1,449.15,598.34,0,-2.62,1,54,0,0,0,-3.63,0,2.2,107,9f440b6d-b2d5-43eb-9f24-a23f7a88ec07
FALSE,B0DLBWNF4J,B08LQZFFPF,6 inch led recessed light,1,kw,41,1,31146.02,0,339.12,-1.65,86,14.31,719.28,484.29,0,-1.81,31,1,31146.02,168.81,2.35,-1.75,1,32,0,0,0,-2.81,0,1.1,107,9f440b6d-b2d5-43eb-9f24-a23f7a88ec07
FALSE,B0DLBWNF4J,B08LQZFFPF,6inch recessed led lights,1,kw,37,1,3279.21,0,45.2,-1.65,84,16.03,61.55,472.11,0,-2.65,29,1,3279.21,157.54,0.32,-1.73,1,33,0,0,0,-2.75,0,1.1,107,9f440b6d-b2d5-43eb-9f24-a23f7a88ec07
FALSE,B0DLBWNF4J,B08LQZFFPF,recessed lights 6 inch,1,kw,28,1,1704.96,0,26.36,-1.6,91,10.84,62.27,516.18,0,-2.76,21,1,1704.96,112.48,0.17,-1.82,1,29,0,0,0,-2.86,0,1.1,107,9f440b6d-b2d5-43eb-9f24-a23f7a88ec07
FALSE,B0DLBWNF4J,B08LQZFFPF,6 inch recessed led light,1,kw,27,1,1055.68,0,17.1,-1.61,96,5.22,115.12,554.28,0,-2.58,22,1,1055.68,118.11,0.18,-1.75,1,23,0,0,0,-2.77,0,1.1,107,9f440b6d-b2d5-43eb-9f24-a23f7a88ec07
FALSE,B0DLBWNF4J,B08LQZFFPF,6 inch led lights recessed,1,kw,36,1,936.59,0,11.87,-2.59,86,12.05,28.22,484.29,0,-3.7,28,1,936.59,151.9,0.15,-2.72,1,29,0,0,0,-3.75,0,1.1,107,9f440b6d-b2d5-43eb-9f24-a23f7a88ec07
FALSE,B0DLBWNF4J,B08LQZFFPF,can lights,2,kw,60,1,35032.86,0,248.95,-1.83,100,7.45,2489.68,635.06,0,-1.99,40,1,35032.86,219.58,1.59,-1.96,1,37,0,0,0,-2.99,0,1.2,107,9f440b6d-b2d5-43eb-9f24-a23f7a88ec07
FALSE,B0DLBWNF4J,B08LQZFFPF,canless recessed lighting,3,sr_rc,38,1,587.61,0,7.94,-0.91,13,30.53,1.3,67.47,0,-1.99,30,1,587.61,163.17,0,-1.01,1,35,0,0,0,-1.99,0,1.1,107,9f440b6d-b2d5-43eb-9f24-a23f7a88ec07
FALSE,B0DLBWNF4J,B08LQZFFPF,wafer lights 6 inch,4,sr_rc,17,1,4951.46,0,94.4,-0.71,96,5.18,541.04,554.28,0,-1.8,15,1,4951.46,78.72,1.17,-1.64,1,22,0,0,0,-2.7,0,1.2,107,9f440b6d-b2d5-43eb-9f24-a23f7a88ec07
TRUE,B0BXPYC5X5,B08QRLJ9K1,ufo led high bay light,1,kw,11,1,17826.54,0,46.43,-0.73,9,17.84,5.55,36.48,0,-1.98,11,1,17826.54,45.6,1.02,-0.96,1,18,0,0,0,-1.98,0,2.1,107,9f440b6d-b2d5-43eb-9f24-a23f7a88ec07
FALSE,B0BXPYC5X5,B08QRLJ9K1,high bay led lights,1,kw,36,1,3570.09,0,7.03,-0.83,41,44.23,1.51,182.64,0,-1.98,35,1,3570.09,155.19,0.09,-0.97,1,46,0,0,0,-1.98,0,2.1,107,9f440b6d-b2d5-43eb-9f24-a23f7a88ec07
TRUE,B0BXPYC5X5,B08QRLJ9K1,led ufo high bay light,1,kw,15,1,2071.2,0,5.97,-1.03,9,24.85,0.28,36.48,0,-1.98,15,1,2071.2,63.85,0.13,-1.16,1,25,0,0,0,-1.97,0,2.1,107,9f440b6d-b2d5-43eb-9f24-a23f7a88ec07
FALSE,B0BXPYC5X5,B08QRLJ9K1,high bay led,1,kw,33,1,1620.82,0,4.15,-1.27,9,46.83,0.06,36.48,0,-1.99,32,1,1620.82,141.47,0,-1.36,1,47,0,0,0,-1.98,0,2.1,107,9f440b6d-b2d5-43eb-9f24-a23f7a88ec07
FALSE,B0DMPN99FX,B08S8NLT1R,recessed light fixtures,1,kw,37,1,11407.4,0,174.22,-2.37,24,28.33,24.98,476.89,0,-3.47,31,1,11407.4,622.14,0.34,-2.51,1,32,0,0,0,-3.53,0,1.1,107,9f440b6d-b2d5-43eb-9f24-a23f7a88ec07
TRUE,B0DMPN99FX,B08S8NLT1R,3 inch recessed led lights,2,kw,3,1,1260.83,0,35.2,-0.89,65,1,1260.83,1329.32,0,-0.99,3,1,1260.83,41.45,0.77,-0.95,1,3,0,0,0,-1.99,0,1.2,107,9f440b6d-b2d5-43eb-9f24-a23f7a88ec07
TRUE,B0DMPN99FX,B08S8NLT1R,3 recessed lighting led,2,kw,4,1,643.83,0,17.25,-0.83,44,1,643.83,892.09,0,-0.99,4,1,643.83,62.18,0.18,-0.97,1,3,0,0,0,-1.99,0,1.2,107,9f440b6d-b2d5-43eb-9f24-a23f7a88ec07
TRUE,B0DMPN99FX,B08S8NLT1R,3 inch led recessed light,2,kw,4,1,596.66,0,15.06,-0.89,22,1,596.66,435.41,0,-0.99,4,1,596.66,62.18,0.17,-0.95,1,3,0,0,0,-1.99,0,1.2,107,9f440b6d-b2d5-43eb-9f24-a23f7a88ec07
TRUE,B0DMPN99FX,B08S8NLT1R,3 led recessed light,2,kw,2,1.14,385.67,0,10.69,-0.93,16,1,521.66,310.97,0,-0.99,2,1.08,439.1,20.73,0.57,-0.93,1,2,0,0,0,-1.99,0,1.2,107,9f440b6d-b2d5-43eb-9f24-a23f7a88ec07
TRUE,B09K2SK1QX,B08WX4JGFW,led flood light bulbs indoor,1,kw,24,1,2591.91,0,129.78,-1.54,92,7.03,183.34,200.97,0,-1.79,21,1,2591.91,40.85,3.17,-1.76,1,25,0,0,0,-2.79,0,2.1,107,9f440b6d-b2d5-43eb-9f24-a23f7a88ec07
FALSE,B09K2SK1QX,B08WX4JGFW,40w led light bulbs,2,kw,80,122.29,2.84,0,0.04,-1.87,94,154.81,1.04,209.47,0,-1.97,90,93.78,5.6,193.93,0,-1.94,1,185,0,0,0,-1.97,0,2.2,107,9f440b6d-b2d5-43eb-9f24-a23f7a88ec07
FALSE,B09K2SK1QX,B08WX4JGFW,r20 led bulb,3,sr_rc,100,21.93,23.75,0,0.01,-3.41,20,85.1,0.07,38.8,0,-3.58,100,19.17,29.07,307.73,0,-3.41,1,86,0,0,0,-3.57,0,2.1,107,9f440b6d-b2d5-43eb-9f24-a23f7a88ec07
FALSE,B08X6F7MXZ,B08X6DMJ1V,2 prong light bulbs,1,kw,75,1,3823.4,0,57.41,-1.48,99,15.02,100.59,202.84,0,-2.24,56,1,3823.4,101.73,0.97,-1.7,1,49,0,0,0,-2.73,0,1.1,107,9f440b6d-b2d5-43eb-9f24-a23f7a88ec07
FALSE,B08X6F7MXZ,B08X6DMJ1V,two prong light bulb,1,kw,81,1,2020.33,0,22.98,-0.73,99,20.3,32.3,202.84,0,-1.82,62,1,2020.33,112.98,0.37,-0.95,1,51,0,0,0,-1.98,0,1.1,107,9f440b6d-b2d5-43eb-9f24-a23f7a88ec07
TRUE,B0C4W56W9B,B08X6KJP13,gu24 led bulb,1,kw,23,1,9492.23,0,212.39,-0.5,25,17.04,18.66,48.11,0,-2.44,22,1,9492.23,42.07,4.76,-1.32,1,18,0,0,0,-2.48,0,2.1,107,9f440b6d-b2d5-43eb-9f24-a23f7a88ec07
FALSE,B08X6F7MXZ,B08X73TWHJ,gu24 led bulb,1,kw,82,25.28,73.89,0,0.67,-2.02,91,58.93,9.7,168.36,0,-2.43,100,4.72,776.66,205.4,0,-1.45,1,77,0,0,0,-2.47,0,1.1,107,9f440b6d-b2d5-43eb-9f24-a23f7a88ec07
FALSE,B08X6F7MXZ,B08X73TWHJ,light bulbs with 2 prongs,2,kw,87,54.05,3.69,0,0.03,-1.93,100,74.94,1.62,205.4,0,-1.98,100,15.46,27,205.4,0,-1.84,1,112,0,0,0,-1.98,0,1.2,107,9f440b6d-b2d5-43eb-9f24-a23f7a88ec07
FALSE,B08XZX42YB,B08Y45MFG9,goof rings for 4 inch recessed lights,1,kw,1,1,0,0,0,-1.95,1,1,0,0,0,-1.98,1,1,0,0,0,-1.97,1,1,0,0,0,-1.97,0,2.1,107,9f440b6d-b2d5-43eb-9f24-a23f7a88ec07
TRUE,B0CK5554DG,B096GZLVH7,recessed light fixtures,1,kw,11,1,8236.01,0,244.66,-0.73,100,7.63,250.87,3316.46,0,-1.15,11,1,8236.01,316.12,0.75,-0.95,1,11,0,0,0,-1.99,0,1.1,107,9f440b6d-b2d5-43eb-9f24-a23f7a88ec07
TRUE,B0CK5554DG,B096GZLVH7,4 inch led recessed lights,2,kw,8,1,6599.92,0,160.68,-0.89,100,2.5,1791,3316.46,0,-0.99,8,1,6599.92,221.27,0.75,-0.98,1,9,0,0,0,-1.99,0,1.2,107,9f440b6d-b2d5-43eb-9f24-a23f7a88ec07
TRUE,B0CK5554DG,B096GZLVH7,4 led recessed light,2,kw,11,1,2361.38,0,65.06,-0.83,100,4.56,248.92,3316.46,0,-1.16,10,1,2361.38,284.5,0.28,-0.96,1,11,0,0,0,-1.99,0,1.2,107,9f440b6d-b2d5-43eb-9f24-a23f7a88ec07
TRUE,B0CK5554DG,B096GZLVH7,recessed lighting 4 inch,2,kw,7,1,2257.57,0,58.03,-0.83,100,2.53,601.27,3316.46,0,-0.99,7,1,2257.57,189.66,0.26,-0.97,1,9,0,0,0,-1.98,0,1.2,107,9f440b6d-b2d5-43eb-9f24-a23f7a88ec07
TRUE,B0CK5554DG,B096GZLVH7,4 recessed lighting led,2,kw,12,1,1763.13,0,50.94,-0.89,100,6.62,98.61,3316.46,0,-1.66,11,1,1763.13,316.12,0.15,-0.97,1,13,0,0,0,-1.99,0,1.2,107,9f440b6d-b2d5-43eb-9f24-a23f7a88ec07
TRUE,B0CK5554DG,B096GZLVH7,4 inch recessed lights,2,kw,10,1,1802.9,0,49.13,-0.89,100,3.4,330.87,3316.46,0,-0.99,9,1,1802.9,252.88,0.14,-0.97,1,13,0,0,0,-1.99,0,1.2,107,9f440b6d-b2d5-43eb-9f24-a23f7a88ec07
TRUE,B0CK5554DG,B096GZLVH7,4inch led recessed lighting,2,kw,8,1,1336.96,0,37.8,-0.89,100,2.52,358.3,3316.46,0,-0.98,7,1,1336.96,189.66,0.15,-0.97,1,9,0,0,0,-1.98,0,1.2,107,9f440b6d-b2d5-43eb-9f24-a23f7a88ec07
TRUE,B0CK5554DG,B096GZLVH7,4 inch recessed lighting led,2,kw,9,1.03,1043.27,0,25.79,-0.89,100,1.6,564.67,3316.46,0,-0.99,9,1,1085.82,252.88,0.13,-0.97,1,8,0,0,0,-1.98,0,1.2,107,9f440b6d-b2d5-43eb-9f24-a23f7a88ec07
TRUE,B0CK5554DG,B096GZLVH7,led recessed lighting 4 inch,2,kw,7,1.09,718.47,0,20.84,-0.89,100,1.58,427.65,3316.46,0,-0.99,7,1,807.56,189.66,0.15,-0.97,1,8,0,0,0,-1.98,0,1.2,107,9f440b6d-b2d5-43eb-9f24-a23f7a88ec07
TRUE,B0CK5554DG,B096GZLVH7,4 inch led recessed light,2,kw,8,1,631.8,0,17.35,-0.83,100,1.44,381.95,3316.46,0,-0.99,8,1,631.8,221.27,0.14,-0.97,1,8,0,0,0,-1.98,0,1.2,107,9f440b6d-b2d5-43eb-9f24-a23f7a88ec07
TRUE,B0CK5554DG,B096GZLVH7,recessed lights 4 inch,2,kw,7,1,567.72,0,15.84,-0.83,87,1,567.72,2735.29,0,-0.99,7,1,567.72,189.66,0.14,-0.97,1,9,0,0,0,-1.98,0,1.2,107,9f440b6d-b2d5-43eb-9f24-a23f7a88ec07
TRUE,B0CK5554DG,B096GZLVH7,can lights 4 inch,2,kw,8,1,414.63,0,11.78,-0.83,96,1,414.63,3051.23,0,-0.99,8,1,414.63,221.27,0,-0.99,1,7,0,0,0,-1.99,0,1.2,107,9f440b6d-b2d5-43eb-9f24-a23f7a88ec07
TRUE,B0CK5554DG,B096GZLVH7,4 inch led recessed lights retrofit,2,kw,2,1,376.8,0,11.22,-0.83,17,1.01,368.76,505.84,0,-0.98,2,1,376.8,31.61,0.3,-0.97,1,2,0,0,0,-1.98,0,1.2,107,9f440b6d-b2d5-43eb-9f24-a23f7a88ec07
TRUE,B0CK5554DG,B096GZLVH7,4 inch can lights,2,kw,9,1,415.3,0,10.78,-0.73,100,3.62,63.38,3316.46,0,-1.78,9,1,415.3,252.88,0,-0.99,1,10,0,0,0,-1.99,0,1.2,107,9f440b6d-b2d5-43eb-9f24-a23f7a88ec07
TRUE,B0CK5554DG,B096GZLVH7,retrofit led recessed lighting 4 inch,2,kw,2,1.15,246.89,0,7.69,-1.01,18,1,341.28,537.46,0,-0.99,2,1.09,281.14,31.61,0.31,-1.03,1,2,0,0,0,-1.98,0,1.2,107,9f440b6d-b2d5-43eb-9f24-a23f7a88ec07
FALSE,B0CK5554DG,B096GZLVH7,4 inch led recessed lights color changing,3,sr_rc,72,1,173.2,0,1.42,-2.25,100,44.74,0.23,3316.46,0,-2.98,63,1,173.2,1963.41,0,-2.39,1,51,0,0,0,-2.97,0,1.1,107,9f440b6d-b2d5-43eb-9f24-a23f7a88ec07
FALSE,B0CK5554DG,B096GZLVH7,can light,4,sr_rc,41,1,1104.71,0,17.31,-1.66,83,29.58,4.73,2604.34,0,-2.74,33,1,1104.71,1012.02,0,-1.75,1,39,0,0,0,-2.75,0,1.2,107,9f440b6d-b2d5-43eb-9f24-a23f7a88ec07
FALSE,B0CK5554DG,B096GZLVH7,recessed lighting trims,5,sr_rc,39,1,833.3,0,16.97,-1.89,100,20.56,6.19,3316.46,0,-2.97,36,1,833.3,1106.99,0,-1.99,1,28,0,0,0,-2.99,0,1.1,107,9f440b6d-b2d5-43eb-9f24-a23f7a88ec07
FALSE,B0CK5554DG,B096GZLVH7,recessed light conversion kit,6,sr_rc,34,1,1334.34,0,27.83,-0.73,100,13.53,31.19,3316.46,0,-1.89,29,1,1334.34,885.43,0,-0.98,1,28,0,0,0,-1.98,0,1.2,107,9f440b6d-b2d5-43eb-9f24-a23f7a88ec07
FALSE,B0CK5554DG,B096GZLVH7,4 recessed lighting led dimmable,7,sr_rc,12,1,687.51,0,15.43,-1.89,100,5.48,53.62,3316.46,0,-2.81,11,1,687.51,316.12,0,-1.99,1,12,0,0,0,-2.99,0,1.1,107,9f440b6d-b2d5-43eb-9f24-a23f7a88ec07
TRUE,B0D2YJQVN1,B096H1B97C,4 inch led recessed lights,1,kw,16,1,11547.83,0,208.64,0,100,8.14,429.32,3899.54,0,-1.15,16,1,11547.83,560.74,0.3,-0.98,1,14,0,0,0,-1.99,0,2.1,107,9f440b6d-b2d5-43eb-9f24-a23f7a88ec07
TRUE,B0D2YJQVN1,B096H1B97C,recessed lighting 4 inch,1,kw,9,1,3870.87,0,84.23,0,100,4.15,461.8,3899.54,0,-1.08,9,1,3870.87,299.03,0.17,-0.97,1,10,0,0,0,-1.99,0,2.1,107,9f440b6d-b2d5-43eb-9f24-a23f7a88ec07
TRUE,B0D2YJQVN1,B096H1B97C,4 led recessed light,1,kw,18,1,3988.21,0,77.93,-1.24,100,4.12,482.3,3899.54,0,-1.55,17,1,3988.21,598.13,0.17,-1.48,1,10,0,0,0,-2.5,0,2.1,107,9f440b6d-b2d5-43eb-9f24-a23f7a88ec07
TRUE,B0D2YJQVN1,B096H1B97C,4 recessed lighting led,1,kw,17,1,2948.6,0,61.41,-0.73,100,4.14,353.36,3899.54,0,-1.3,16,1,2948.6,560.74,0.18,-0.97,1,10,0,0,0,-1.99,0,2.1,107,9f440b6d-b2d5-43eb-9f24-a23f7a88ec07
TRUE,B0D2YJQVN1,B096H1B97C,4inch led recessed lighting,1,kw,15,1,2330.56,0,52.39,0,100,7.1,111.18,3899.54,0,-1.77,14,1,2330.56,485.96,0.18,-0.96,1,13,0,0,0,-1.98,0,2.1,107,9f440b6d-b2d5-43eb-9f24-a23f7a88ec07
TRUE,B0D2YJQVN1,B096H1B97C,4 inch recessed lighting led,1,kw,15,1,1866.44,0,36.11,0,100,3.17,343.56,3899.54,0,-1.32,14,1,1866.44,485.96,0,-0.99,1,9,0,0,0,-1.99,0,2.1,107,9f440b6d-b2d5-43eb-9f24-a23f7a88ec07
TRUE,B0D2YJQVN1,B096H1B97C,led recessed lighting 4 inch,1,kw,17,1,1428.51,0,29.31,0,100,8.16,52.78,3899.54,0,-1.89,16,1.03,1374.71,560.74,0,-0.99,1,14,0,0,0,-1.99,0,2.1,107,9f440b6d-b2d5-43eb-9f24-a23f7a88ec07
FALSE,B0D2YJQVN1,B096H1B97C,retrofit led recessed lighting 4 inch,1,kw,1,1,0,0,0,-1.98,1,1,0,0,0,-1.99,1,1,0,0,0,-1.99,1,1,0,0,0,-1.99,0,2.1,107,9f440b6d-b2d5-43eb-9f24-a23f7a88ec07
FALSE,B0D2YJQVN1,B096H1B97C,4 inch led recessed lights retrofit,1,kw,1,1,0,0,0,-1.98,1,1,0,0,0,-1.99,1,1,0,0,0,-1.99,1,1,0,0,0,-1.99,0,2.1,107,9f440b6d-b2d5-43eb-9f24-a23f7a88ec07
TRUE,B0D2YJQVN1,B096H1B97C,4 recessed lighting led dimmable,2,kw,17,1,1154.9,0,24.53,-0.61,100,4.09,141.58,3899.54,0,-2.32,16,1,1154.9,560.74,0,-1.6,1,10,0,0,0,-2.6,0,2.2,107,9f440b6d-b2d5-43eb-9f24-a23f7a88ec07
FALSE,B0D9BYKV2G,B096H2L1TC,recessed lighting 6 inch,1,kw,30,1.01,58628.53,0,478.19,0,6,35.49,12.25,42.39,0,-1.98,28,1,59370.82,229.11,2.08,-0.97,1,36,0,0,0,-1.99,0,1.1,107,9f440b6d-b2d5-43eb-9f24-a23f7a88ec07
FALSE,B0D9BYKV2G,B096H2L1TC,6 inch led recessed light,1,kw,27,1,45936.23,0,440.75,0,20,22.45,76.71,161.16,0,-1.9,24,1,45936.23,195.13,2.2,-0.95,1,24,0,0,0,-1.99,0,1.1,107,9f440b6d-b2d5-43eb-9f24-a23f7a88ec07
TRUE,B0D9BYKV2G,B096H2L1TC,6inch recessed led lights,1,kw,18,1,4793.83,0,58.55,0,67,13.83,51.84,562.5,0,-1.93,16,1,4793.83,127.21,0.37,-0.95,1,18,0,0,0,-1.98,0,1.1,107,9f440b6d-b2d5-43eb-9f24-a23f7a88ec07
TRUE,B0D9BYKV2G,B096H2L1TC,6 inch led recessed light retrofit,1,kw,9,1,2776.7,0,39.98,0,100,5.12,216.56,962.13,0,-1.75,8,1,2776.7,59.35,0.65,-0.96,1,10,0,0,0,-1.99,0,1.1,107,9f440b6d-b2d5-43eb-9f24-a23f7a88ec07
FALSE,B0D9BYKV2G,B096H2L1TC,6 inch led recessed lighting,1,kw,35,1,2713.37,0,27.32,-0.83,6,33.51,0.61,42.39,0,-1.99,33,1,2713.37,271.62,0.16,-0.96,1,34,0,0,0,-1.99,0,1.1,107,9f440b6d-b2d5-43eb-9f24-a23f7a88ec07
TRUE,B0D9BYKV2G,B096H2L1TC,5/6 inch led can lights retrofit recessed lighting,1,kw,16,1,1872.56,0,25.4,-0.52,14,20.06,2.51,110.24,0,-2.51,15,1,1872.56,118.72,0.19,-1.49,1,21,0,0,0,-2.51,0,1.1,107,9f440b6d-b2d5-43eb-9f24-a23f7a88ec07
FALSE,B0D9BYKV2G,B096H2L1TC,5/6 inch led recessed lighting,1,kw,23,1,1726.54,0,22.84,-1,10,20.34,1.6,76.31,0,-2.99,22,1,1726.54,178.14,0.19,-1.93,1,21,0,0,0,-2.99,0,1.1,107,9f440b6d-b2d5-43eb-9f24-a23f7a88ec07
TRUE,B0D9BYKV2G,B096H2L1TC,6 inch retrofit led recessed light,1,kw,5,1,1256.44,0,19.37,0,79,1,1256.44,667.41,0,-0.99,5,1,1256.44,33.91,0.44,-0.93,1,5,0,0,0,-1.99,0,1.1,107,9f440b6d-b2d5-43eb-9f24-a23f7a88ec07
TRUE,B0D9BYKV2G,B096H2L1TC,6 inch recessed led light,1,kw,24,1,1562.19,0,18.14,-0.73,20,19.48,3.5,161.16,0,-1.99,22,1,1562.19,178.14,0.18,-0.96,1,21,0,0,0,-1.99,0,1.1,107,9f440b6d-b2d5-43eb-9f24-a23f7a88ec07
TRUE,B0D9BYKV2G,B096H2L1TC,6 inch led lights recessed,1,kw,22,1,1376.97,0,16.24,-0.51,67,15.83,11.32,562.5,0,-2.49,20,1,1376.97,161.16,0.18,-1.46,1,20,0,0,0,-2.5,0,1.1,107,9f440b6d-b2d5-43eb-9f24-a23f7a88ec07
TRUE,B0D9BYKV2G,B096H2L1TC,led can lights,2,kw,13,1,9598.86,0,106.73,-0.7,67,10.69,177.43,562.5,0,-2.49,12,1,9598.86,93.27,1.09,-1.66,1,15,0,0,0,-2.69,0,1.2,107,9f440b6d-b2d5-43eb-9f24-a23f7a88ec07
FALSE,B0D9BYKV2G,B096H2L1TC,led can light,2,kw,16,1,1609.74,0,17.46,-1.64,14,15.77,4.73,110.24,0,-3.63,15,1,1609.74,118.72,0.16,-2.6,1,17,0,0,0,-3.63,0,1.2,107,9f440b6d-b2d5-43eb-9f24-a23f7a88ec07
TRUE,B0D9BYKV2G,B096H2L1TC,led recessed lighting,2,kw,13,1,842.93,0,12.15,-0.05,97,7.57,34.38,852.64,0,-1.95,12,1,842.93,93.27,0.21,-1,1,13,0,0,0,-1.99,0,1.2,107,9f440b6d-b2d5-43eb-9f24-a23f7a88ec07
FALSE,B0D9BYKV2G,B096H2L1TC,led recessed light,2,kw,26,1,441.47,0,5.25,-0.5,14,23.89,0.47,110.24,0,-1.99,24,1.01,435.91,195.13,0,-1.5,1,25,0,0,0,-1.99,0,1.2,107,9f440b6d-b2d5-43eb-9f24-a23f7a88ec07
FALSE,B0D9BYKV2G,B096H2L1TC,6 can lights led,3,sr_rc,10,1,1640.6,0,23.66,-0.59,100,6.46,89.87,962.13,0,-2.48,10,1,1640.6,76.31,0.2,-1.54,1,12,0,0,0,-2.58,0,1.1,107,9f440b6d-b2d5-43eb-9f24-a23f7a88ec07
FALSE,B0D9BYKV2G,B096H2L1TC,6 retrofit led recessed light,3,sr_rc,5,1,1733.2,0,27.95,0,100,1.47,991.83,962.13,0,-0.99,5,1,1733.2,33.91,0.69,-0.95,1,6,0,0,0,-1.99,0,1.1,107,9f440b6d-b2d5-43eb-9f24-a23f7a88ec07
FALSE,B0D9BYKV2G,B096H2L1TC,6 led can light retrofit,3,sr_rc,6,1,3101.35,0,48.69,0,100,2.02,1142.23,962.13,0,-0.99,5,1.13,2626.69,33.91,1.13,-0.93,1,8,0,0,0,-1.99,0,1.1,107,9f440b6d-b2d5-43eb-9f24-a23f7a88ec07
FALSE,B0D9BYKV2G,B096H2L1TC,6 recessed lighting led retrofit,3,sr_rc,7,1,1775.04,0,25.63,0,100,3.81,234.65,962.13,0,-1.73,7,1,1775.04,50.87,0.43,-0.93,1,9,0,0,0,-1.99,0,1.1,107,9f440b6d-b2d5-43eb-9f24-a23f7a88ec07
FALSE,B0D9BYKV2G,B096H2L1TC,can lights 6 inch led,3,sr_rc,40,1,1424.43,0,12.01,-1.24,10,35.21,0.46,76.31,0,-2.5,37,1,1424.43,305.66,0,-1.5,1,36,0,0,0,-2.5,0,1.1,107,9f440b6d-b2d5-43eb-9f24-a23f7a88ec07
FALSE,B0D9BYKV2G,B096H2L1TC,6 led recessed light dimmable,3,sr_rc,35,1.02,3142.23,0,29.46,-1.41,6,37.43,0.66,42.39,0,-2.51,33,1,3221.85,271.62,0.15,-1.49,1,38,0,0,0,-2.51,0,1.1,107,9f440b6d-b2d5-43eb-9f24-a23f7a88ec07
FALSE,B0D9BYKV2G,B096H2L1TC,6 recessed lighting led,3,sr_rc,24,1,7842.66,0,83.97,0,10,22.19,7.28,76.31,0,-1.98,23,1,7842.66,186.63,0.46,-0.93,1,23,0,0,0,-1.99,0,1.1,107,9f440b6d-b2d5-43eb-9f24-a23f7a88ec07
FALSE,B0D9BYKV2G,B096H2L1TC,can lights for ceiling 6 inch,4,sr_rc,25,1,9097.89,0,91.89,0,10,23.22,7.36,76.31,0,-1.98,24,1,9097.89,195.13,0.45,-0.96,1,24,0,0,0,-1.99,0,1.2,107,9f440b6d-b2d5-43eb-9f24-a23f7a88ec07
FALSE,B0D9BYKV2G,B096H2L1TC,led retrofit can lights,5,sr_rc,12,1,956.03,0,12.45,-0.53,100,10.54,21.13,962.13,0,-2.5,11,1,956.03,84.79,0.2,-1.46,1,16,0,0,0,-2.52,0,1.1,107,9f440b6d-b2d5-43eb-9f24-a23f7a88ec07
FALSE,B0D9BYKV2G,B096H2L1TC,led can lights retrofit recessed lighting,5,sr_rc,7,1,2713.44,0,34.49,0,100,2.52,705.36,962.13,0,-1.2,7,1,2713.44,50.87,0.56,-0.93,1,8,0,0,0,-1.99,0,1.1,107,9f440b6d-b2d5-43eb-9f24-a23f7a88ec07
FALSE,B0D9BYKV2G,B096H2L1TC,retro fit 6 inch led can lights,6,sr_rc,10,1,2311.48,0,30.81,-1.47,100,8.96,66.2,962.13,0,-2.66,10,1,2311.48,76.31,0.4,-1.7,1,14,0,0,0,-2.73,0,1.2,107,9f440b6d-b2d5-43eb-9f24-a23f7a88ec07
FALSE,B0D9BYKV2G,B096H2L1TC,led lights for ceiling,7,sr_rc,100,21.72,15.54,0,0,-2.9,74,82.28,0.57,623.36,0,-2.99,100,7.16,70.99,962.13,0,-2.91,1,95,0,0,0,-2.99,0,1.1,107,9f440b6d-b2d5-43eb-9f24-a23f7a88ec07
FALSE,B0D9BYKV2G,B096H2L1TC,led kitchen ceiling light,7,sr_rc,100,66.58,7.39,0,0,-2.97,24,120.85,0.27,195.13,0,-2.99,100,55.56,10.83,962.13,0,-2.98,1,125,0,0,0,-2.99,0,1.1,107,9f440b6d-b2d5-43eb-9f24-a23f7a88ec07
TRUE,B0CK5554DG,B096H4HPHZ,recessed lighting,1,kw,22,1,12608.21,0,268.95,-0.83,100,21.38,49.59,3321.95,0,-1.84,21,1,12608.21,632.37,0.36,-0.98,1,25,0,0,0,-1.99,0,2.1,107,9f440b6d-b2d5-43eb-9f24-a23f7a88ec07
FALSE,B0CK5554DG,B096H4HPHZ,recessed light bulbs,1,kw,21,1,11129.69,0,260.3,-2.54,71,18.56,56.5,2218.66,0,-3.53,21,1,11129.69,632.37,0.39,-2.67,1,22,0,0,0,-3.7,0,2.1,107,9f440b6d-b2d5-43eb-9f24-a23f7a88ec07
FALSE,B0CK5554DG,B096H4HPHZ,6 led recessed light,1,kw,38,1,5620.58,0,123.88,-0.83,100,28.74,13.57,3321.95,0,-1.95,36,1,5620.58,1107.06,0.13,-0.98,1,33,0,0,0,-1.99,0,2.1,107,9f440b6d-b2d5-43eb-9f24-a23f7a88ec07
FALSE,B0CK5554DG,B096H4HPHZ,recessed lights,1,kw,31,1,4150.35,0,93.21,-0.89,10,31.56,0.96,284.51,0,-1.99,29,1,4150.35,885.48,0.13,-0.97,1,32,0,0,0,-1.98,0,2.1,107,9f440b6d-b2d5-43eb-9f24-a23f7a88ec07
TRUE,B0CK5554DG,B096H4HPHZ,recessed light,1,kw,25,1,1890.5,0,49.34,-0.73,12,28.45,0.69,347.75,0,-1.99,24,1,1890.5,727.28,0,-0.98,1,29,0,0,0,-1.99,0,2.1,107,9f440b6d-b2d5-43eb-9f24-a23f7a88ec07
TRUE,B0CK5554DG,B096H4HPHZ,recess lights,1,kw,14,1,1337.61,0,42.63,0,100,15.3,10.76,3321.95,0,-1.96,14,1,1337.61,410.99,0.17,-0.95,1,19,0,0,0,-1.98,0,2.1,107,9f440b6d-b2d5-43eb-9f24-a23f7a88ec07
TRUE,B0CK5554DG,B096H4HPHZ,led recessed lights,1,kw,22,1,1076.22,0,31.99,-0.74,12,18.4,1.14,347.75,0,-2.73,21,1,1076.22,632.37,0,-1.72,1,19,0,0,0,-2.73,0,2.1,107,9f440b6d-b2d5-43eb-9f24-a23f7a88ec07
TRUE,B0CK5554DG,B096H4HPHZ,led can lights retrofit recessed lighting,1,kw,5,1,941.34,0,30.11,-1.28,68,1,941.34,2122.88,0,-1.54,5,1,941.34,126.44,0.18,-1.51,1,5,0,0,0,-2.53,0,2.1,107,9f440b6d-b2d5-43eb-9f24-a23f7a88ec07
TRUE,B0CK5554DG,B096H4HPHZ,recessed led lights,1,kw,17,1,431.7,0,13.52,-0.72,100,11.23,6.6,3321.95,0,-2.69,16,1,431.7,474.24,0,-1.7,1,15,0,0,0,-2.7,0,2.1,107,9f440b6d-b2d5-43eb-9f24-a23f7a88ec07
FALSE,B0CK5554DG,B096H4HPHZ,recessed ceiling lights,1,kw,38,1,644.82,0,13.02,-2.69,100,29.61,1.5,3321.95,0,-3.79,36,1,644.82,1107.06,0,-2.78,1,34,0,0,0,-3.79,0,2.1,107,9f440b6d-b2d5-43eb-9f24-a23f7a88ec07
FALSE,B0CK5554DG,B096H4HPHZ,recessed led ceiling light,1,kw,38,1,544.78,0,11.34,-1.65,100,14.45,5.75,3321.95,0,-2.79,36,1,544.78,1107.06,0,-1.81,1,19,0,0,0,-2.81,0,2.1,107,9f440b6d-b2d5-43eb-9f24-a23f7a88ec07
TRUE,B0CK5554DG,B096H4HPHZ,recessed can lights,1,kw,15,1,327.77,0,9.1,-0.01,100,10.4,5.66,3321.95,0,-1.97,14,1,327.77,410.99,0,-1,1,14,0,0,0,-1.99,0,2.1,107,9f440b6d-b2d5-43eb-9f24-a23f7a88ec07
FALSE,B0CK5554DG,B096H4HPHZ,led recessed light,1,kw,27,1,162.14,0,4.22,-2.02,100,14.25,1.52,3321.95,0,-2.76,25,1,162.14,758.91,0,-2.26,1,18,0,0,0,-2.75,0,2.1,107,9f440b6d-b2d5-43eb-9f24-a23f7a88ec07
TRUE,B0CK5554DG,B096H4HPHZ,led recessed lighting 6 inch,2,kw,17,1,4474.88,0,132,0,100,13.69,50.6,3321.95,0,-1.84,16,1,4474.88,474.24,0.32,-0.97,1,18,0,0,0,-1.99,0,2.2,107,9f440b6d-b2d5-43eb-9f24-a23f7a88ec07
TRUE,B0CK5554DG,B096H4HPHZ,retrofit led recessed lighting 6 inch,2,kw,6,1,3146.93,0,90.44,-0.83,100,2.9,608.62,3321.95,0,-0.99,6,1,3146.93,158.05,0.48,-0.97,1,7,0,0,0,-1.99,0,2.2,107,9f440b6d-b2d5-43eb-9f24-a23f7a88ec07
TRUE,B0CK5554DG,B096H4HPHZ,6 inch recessed lighting led,2,kw,23,1,2459.12,0,63.12,-0.73,100,14.73,23.83,3321.95,0,-1.92,22,1,2459.12,664.01,0.14,-0.97,1,19,0,0,0,-1.98,0,2.2,107,9f440b6d-b2d5-43eb-9f24-a23f7a88ec07
TRUE,B0CK5554DG,B096H4HPHZ,led can lights 6 inch,2,kw,15,1,1859.94,0,58.86,-1.46,100,12.81,23.55,3321.95,0,-2.65,14,1.04,1768.3,410.99,0.18,-1.71,1,17,0,0,0,-2.72,0,2.2,107,9f440b6d-b2d5-43eb-9f24-a23f7a88ec07
TRUE,B0CK5554DG,B096H4HPHZ,led retrofit recessed light 6 inch,2,kw,7,1,1579.42,0,52.48,-0.73,100,3.89,185.5,3321.95,0,-1.43,7,1,1579.42,189.67,0.18,-0.97,1,8,0,0,0,-1.99,0,2.2,107,9f440b6d-b2d5-43eb-9f24-a23f7a88ec07
TRUE,B0CK5554DG,B096H4HPHZ,6 inch led recessed light retrofit,2,kw,7,1,1009.63,0,36.59,-0.83,100,3.86,120.52,3321.95,0,-1.63,7,1,1009.63,189.67,0.2,-0.98,1,8,0,0,0,-1.99,0,2.2,107,9f440b6d-b2d5-43eb-9f24-a23f7a88ec07
TRUE,B0CK5554DG,B096H4HPHZ,6 inch led recessed lighting,2,kw,21,1,994.22,0,31.95,0,100,15.73,8.43,3321.95,0,-1.96,20,1,994.22,600.74,0,-0.98,1,20,0,0,0,-1.98,0,2.2,107,9f440b6d-b2d5-43eb-9f24-a23f7a88ec07
TRUE,B0CK5554DG,B096H4HPHZ,6 inch can lights,2,kw,19,1,1003.3,0,28.69,-0.83,100,17.81,6.5,3321.95,0,-1.97,18,1,1003.3,537.49,0,-0.98,1,22,0,0,0,-1.99,0,2.2,107,9f440b6d-b2d5-43eb-9f24-a23f7a88ec07
TRUE,B0CK5554DG,B096H4HPHZ,led recessed lighting 6 inch retrofit,2,kw,7,1,731.78,0,25.39,0,100,3.85,87.83,3321.95,0,-1.72,7,1,731.78,189.67,0.19,-0.97,1,8,0,0,0,-1.99,0,2.2,107,9f440b6d-b2d5-43eb-9f24-a23f7a88ec07
TRUE,B0CK5554DG,B096H4HPHZ,5/6 inch led can lights retrofit recessed lighting,2,kw,10,1,681.22,0,22.67,0,100,8.92,17.29,3321.95,0,-1.94,10,1,681.22,284.51,0,-0.98,1,13,0,0,0,-1.99,0,2.2,107,9f440b6d-b2d5-43eb-9f24-a23f7a88ec07
FALSE,B0CK5554DG,B096H4HPHZ,5/6 inch led recessed lighting,2,kw,7,1,567.06,0,19.46,-1,98,1,567.06,3144.35,0,-1.99,7,1,567.06,189.67,0.19,-1.95,1,5,0,0,0,-2.98,0,2.2,107,9f440b6d-b2d5-43eb-9f24-a23f7a88ec07
TRUE,B0CK5554DG,B096H4HPHZ,led 6 inch recessed lighting,2,kw,19,1,650.27,0,19.02,-0.73,100,15.7,5.56,3321.95,0,-1.97,18,1,650.27,537.49,0,-0.98,1,20,0,0,0,-1.98,0,2.2,107,9f440b6d-b2d5-43eb-9f24-a23f7a88ec07
TRUE,B0CK5554DG,B096H4HPHZ,6 can lights led,2,kw,18,1,622.54,0,17.88,-1.78,100,16.81,4.54,3321.95,0,-2.87,18,1,622.54,537.49,0,-1.87,1,21,0,0,0,-2.87,0,2.2,107,9f440b6d-b2d5-43eb-9f24-a23f7a88ec07
FALSE,B0CK5554DG,B096H4HPHZ,recess lights 6 inch,2,kw,26,1,664.65,0,17.48,-0.83,100,23.62,2.48,3321.95,0,-1.98,25,1,664.65,758.91,0,-0.98,1,28,0,0,0,-1.98,0,2.2,107,9f440b6d-b2d5-43eb-9f24-a23f7a88ec07
TRUE,B0CK5554DG,B096H4HPHZ,6 inch retrofit led recessed light,2,kw,9,1,507.46,0,16.08,-0.83,100,5.87,28.61,3321.95,0,-1.9,9,1,507.46,252.9,0,-0.98,1,10,0,0,0,-1.98,0,2.2,107,9f440b6d-b2d5-43eb-9f24-a23f7a88ec07
FALSE,B0CK5554DG,B096H4HPHZ,6 inch recessed led light,2,kw,33,1,581.15,0,14.88,-0.89,100,19.69,3.13,3321.95,0,-1.98,31,1,581.15,948.78,0,-0.98,1,24,0,0,0,-1.98,0,2.2,107,9f440b6d-b2d5-43eb-9f24-a23f7a88ec07
FALSE,B0CK5554DG,B096H4HPHZ,can lights 6 inch led,2,kw,38,1,526.51,0,11.16,-1.43,100,25.76,1.6,3321.95,0,-2.59,36,1,526.51,1107.06,0,-1.58,1,30,0,0,0,-2.58,0,2.2,107,9f440b6d-b2d5-43eb-9f24-a23f7a88ec07
FALSE,B0CK5554DG,B096H4HPHZ,6 led can light retrofit,3,sr_rc,10,1,1172.19,0,40.12,-1.55,100,5.91,64.94,3321.95,0,-2.51,9,1,1172.19,252.9,0.19,-1.68,1,10,0,0,0,-2.71,0,2.1,107,9f440b6d-b2d5-43eb-9f24-a23f7a88ec07
FALSE,B0CK5554DG,B096H4HPHZ,6 retrofit led recessed light,3,sr_rc,9,1,686.9,0,23.72,-0.83,100,7.93,21.84,3321.95,0,-1.92,9,1,686.9,252.9,0,-0.98,1,12,0,0,0,-1.99,0,2.1,107,9f440b6d-b2d5-43eb-9f24-a23f7a88ec07
FALSE,B0CK5554DG,B096H4HPHZ,6 recessed lighting led retrofit,3,sr_rc,5,1,641.39,0,23.68,-0.83,100,2.84,128.96,3321.95,0,-1.6,5,1,641.39,126.44,0.21,-0.96,1,7,0,0,0,-1.98,0,2.1,107,9f440b6d-b2d5-43eb-9f24-a23f7a88ec07
FALSE,B0CK5554DG,B096H4HPHZ,led retrofit can lights,3,sr_rc,6,1,326.89,0,11.62,-1.53,80,1,326.89,2507.58,0,-1.79,6,1,326.89,158.05,0,-1.78,1,6,0,0,0,-2.77,0,2.1,107,9f440b6d-b2d5-43eb-9f24-a23f7a88ec07
FALSE,B0CK5554DG,B096H4HPHZ,can light conversion kit to pendant,4,sr_rc,100,25.84,20.92,0,0.01,-2.69,100,45.6,4.93,3321.95,0,-2.82,100,9.44,100.21,3321.95,0,-2.53,1,62,0,0,0,-2.83,0,2.2,107,9f440b6d-b2d5-43eb-9f24-a23f7a88ec07
FALSE,B0CK5554DG,B096H4HPHZ,can light conversion kit,4,sr_rc,17,1,1954.77,0,49.32,-2.46,100,12.08,38.49,3321.95,0,-3.6,16,1,1954.77,474.24,0.14,-2.7,1,19,0,0,0,-3.71,0,2.2,107,9f440b6d-b2d5-43eb-9f24-a23f7a88ec07
FALSE,B0CK5554DG,B096H4HPHZ,can lights for ceiling 6 inch,5,sr_rc,25,1,3375.95,0,76.23,-0.73,100,20.73,16.22,3321.95,0,-1.94,24,1,3375.95,727.28,0.13,-0.98,1,25,0,0,0,-1.99,0,2.1,107,9f440b6d-b2d5-43eb-9f24-a23f7a88ec07
FALSE,B0CK5554DG,B096H4HPHZ,led can light,6,sr_rc,17,1,568.88,0,15.95,-1.69,100,5.12,34.12,3321.95,0,-2.85,17,1,568.88,505.86,0,-1.94,1,8,0,0,0,-2.94,0,2.2,107,9f440b6d-b2d5-43eb-9f24-a23f7a88ec07
FALSE,B0CK5554DG,B096H4HPHZ,led can lights,6,sr_rc,20,1,3590.37,0,80.94,-1.69,100,15.25,29.37,3321.95,0,-2.86,20,1,3590.37,600.74,0.12,-1.94,1,19,0,0,0,-2.95,0,2.2,107,9f440b6d-b2d5-43eb-9f24-a23f7a88ec07
FALSE,B0CK5554DG,B096H4HPHZ,recessed lighting 6 inch retrofit,7,sr_rc,7,1,651.18,0,22.88,-0.73,100,3.87,77.31,3321.95,0,-1.76,7,1,651.18,189.67,0.2,-0.98,1,8,0,0,0,-1.99,0,2.1,107,9f440b6d-b2d5-43eb-9f24-a23f7a88ec07
FALSE,B0CK5554DG,B096H4HPHZ,7 inch recessed led light,8,sr_rc,100,24.36,6.61,0,0,-2.92,100,73.88,0.14,3321.95,0,-2.99,100,20.25,8.84,3321.95,0,-2.96,1,78,0,0,0,-2.99,0,2.2,107,9f440b6d-b2d5-43eb-9f24-a23f7a88ec07
FALSE,B0CK5554DG,B096H4HPHZ,retro fit 6 inch led can lights,9,sr_rc,7,1.08,763.73,0,27.32,-0.83,100,6.87,35.58,3321.95,0,-1.88,7,1,845.34,189.67,0.2,-0.97,1,11,0,0,0,-1.99,0,2.1,107,9f440b6d-b2d5-43eb-9f24-a23f7a88ec07
FALSE,B0CK5554DG,B096H4HPHZ,retrofit led recessed lighting,10,sr_rc,7,1,355.7,0,11.41,-0.73,90,1,355.7,2836.16,0,-0.99,7,1,355.7,189.67,0,-0.98,1,7,0,0,0,-1.99,0,2.2,107,9f440b6d-b2d5-43eb-9f24-a23f7a88ec07
FALSE,B0D2YJQVN1,B096H8PSTY,can lights,1,kw,14,1.05,29447.86,0,470.38,-2.4,100,3.07,6890.03,3903.31,0,-2.66,13,1,31368.88,448.58,1.05,-2.64,1,15,0,0,0,-3.65,0,1.1,107,9f440b6d-b2d5-43eb-9f24-a23f7a88ec07
TRUE,B0D2YJQVN1,B096H8PSTY,led can lights,1,kw,15,1,5864.56,0,97.34,-0.94,100,6.71,293.61,3903.31,0,-2.4,14,1,5864.56,485.97,0.15,-1.91,1,12,0,0,0,-2.93,0,1.1,107,9f440b6d-b2d5-43eb-9f24-a23f7a88ec07
FALSE,B0D2YJQVN1,B096H8PSTY,can light,1,kw,10,1,1954.97,0,37,-1.59,100,1.6,1045.69,3903.31,0,-2.58,10,1,1954.97,336.42,0.16,-2.55,1,12,0,0,0,-3.58,0,1.1,107,9f440b6d-b2d5-43eb-9f24-a23f7a88ec07
FALSE,B0D2YJQVN1,B096H8PSTY,led can light,1,kw,22,1,986.56,0,15.28,-2.74,100,9.64,22.48,3903.31,0,-3.86,22,1,986.56,785.14,0,-2.9,1,14,0,0,0,-3.9,0,1.1,107,9f440b6d-b2d5-43eb-9f24-a23f7a88ec07
FALSE,B0D2YJQVN1,B096H8PSTY,6 inch led recessed light,2,kw,47,1,28564.43,0,313.11,-0.89,100,27.16,100.82,3903.31,0,-1.81,44,1,28564.43,1608.54,0.22,-0.97,1,33,0,0,0,-1.98,0,1.2,107,9f440b6d-b2d5-43eb-9f24-a23f7a88ec07
TRUE,B0D2YJQVN1,B096H8PSTY,6 inch recessed lights,2,kw,13,1,8218.72,0,182.15,0,100,8.15,304.6,3903.31,0,-1.44,13,1,8218.72,448.58,0.39,-0.97,1,14,0,0,0,-1.99,0,1.2,107,9f440b6d-b2d5-43eb-9f24-a23f7a88ec07
FALSE,B0D2YJQVN1,B096H8PSTY,6 led recessed light,2,kw,29,1,9289.59,0,159.44,-0.73,100,16.17,93.48,3903.31,0,-1.82,27,1,9289.59,972.17,0.16,-0.97,1,22,0,0,0,-1.99,0,1.2,107,9f440b6d-b2d5-43eb-9f24-a23f7a88ec07
TRUE,B0D2YJQVN1,B096H8PSTY,led recessed lighting 6 inch,2,kw,18,1,7426.24,0,148.19,0,100,10.18,182.02,3903.31,0,-1.66,17,1,7426.24,598.15,0.18,-0.97,1,16,0,0,0,-1.99,0,1.2,107,9f440b6d-b2d5-43eb-9f24-a23f7a88ec07
TRUE,B0D2YJQVN1,B096H8PSTY,retrofit led recessed lighting 6 inch,2,kw,5,1,5138.19,0,100.89,-0.61,93,1,5138.19,3472.29,0,-1.6,5,1,5138.19,149.51,0.71,-1.56,1,6,0,0,0,-2.6,0,1.2,107,9f440b6d-b2d5-43eb-9f24-a23f7a88ec07
TRUE,B0D2YJQVN1,B096H8PSTY,6 inch recessed lighting led,2,kw,24,1,4083.22,0,77.12,0,100,11.18,83.87,3903.31,0,-1.84,23,1,4083.22,822.54,0.17,-0.97,1,17,0,0,0,-1.99,0,1.2,107,9f440b6d-b2d5-43eb-9f24-a23f7a88ec07
FALSE,B0D2YJQVN1,B096H8PSTY,6 recessed lighting led,2,kw,27,1,4811.06,0,73.45,-0.73,100,12.14,84.83,3903.31,0,-1.84,26,1,4811.06,934.76,0.14,-0.97,1,18,0,0,0,-1.99,0,1.2,107,9f440b6d-b2d5-43eb-9f24-a23f7a88ec07
TRUE,B0D2YJQVN1,B096H8PSTY,led can lights 6 inch,2,kw,10,1,3013.23,0,70.24,-0.8,100,4.22,348.33,3903.31,0,-2.16,10,1,3013.23,336.42,0.2,-1.77,1,10,0,0,0,-2.79,0,1.2,107,9f440b6d-b2d5-43eb-9f24-a23f7a88ec07
FALSE,B0D2YJQVN1,B096H8PSTY,led retrofit recessed light 6 inch,2,kw,6,1,2541.2,0,50.57,-2.34,93,1,2541.2,3472.29,0,-2.5,5,1.1,2221.77,149.51,0.38,-2.47,1,6,0,0,0,-3.5,0,1.2,107,9f440b6d-b2d5-43eb-9f24-a23f7a88ec07
TRUE,B0D2YJQVN1,B096H8PSTY,6 inch led recessed light retrofit,2,kw,6,1,1624.45,0,42,0,92,1,1624.45,3431.14,0,-0.99,6,1,1624.45,186.89,0.23,-0.97,1,6,0,0,0,-1.99,0,1.2,107,9f440b6d-b2d5-43eb-9f24-a23f7a88ec07
TRUE,B0D2YJQVN1,B096H8PSTY,6 inch can lights,2,kw,13,1,1658.73,0,37.25,0,100,11.22,33.7,3903.31,0,-1.93,12,1,1658.73,411.2,0,-0.99,1,17,0,0,0,-1.99,0,1.2,107,9f440b6d-b2d5-43eb-9f24-a23f7a88ec07
TRUE,B0D2YJQVN1,B096H8PSTY,6 inch led recessed lighting,2,kw,16,1,1621.36,0,36.4,0,100,6.16,98.91,3903.31,0,-1.81,15,1,1621.36,523.36,0,-0.99,1,12,0,0,0,-1.99,0,1.2,107,9f440b6d-b2d5-43eb-9f24-a23f7a88ec07
TRUE,B0D2YJQVN1,B096H8PSTY,recessed lights 6 inch,2,kw,14,1,1540.48,0,32.44,0,100,11.21,31.38,3903.31,0,-1.93,14,1,1540.48,485.97,0,-0.99,1,17,0,0,0,-1.99,0,1.2,107,9f440b6d-b2d5-43eb-9f24-a23f7a88ec07
FALSE,B0D2YJQVN1,B096H8PSTY,led recessed lights,2,kw,35,1,1808.97,0,25.44,-2.7,100,20.76,10.18,3903.31,0,-3.84,34,1,1808.97,1234.11,0,-2.86,1,26,0,0,0,-3.86,0,1.2,107,9f440b6d-b2d5-43eb-9f24-a23f7a88ec07
TRUE,B0D2YJQVN1,B096H8PSTY,recess lights 6 inch,2,kw,9,1,1069.18,0,23.71,0,100,5.16,88.53,3903.31,0,-1.83,9,1,1069.18,299.04,0,-0.99,1,11,0,0,0,-1.99,0,1.2,107,9f440b6d-b2d5-43eb-9f24-a23f7a88ec07
TRUE,B0D2YJQVN1,B096H8PSTY,led 6 inch recessed lighting,2,kw,17,1,1075.47,0,23.39,0,100,10.13,26.74,3903.31,0,-1.94,17,1,1075.47,598.15,0,-0.99,1,16,0,0,0,-1.99,0,1.2,107,9f440b6d-b2d5-43eb-9f24-a23f7a88ec07
TRUE,B0D2YJQVN1,B096H8PSTY,6 can lights led,2,kw,16,1,1030.56,0,20.76,-0.93,100,11.21,21,3903.31,0,-2.88,16,1,1030.56,560.76,0,-1.92,1,17,0,0,0,-2.92,0,1.2,107,9f440b6d-b2d5-43eb-9f24-a23f7a88ec07
FALSE,B0D2YJQVN1,B096H8PSTY,5/6 inch led can lights retrofit recessed lighting,2,kw,4,1,974.24,0,20.44,-2.47,69,1,974.24,2547.28,0,-2.63,4,1,974.24,112.13,0.2,-2.6,1,4,0,0,0,-3.63,0,1.2,107,9f440b6d-b2d5-43eb-9f24-a23f7a88ec07
TRUE,B0D2YJQVN1,B096H8PSTY,led recessed lighting 6 inch retrofit,2,kw,3,1.18,838.5,0,19.3,-1.31,69,1,1084.77,2547.28,0,-1.57,3,1.12,910.72,74.75,0.21,-1.54,1,4,0,0,0,-2.57,0,1.2,107,9f440b6d-b2d5-43eb-9f24-a23f7a88ec07
TRUE,B0D2YJQVN1,B096H8PSTY,6 inch retrofit led recessed light,2,kw,8,1,829.65,0,18.37,-0.51,100,2.28,253.29,3903.31,0,-2.04,8,1,829.65,261.66,0,-1.5,1,8,0,0,0,-2.5,0,1.2,107,9f440b6d-b2d5-43eb-9f24-a23f7a88ec07
FALSE,B0D2YJQVN1,B096H8PSTY,5/6 inch led recessed lighting,2,kw,7,1,814.79,0,17.93,-1.73,55,1,814.79,2020.92,0,-1.99,7,1,814.79,224.27,0,-1.99,1,3,0,0,0,-2.99,0,1.2,107,9f440b6d-b2d5-43eb-9f24-a23f7a88ec07
TRUE,B0D2YJQVN1,B096H8PSTY,can lights 6 inch led,2,kw,18,1,857.42,0,17.68,-0.58,100,8.21,31.19,3903.31,0,-2.51,18,1,857.42,635.54,0,-1.57,1,14,0,0,0,-2.57,0,1.2,107,9f440b6d-b2d5-43eb-9f24-a23f7a88ec07
TRUE,B0D2YJQVN1,B096H8PSTY,recess lights 6 inch led dimmable,2,kw,24,1,959.39,0,17.51,-0.93,100,11.19,19.65,3903.31,0,-2.88,23,1,959.39,822.54,0,-1.91,1,17,0,0,0,-2.92,0,1.2,107,9f440b6d-b2d5-43eb-9f24-a23f7a88ec07
FALSE,B0D2YJQVN1,B096H8PSTY,6 inch led lights recessed,2,kw,34,1,855.89,0,13.53,-0.73,100,19.22,6.07,3903.31,0,-1.98,32,1,855.89,1159.26,0,-0.98,1,25,0,0,0,-1.98,0,1.2,107,9f440b6d-b2d5-43eb-9f24-a23f7a88ec07
FALSE,B0D2YJQVN1,B096H8PSTY,recessed led lights,2,kw,31,1,731.49,0,11.33,-2.68,100,19.76,4.55,3903.31,0,-3.83,30,1,731.49,1084.42,0,-2.84,1,25,0,0,0,-3.84,0,1.2,107,9f440b6d-b2d5-43eb-9f24-a23f7a88ec07
FALSE,B0D2YJQVN1,B096H8PSTY,led recessed lighting,2,kw,21,1,522.82,0,9.35,-2.76,100,8.93,15.12,3903.31,0,-3.84,20,1,522.82,710.34,0,-2.91,1,14,0,0,0,-3.87,0,1.2,107,9f440b6d-b2d5-43eb-9f24-a23f7a88ec07
FALSE,B0D2YJQVN1,B096H8PSTY,6 inch led light,2,kw,27,1,508.37,0,9.16,-0.81,100,10.12,12.67,3903.31,0,-1.97,25,1,508.37,897.35,0,-1.06,1,16,0,0,0,-1.98,0,1.2,107,9f440b6d-b2d5-43eb-9f24-a23f7a88ec07
FALSE,B0D2YJQVN1,B096H8PSTY,led recessed light,2,kw,38,1,273.25,0,3.69,-3.22,100,21.78,1.39,3903.31,0,-3.82,36,1,273.25,1308.97,0,-3.31,1,27,0,0,0,-3.81,0,1.2,107,9f440b6d-b2d5-43eb-9f24-a23f7a88ec07
FALSE,B0D2YJQVN1,B096H8PSTY,can light conversion kit to pendant,3,sr_rc,100,17.17,69.1,0,0.01,-2.58,100,41.6,10.62,3903.31,0,-3.68,98,1,3036.23,3708.02,0,-2.69,1,60,0,0,0,-3.69,0,1.1,107,9f440b6d-b2d5-43eb-9f24-a23f7a88ec07
FALSE,B0D2YJQVN1,B096H8PSTY,can light conversion kit,3,sr_rc,11,1,3175.75,0,60.72,-1.57,100,2.18,1095.01,3903.31,0,-2.56,11,1,3175.75,373.81,0.16,-2.53,1,11,0,0,0,-3.56,0,1.1,107,9f440b6d-b2d5-43eb-9f24-a23f7a88ec07
FALSE,B0D2YJQVN1,B096H8PSTY,ceiling led light,4,sr_rc,100,90.62,0.54,0,0,-2.84,48,123.48,0.05,1758.42,0,-2.89,100,84.24,0.69,3903.31,0,-2.87,1,128,0,0,0,-2.88,0,1.2,107,9f440b6d-b2d5-43eb-9f24-a23f7a88ec07
FALSE,B0D2YJQVN1,B096H8PSTY,led ceiling lights,4,sr_rc,95,1,2483.75,0,2.9,-1.67,48,29.53,5.9,1758.42,0,-2.92,88,1,2483.75,3271.87,0,-1.93,1,34,0,0,0,-2.93,0,1.2,107,9f440b6d-b2d5-43eb-9f24-a23f7a88ec07
FALSE,B0D2YJQVN1,B096H8PSTY,led lights for ceiling,4,sr_rc,100,53.48,1.92,0,0,-2.89,8,93.59,0.06,261.66,0,-2.91,100,44.98,2.81,3903.31,0,-2.9,1,96,0,0,0,-2.9,0,1.2,107,9f440b6d-b2d5-43eb-9f24-a23f7a88ec07
FALSE,B0D2YJQVN1,B096H8PSTY,led kitchen ceiling light,4,sr_rc,100,161.24,0.51,0,0,-2.76,33,187.54,0.04,1196.68,0,-2.78,100,155.81,0.64,3903.31,0,-2.77,1,190,0,0,0,-2.78,0,1.2,107,9f440b6d-b2d5-43eb-9f24-a23f7a88ec07
FALSE,B0D2YJQVN1,B096H8PSTY,led ceiling light,4,sr_rc,100,58.84,32.32,0,0.01,-2.83,47,89.93,2.8,1720.94,0,-2.92,100,51.33,45.68,3903.31,0,-2.83,1,95,0,0,0,-2.91,0,1.2,107,9f440b6d-b2d5-43eb-9f24-a23f7a88ec07
FALSE,B0D2YJQVN1,B096H8PSTY,ceiling led lights,4,sr_rc,100,67.85,14.16,0,0,-2.86,48,101.99,1.14,1758.42,0,-2.93,100,60.81,18.95,3903.31,0,-2.9,1,107,0,0,0,-2.93,0,1.2,107,9f440b6d-b2d5-43eb-9f24-a23f7a88ec07
FALSE,B0D2YJQVN1,B096H8PSTY,can light covers,5,sr_rc,100,8.72,70.29,0,0.01,-1.85,100,48.64,1.3,3903.31,0,-1.99,100,2.36,392.32,3903.31,0,-1.28,1,55,0,0,0,-1.99,0,1.1,107,9f440b6d-b2d5-43eb-9f24-a23f7a88ec07
FALSE,B0D2YJQVN1,B096H8PSTY,high hat lights,6,sr_rc,10,1,325.15,0,7.06,-2.21,33,6.91,8.72,1196.68,0,-3.77,10,1,325.15,336.42,0,-3.2,1,9,0,0,0,-3.79,0,1.2,107,9f440b6d-b2d5-43eb-9f24-a23f7a88ec07
FALSE,B0D2YJQVN1,B096H8PSTY,retrofit led recessed lighting,7,sr_rc,4,1,485.36,0,9.53,-2.61,32,1,485.36,1159.26,0,-2.71,4,1,485.36,112.13,0,-2.71,1,3,0,0,0,-3.59,0,1.1,107,9f440b6d-b2d5-43eb-9f24-a23f7a88ec07
FALSE,B0D2YJQVN1,B096H8PSTY,led retrofit can lights,7,sr_rc,7,1,556.26,0,11.22,-2.57,75,1,556.26,2773.92,0,-2.73,6,1.09,493.98,186.89,0,-2.83,1,7,0,0,0,-3.73,0,1.1,107,9f440b6d-b2d5-43eb-9f24-a23f7a88ec07
FALSE,B0D2YJQVN1,B096H8PSTY,led can lights retrofit recessed lighting,7,sr_rc,6,1,1652.27,0,36.72,-0.7,74,1,1652.27,2736.07,0,-1.69,6,1,1652.27,186.89,0.19,-1.65,1,7,0,0,0,-2.69,0,1.1,107,9f440b6d-b2d5-43eb-9f24-a23f7a88ec07
FALSE,B0D2YJQVN1,B096H8PSTY,6 retrofit led recessed light,7,sr_rc,6,1,1093.37,0,26.59,-0.57,100,1.33,733.95,3903.31,0,-1.56,6,1,1093.37,186.89,0.22,-1.54,1,7,0,0,0,-2.56,0,1.1,107,9f440b6d-b2d5-43eb-9f24-a23f7a88ec07
FALSE,B0D2YJQVN1,B096H8PSTY,6 recessed lighting led retrofit,7,sr_rc,6,1,1047.23,0,27.15,-0.64,93,1,1047.23,3472.29,0,-1.63,6,1,1047.23,186.89,0.23,-1.59,1,6,0,0,0,-2.63,0,1.1,107,9f440b6d-b2d5-43eb-9f24-a23f7a88ec07
FALSE,B0D2YJQVN1,B096H8PSTY,recess lights,8,sr_rc,19,1,2251.76,0,38.77,-2.45,100,22.78,10.45,3903.31,0,-3.69,18,1,2251.76,635.54,0,-2.71,1,28,0,0,0,-3.71,0,1.2,107,9f440b6d-b2d5-43eb-9f24-a23f7a88ec07
FALSE,B0D2YJQVN1,B096H8PSTY,recessed lighting,8,sr_rc,18,1,20996.19,0,280.67,-1.73,100,18.81,143.43,3903.31,0,-2.73,18,1,20996.19,635.54,0.37,-1.97,1,24,0,0,0,-2.99,0,1.2,107,9f440b6d-b2d5-43eb-9f24-a23f7a88ec07
FALSE,B0D2YJQVN1,B096H8PSTY,recessed light,8,sr_rc,14,1,3106.08,0,56.45,-1,100,11.59,56.92,3903.31,0,-2.89,14,1,3106.08,485.97,0.16,-1.97,1,17,0,0,0,-2.99,0,1.2,107,9f440b6d-b2d5-43eb-9f24-a23f7a88ec07
FALSE,B0D2YJQVN1,B096H8PSTY,recessed can lights,8,sr_rc,15,1,550.86,0,9.78,-1,100,11.85,9.37,3903.31,0,-2.97,15,1,550.86,523.36,0,-1.99,1,17,0,0,0,-2.99,0,1.2,107,9f440b6d-b2d5-43eb-9f24-a23f7a88ec07
FALSE,B0D2YJQVN1,B096H8PSTY,recessed lights,8,sr_rc,11,1,6772.73,0,131.9,-1.53,100,9.79,167.34,3903.31,0,-3.22,11,1,6772.73,373.81,0.34,-2.49,1,15,0,0,0,-3.52,0,1.2,107,9f440b6d-b2d5-43eb-9f24-a23f7a88ec07
FALSE,B0D2YJQVN1,B096H8PSTY,recessed ceiling lights,8,sr_rc,16,1,1018.28,0,20.17,-1.83,100,3.08,196.87,3903.31,0,-3.46,14,1,1018.28,485.97,0,-2.82,1,9,0,0,0,-3.82,0,1.2,107,9f440b6d-b2d5-43eb-9f24-a23f7a88ec07
FALSE,B0D2YJQVN1,B096H8PSTY,recessed light fixtures,9,sr_rc,20,1,15541.51,0,287.24,-1.61,100,15.72,154.22,3903.31,0,-3.32,19,1,15541.51,672.94,0.34,-2.58,1,21,0,0,0,-3.6,0,1.1,107,9f440b6d-b2d5-43eb-9f24-a23f7a88ec07
FALSE,B0D2YJQVN1,B096H8PSTY,can light bulbs for ceiling,10,sr_rc,30,1,1980.71,0,25.89,-1.69,15,11.84,10.36,523.36,0,-2.93,26,1,1980.71,934.76,0,-1.95,1,13,0,0,0,-2.95,0,1.2,107,9f440b6d-b2d5-43eb-9f24-a23f7a88ec07
FALSE,B0D2YJQVN1,B096H8PSTY,luces led para cuartos para el techo,11,sr_rc,100,23.84,31.68,0,0.01,-2.38,16,94.41,0.23,560.76,0,-2.7,100,15.54,58.77,3903.31,0,-2.58,1,97,0,0,0,-2.69,0,1.1,107,9f440b6d-b2d5-43eb-9f24-a23f7a88ec07
FALSE,B0D2YJQVN1,B096H8PSTY,can lights for ceiling 6 inch,12,sr_rc,22,1,5609.51,0,97.42,-0.63,100,16.15,56.72,3903.31,0,-2.52,21,1,5609.51,747.74,0.15,-1.6,1,22,0,0,0,-2.62,0,1.2,107,9f440b6d-b2d5-43eb-9f24-a23f7a88ec07
FALSE,B0D2YJQVN1,B096H8PSTY,led can light bulbs,13,sr_rc,25,1,2605.73,0,30.18,-2.8,100,10.01,52.05,3903.31,0,-3.86,24,1,2605.73,859.95,0,-2.96,1,14,0,0,0,-3.96,0,1.1,107,9f440b6d-b2d5-43eb-9f24-a23f7a88ec07
FALSE,B0D2YJQVN1,B096H8PSTY,recessed light conversion kit,14,sr_rc,20,1,2422.59,0,40.85,-1,99,1,2422.59,3778.85,0,-1.99,17,1,2422.59,598.15,0,-1.99,1,19,0,0,0,-2.99,0,1.2,107,9f440b6d-b2d5-43eb-9f24-a23f7a88ec07
FALSE,B0D2YJQVN1,B096H8PSTY,7 inch led recessed lighting,15,sr_rc,25,1,926.11,0,16.79,-1,100,10.24,22.31,3903.31,0,-2.95,24,1,926.11,859.95,0,-1.99,1,16,0,0,0,-2.99,0,1.1,107,9f440b6d-b2d5-43eb-9f24-a23f7a88ec07
FALSE,B0D2YJQVN1,B096H8PSTY,6 led can light retrofit,16,sr_rc,6,1,1849.84,0,45.86,-0.67,93,1,1849.84,3472.29,0,-1.66,6,1,1849.84,186.89,0.23,-1.62,1,6,0,0,0,-2.66,0,1.2,107,9f440b6d-b2d5-43eb-9f24-a23f7a88ec07
FALSE,B0D2YJQVN1,B096H8PSTY,6 led recessed light dimmable,17,sr_rc,17,1,1899.07,0,40.67,-0.76,100,4.11,230.7,3903.31,0,-2.33,17,1,1899.07,598.15,0,-1.75,1,10,0,0,0,-2.75,0,1.1,107,9f440b6d-b2d5-43eb-9f24-a23f7a88ec07
FALSE,B0D2YJQVN1,B096H8PSTY,recessed light trim,18,sr_rc,29,1,1005.74,0,16.39,-1.73,100,9.01,38.34,3903.31,0,-2.92,27,1,1005.74,972.17,0,-1.99,1,18,0,0,0,-2.99,0,1.2,107,9f440b6d-b2d5-43eb-9f24-a23f7a88ec07
FALSE,B0D2YJQVN1,B096H8PSTY,retro fit 6 inch led can lights,19,sr_rc,5,1,1352.85,0,33.76,-0.55,100,1.28,959.08,3903.31,0,-1.54,5,1,1352.85,149.51,0.22,-1.52,1,7,0,0,0,-2.54,0,1.1,107,9f440b6d-b2d5-43eb-9f24-a23f7a88ec07
FALSE,B0D2YJQVN1,B096H8PSTY,black recessed lights,20,sr_rc,100,52.36,5.81,0,0,-3.74,100,108.25,0.31,3903.31,0,-3.79,100,44.61,7.86,3903.31,0,-3.77,1,116,0,0,0,-3.78,0,1.2,107,9f440b6d-b2d5-43eb-9f24-a23f7a88ec07
FALSE,B0D2YJQVN1,B096H8PSTY,recessed lighting 6 inch retrofit,21,sr_rc,4,1.05,946.38,0,22.5,-0.83,81,1,1015.76,3001.93,0,-0.99,4,1,1015.76,112.13,0.22,-0.97,1,5,0,0,0,-1.99,0,1.1,107,9f440b6d-b2d5-43eb-9f24-a23f7a88ec07
TRUE,B0BXPYC5X5,B0988YRN2R,high bay lights,1,kw,10,1,8815.95,0,31.26,0,15,19.74,3.52,63.83,0,-1.99,10,1,8815.95,41.03,0.76,-0.97,1,20,0,0,0,-1.98,0,2.1,107,9f440b6d-b2d5-43eb-9f24-a23f7a88ec07
TRUE,B0F5J514MC,B09C7HG746,highbay led shop lights,1,kw,24,1,1662.39,0,3.7,-1.76,35,29.02,2.88,59.25,0,-2.49,24,1,1662.39,40.03,0.13,-1.99,1,32,0,0,0,-2.49,0,1.1,107,9f440b6d-b2d5-43eb-9f24-a23f7a88ec07
FALSE,B0F5J514MC,B09C7HG746,shop led lights,1,kw,83,41.45,70.24,0,0.03,-2.47,73,92.33,7.2,126.81,0,-2.59,83,22.21,187.97,145.73,0,-2.54,1,110,0,0,0,-2.59,0,1.1,107,9f440b6d-b2d5-43eb-9f24-a23f7a88ec07
FALSE,B0D1NGTJVQ,B09FFWYXVR,drop ceiling lights,1,kw,35,1,2505.05,0,5.13,-1.74,100,1.7,1271.34,116.94,0,-2.35,28,1,2505.05,27.16,0.14,-1.97,1,28,0,0,0,-2.7,0,2.1,107,9f440b6d-b2d5-43eb-9f24-a23f7a88ec07
TRUE,B0CBT38ZSV,B09L59NGK9,recessed lighting 4 inch,1,kw,22,1,8661.65,0,68.09,-1.51,13,20.58,16.15,126.94,0,-2.74,20,1,8661.65,201.03,0.3,-1.74,1,22,0,0,0,-2.76,0,1.1,107,9f440b6d-b2d5-43eb-9f24-a23f7a88ec07
TRUE,B0CBT38ZSV,B09L59NGK9,4 inch recessed lights,1,kw,18,1,6717.67,0,63.99,-0.65,98,11.87,139.06,1073.66,0,-2.51,16,1,6717.67,158.69,0.36,-1.61,1,19,0,0,0,-2.64,0,1.1,107,9f440b6d-b2d5-43eb-9f24-a23f7a88ec07
TRUE,B0CBT38ZSV,B09L59NGK9,recessed lights 4 inch,1,kw,13,1,2155.34,0,21.02,-0.69,100,7.56,107.95,1164.8,0,-2.57,12,1,2155.34,116.36,0.18,-1.65,1,16,0,0,0,-2.67,0,1.1,107,9f440b6d-b2d5-43eb-9f24-a23f7a88ec07
FALSE,B0CBT38ZSV,B09L59NGK9,canless recessed lighting 4 inch,1,kw,35,1,2113.72,0,14.94,-1.5,8,28.03,1.39,74.04,0,-2.75,31,1,2113.72,317.56,0,-1.74,1,29,0,0,0,-2.75,0,1.1,107,9f440b6d-b2d5-43eb-9f24-a23f7a88ec07
TRUE,B0CBT38ZSV,B09L59NGK9,4 recessed lighting led,2,kw,20,1,6402.96,0,58.57,-1.75,100,3.49,1076.41,1164.8,0,-1.93,18,1,6402.96,179.86,0.35,-1.88,1,11,0,0,0,-2.9,0,1.2,107,9f440b6d-b2d5-43eb-9f24-a23f7a88ec07
TRUE,B0CBT38ZSV,B09L59NGK9,4 recessed lighting led dimmable,2,kw,17,1,2507.88,0,22.85,-0.89,100,3.57,406.15,1164.8,0,-2.51,15,1,2507.88,148.1,0.17,-1.84,1,11,0,0,0,-2.87,0,1.2,107,9f440b6d-b2d5-43eb-9f24-a23f7a88ec07
FALSE,B0CBT38ZSV,B09L59NGK9,4 inch led recessed lights color changing,3,sr_rc,75,1,633.75,0,1.76,-2.05,20,38.97,0.4,201.03,0,-2.87,66,1,633.75,690.15,0,-2.25,1,41,0,0,0,-2.86,0,1.1,107,9f440b6d-b2d5-43eb-9f24-a23f7a88ec07
TRUE,B0CB72GWYP,B09L5F5FTP,4 inch recessed lights,1,kw,10,1,3547.29,0,54,-1.29,81,1,3547.29,944.37,0,-1.55,9,1,3547.29,93.89,0.62,-1.51,1,10,0,0,0,-2.54,0,2.1,107,9f440b6d-b2d5-43eb-9f24-a23f7a88ec07
TRUE,B0CB72GWYP,B09L5F5FTP,4 inch recessed lighting led,1,kw,19,1,2266.91,0,28.1,-1.71,100,3.9,348.64,1258.18,0,-2.28,17,1,2266.91,187.81,0.13,-1.84,1,15,0,0,0,-2.85,0,2.1,107,9f440b6d-b2d5-43eb-9f24-a23f7a88ec07
TRUE,B0CB72GWYP,B09L5F5FTP,canless recessed lighting 4 inch,1,kw,19,1,1130.6,0,17.22,0,100,4.32,148.25,1258.18,0,-1.72,15,1,1130.6,164.33,0.15,-0.93,1,15,0,0,0,-1.96,0,2.1,107,9f440b6d-b2d5-43eb-9f24-a23f7a88ec07
TRUE,B0CB72GWYP,B09L5F5FTP,4 inch led recessed light,1,kw,22,1,1325.73,0,16.97,-1.75,100,5.96,107.06,1258.18,0,-2.66,19,1,1325.73,211.3,0.14,-1.83,1,17,0,0,0,-2.84,0,2.1,107,9f440b6d-b2d5-43eb-9f24-a23f7a88ec07
FALSE,B0CB72GWYP,B09L5F5FTP,wafer lights,2,kw,44,1,3800.74,0,37.48,-0.89,76,27.19,16.77,884.15,0,-1.96,38,1,3800.74,434.61,0.11,-0.97,1,35,0,0,0,-1.98,0,2.2,107,9f440b6d-b2d5-43eb-9f24-a23f7a88ec07
FALSE,B0CB72GWYP,B09L5F5FTP,4 recessed lighting led dimmable,3,sr_rc,18,1,1390.93,0,18.92,-1.55,100,4.77,155.46,1258.18,0,-2.54,17,1,1390.93,187.81,0.14,-1.78,1,15,0,0,0,-2.79,0,2.1,107,9f440b6d-b2d5-43eb-9f24-a23f7a88ec07
TRUE,B0DJVW3XQ8,B09LXJW4XC,4 led recessed light,1,kw,21,1,8006.06,0,80.34,-0.8,97,6.3,549.53,797.57,0,-2.24,18,1,8006.06,135.81,0.52,-1.75,1,15,0,0,0,-2.79,0,1.1,107,9f440b6d-b2d5-43eb-9f24-a23f7a88ec07
TRUE,B0DJVW3XQ8,B09LXJW4XC,4 recessed lighting led,1,kw,22,1,5900.42,0,62.84,-0.82,97,5.32,532.05,797.57,0,-2.28,19,1,5900.42,143.81,0.37,-1.77,1,14,0,0,0,-2.81,0,1.1,107,9f440b6d-b2d5-43eb-9f24-a23f7a88ec07
TRUE,B0DJVW3XQ8,B09LXJW4XC,4inch led recessed lighting,1,kw,23,1,4650.51,0,45.45,-1.54,37,15.32,44.53,287.86,0,-2.76,20,1,4650.51,151.8,0.34,-1.76,1,20,0,0,0,-2.8,0,1.1,107,9f440b6d-b2d5-43eb-9f24-a23f7a88ec07
TRUE,B0DJVW3XQ8,B09LXJW4XC,4 inch recessed lighting led,1,kw,18,1,3735.82,0,38.47,-0.76,100,3.38,678.26,888.55,0,-2.07,16,1,3735.82,119.83,0.33,-1.69,1,12,0,0,0,-2.75,0,1.1,107,9f440b6d-b2d5-43eb-9f24-a23f7a88ec07
TRUE,B0DJVW3XQ8,B09LXJW4XC,recessed lighting 4 inch,2,kw,21,1,7840.2,0,72.32,-0.89,38,14.43,83.22,295.88,0,-2.8,19,1,7840.2,143.81,0.47,-1.82,1,19,0,0,0,-2.88,0,1.2,107,9f440b6d-b2d5-43eb-9f24-a23f7a88ec07
TRUE,B0DJVW3XQ8,B09LXJW4XC,recessed lights 4 inch,2,kw,20,1,1980.14,0,19.71,-1.59,37,17.16,15.46,287.86,0,-2.83,18,1,1980.14,135.81,0.17,-1.83,1,22,0,0,0,-2.85,0,1.2,107,9f440b6d-b2d5-43eb-9f24-a23f7a88ec07
FALSE,B0DJVW3XQ8,B09LXJW4XC,canless recessed lighting 4 inch,2,kw,34,1,1923.86,0,16.12,0,28,27.06,4.94,215.79,0,-1.99,30,1,1923.86,231.8,0,-0.98,1,31,0,0,0,-1.99,0,1.2,107,9f440b6d-b2d5-43eb-9f24-a23f7a88ec07
FALSE,B0DJVW3XQ8,B09LXJW4XC,4 inch led recessed lights color changing,3,sr_rc,58,1,574.65,0,2.99,-1.19,28,30.2,1.13,215.79,0,-2.75,48,1,574.65,376.12,0,-2.18,1,34,0,0,0,-2.75,0,1.1,107,9f440b6d-b2d5-43eb-9f24-a23f7a88ec07
FALSE,B0DKL4PWMV,B0B52BT46L,commercial bay lighting,1,kw,37,1,2845.58,0,10.9,-0.73,19,39.07,4.06,34.74,0,-1.99,25,1.02,2775.38,46.34,0.29,-0.95,1,44,0,0,0,-1.99,0,2.1,107,9f440b6d-b2d5-43eb-9f24-a23f7a88ec07
TRUE,B0DKL4PWMV,B0B52BT46L,highbay led shop lights,2,kw,13,1,869.79,0,4.35,-1.9,34,12.29,8.63,63.78,0,-3.35,12,1,869.79,21.22,0.15,-2.85,1,15,0,0,0,-3.35,0,2.2,107,9f440b6d-b2d5-43eb-9f24-a23f7a88ec07
FALSE,B0D1NJZNRN,B0B9HTWRR7,2x2 led panel lights for drop ceiling,1,kw,67,1,9913.59,0,11.19,-1.69,97,6.65,852.7,98.24,0,-2.59,47,1,9913.59,46.13,0.39,-1.84,1,46,0,0,0,-2.85,0,1.1,107,9f440b6d-b2d5-43eb-9f24-a23f7a88ec07
TRUE,B0CB722B5N,B0BM3XZ8NR,t8 led bulbs,1,kw,10,1.04,4990.95,0,9.15,-0.89,78,4.21,665.82,601.05,0,-1.83,10,1,5254.11,69.97,0.13,-0.97,1,12,0,0,0,-1.99,0,2.1,107,9f440b6d-b2d5-43eb-9f24-a23f7a88ec07
TRUE,B0C21XGXV9,B0BPJV277F,recessed can lights,1,kw,9,1,2433.94,0,7.56,-0.75,62,1,2433.94,175.1,0,-1.01,8,1,2433.94,20.04,0.39,-0.95,1,12,0,0,0,-1.98,0,1.1,107,9f440b6d-b2d5-43eb-9f24-a23f7a88ec07
TRUE,B0BPN51VTL,B0BPN51VTL,4 led shop lights,1,kw,24,1,1527.91,0,17.69,0,100,1.33,1062.84,122.61,0,-0.97,22,1,1527.91,21.15,0.69,-0.91,1,29,0,0,0,-1.98,0,2.1,107,9f440b6d-b2d5-43eb-9f24-a23f7a88ec07
FALSE,B0BPN51VTL,B0BPN51VTL,led garage strip lights,2,kw,97,62.07,6.03,0,0,-2.94,99,91.64,2.17,111.73,0,-2.98,100,23.48,29.72,122.61,0,-2.93,1,130,0,0,0,-2.97,0,2.2,107,9f440b6d-b2d5-43eb-9f24-a23f7a88ec07
FALSE,B0DS9287HL,B0BPN64GL7,4 ft led shop light,1,kw,35,1,5792.42,0,37.95,-1.66,97,16.64,117.66,101.29,0,-2.65,30,1,5792.42,29.15,1.4,-1.72,1,41,0,0,0,-2.75,0,1.1,107,9f440b6d-b2d5-43eb-9f24-a23f7a88ec07
FALSE,B0DS9287HL,B0BPN64GL7,led shop light 4ft,1,kw,58,1,7872.18,0,31.32,-1.61,97,33.07,49.32,101.29,0,-2.66,49,1,7872.18,48.33,0.76,-1.69,1,57,0,0,0,-2.7,0,1.1,107,9f440b6d-b2d5-43eb-9f24-a23f7a88ec07
FALSE,B0DS9287HL,B0BPN64GL7,linkable led shop light,2,kw,63,1,4676.53,0,17.46,-0.84,99,23.67,55.67,107.26,0,-2.78,45,1,4676.53,44.28,0.56,-1.75,1,51,0,0,0,-2.83,0,1.2,107,9f440b6d-b2d5-43eb-9f24-a23f7a88ec07
FALSE,B0DS9287HL,B0BPN64GL7,4 foot led shop light,3,sr_rc,53,1,1385.21,0,6.46,-1.61,97,30.56,9.88,101.29,0,-2.76,44,1,1385.21,43.27,0.2,-1.73,1,54,0,0,0,-2.76,0,1.1,107,9f440b6d-b2d5-43eb-9f24-a23f7a88ec07
FALSE,B0DS9287HL,B0BPN64GL7,led 4 foot shop lights,3,sr_rc,36,1,1631.08,0,9.68,-1.52,97,14.63,40.69,101.29,0,-2.64,31,1,1631.08,30.16,0.34,-1.64,1,39,0,0,0,-2.67,0,1.1,107,9f440b6d-b2d5-43eb-9f24-a23f7a88ec07
FALSE,B0DS9287HL,B0BPN64GL7,4' led shop light,4,sr_rc,72,1,5541.35,0,13.82,-2.61,97,38.33,27.03,101.29,0,-3.74,52,1,5541.35,51.37,0.45,-2.74,1,63,0,0,0,-3.76,0,1.2,107,9f440b6d-b2d5-43eb-9f24-a23f7a88ec07
FALSE,B0DCC5XWH8,B0BPN72816,shop lights for garage,1,kw,64,16.36,198.71,0,1.4,-1.51,99,33.02,57.41,420.32,0,-1.88,71,1,7913.56,291.93,0.15,-0.97,1,65,0,0,0,-1.98,0,2.1,107,9f440b6d-b2d5-43eb-9f24-a23f7a88ec07
FALSE,B0DCC5XWH8,B0BPN76Q82,4 foot led shop lights,1,kw,62,1,3317.93,0,29.64,-0.83,94,27.56,27.8,390.81,0,-1.92,43,1,3317.93,174.86,0.2,-0.96,1,50,0,0,0,-1.98,0,1.1,107,9f440b6d-b2d5-43eb-9f24-a23f7a88ec07
FALSE,B0DMTSW45K,B0BPN92M83,led shop lights for workshop 4ft,1,kw,28,1,17306.06,0,147.7,-0.73,100,3.93,2959.04,3182.97,0,-0.99,21,1,17306.06,639.99,0.26,-0.97,1,35,0,0,0,-1.99,0,2.1,107,9f440b6d-b2d5-43eb-9f24-a23f7a88ec07
FALSE,B0DMTSW45K,B0BPN92M83,4ft led shop light,1,kw,71,11.52,381.26,0,1.44,-1.44,97,36.6,51.19,3076.66,0,-1.93,64,1,9115.68,2016.24,0,-0.98,1,64,0,0,0,-1.98,0,2.1,107,9f440b6d-b2d5-43eb-9f24-a23f7a88ec07
FALSE,B0DMTSW45K,B0BPN92M83,4 foot led shop lights,2,kw,74,1.62,3374.05,0,11.1,-0.89,98,26.7,62.09,3110.02,0,-1.92,51,1,6200.31,1600.09,0,-0.98,1,56,0,0,0,-1.99,0,2.2,107,9f440b6d-b2d5-43eb-9f24-a23f7a88ec07
FALSE,B0DMTSW45K,B0BPN92M83,led shop lights,2,kw,17,71.81,84.2,0,0.74,-1.82,99,63.21,125.19,3144.5,0,-1.83,100,7.26,4006.26,3182.97,0,-0.97,1,102,0,0,0,-1.97,0,2.2,107,9f440b6d-b2d5-43eb-9f24-a23f7a88ec07
FALSE,B0DMTSW45K,B0BPN92M83,linkable led shop light,3,sr_rc,69,10.99,157.72,0,0.64,-1.64,100,15.57,91.23,3182.97,0,-1.88,62,1,3738.16,1952.21,0,-0.98,1,47,0,0,0,-1.98,0,2.1,107,9f440b6d-b2d5-43eb-9f24-a23f7a88ec07
FALSE,B0DMTSW45K,B0BPN92M83,linkable shop lights,3,sr_rc,59,1,1288.07,0,7.78,0,93,1,1288.07,2946.39,0,-0.98,39,1,1288.07,1216.03,0,-0.97,1,31,0,0,0,-1.98,0,2.1,107,9f440b6d-b2d5-43eb-9f24-a23f7a88ec07
FALSE,B0DMTSW45K,B0BPN92M83,garage shop lights,4,sr_rc,66,15.28,53.36,0,0.26,-1.83,100,29.77,17.66,3182.97,0,-1.96,65,1,1897.29,2048.26,0,-0.97,1,68,0,0,0,-1.98,0,2.2,107,9f440b6d-b2d5-43eb-9f24-a23f7a88ec07
TRUE,B0DLBWNF4J,B0BQL8SVJP,3 inch recessed led lights,1,kw,16,1,2846.05,0,36.87,-0.73,46,13.02,10.36,253.58,0,-1.97,16,1,2846.05,84.36,0.46,-0.96,1,14,0,0,0,-1.99,0,1.1,107,9f440b6d-b2d5-43eb-9f24-a23f7a88ec07
TRUE,B0DLBWNF4J,B0BQL8SVJP,3 recessed lighting led,1,kw,8,1,1396.87,0,19.3,0,36,5.62,62.23,197.07,0,-1.9,8,1,1396.87,39.36,0.48,-0.96,1,8,0,0,0,-1.99,0,1.1,107,9f440b6d-b2d5-43eb-9f24-a23f7a88ec07
TRUE,B0DLBWNF4J,B0BQL8SVJP,3 inch led recessed light,1,kw,12,1,1335.86,0,16.15,-0.73,28,11.27,5.11,151.95,0,-1.98,12,1,1335.86,61.86,0.29,-0.93,1,12,0,0,0,-1.99,0,1.1,107,9f440b6d-b2d5-43eb-9f24-a23f7a88ec07
TRUE,B0BZ2QWJ4W,B0BQLR8C8Z,3 led recessed light,1,kw,14,1,715.13,0,19.59,-0.73,48,9.97,14.49,551.38,0,-1.95,14,1,715.13,152.37,0.15,-0.97,1,14,0,0,0,-1.98,0,2.1,107,9f440b6d-b2d5-43eb-9f24-a23f7a88ec07
TRUE,B0BZ2QWJ4W,B0BQLR8C8Z,3 recessed lighting led,1,kw,15,1.01,678.4,0,18.11,-0.73,6,12.76,5.4,58.59,0,-1.97,13,1,687.19,140.64,0.15,-0.97,1,15,0,0,0,-1.98,0,2.1,107,9f440b6d-b2d5-43eb-9f24-a23f7a88ec07
FALSE,B0C827SWGW,B0BVGMF2V9,br30 led bulb 2700k,1,kw,43,1,710.1,0,20.92,-0.89,13,32.91,0.68,27.44,0,-1.99,32,1,710.1,71.15,0.29,-0.96,1,35,0,0,0,-1.99,0,1.1,107,9f440b6d-b2d5-43eb-9f24-a23f7a88ec07
FALSE,B0C827SWGW,B0BVGMF2V9,led light bulbs dimmable,2,kw,100,81.82,1.34,0,0,-1.97,99,105.11,0.63,297.96,0,-1.99,100,42.69,4.65,355.99,0,-1.97,1,144,0,0,0,-1.99,0,1.2,107,9f440b6d-b2d5-43eb-9f24-a23f7a88ec07
FALSE,B0C827SWGW,B0BVGNWM8L,high hat light bulbs,1,kw,27,1,500.18,0,15.44,-1.89,85,19.79,5.73,199.39,0,-2.97,23,1,500.18,50.22,0.27,-1.95,1,33,0,0,0,-2.99,0,2.1,107,9f440b6d-b2d5-43eb-9f24-a23f7a88ec07
FALSE,B0C827SWGW,B0BVGNWM8L,r30 led bulb,2,kw,70,1,567.79,0,8,-0.73,77,25.29,3.83,177.74,0,-1.97,50,1,567.79,112.56,0.09,-0.97,1,37,0,0,0,-1.99,0,2.2,107,9f440b6d-b2d5-43eb-9f24-a23f7a88ec07
FALSE,B0DSCBJVSP,B0BXQTC758,linkable shop lights,1,kw,72,5.22,60.61,0,0.63,-1.71,29,39.46,0.79,255.42,0,-1.99,64,1,508.54,575.52,0,-0.98,1,45,0,0,0,-1.99,0,1.1,107,9f440b6d-b2d5-43eb-9f24-a23f7a88ec07
FALSE,B0DSCBJVSP,B0BXQTC758,fluorescent light fixtures,2,kw,100,34.42,15.71,0,0.01,-2.68,93,85.2,1.37,847.39,0,-2.98,100,17.12,45.2,954.15,0,-2.82,1,102,0,0,0,-2.97,0,1.2,107,9f440b6d-b2d5-43eb-9f24-a23f7a88ec07
TRUE,B0DSYJ455F,B0BYG8PQ95,exit lights with emergency backup lighting,1,kw,8,1,10529.66,0,37.52,0,100,3.15,1736.91,152.63,0,-1.35,8,1,10529.66,7.1,4.23,-0.93,1,7,0,0,0,-1.99,0,2.1,107,9f440b6d-b2d5-43eb-9f24-a23f7a88ec07
FALSE,B0DSYJ455F,B0BYG8PQ95,emergency lighting,2,kw,34,1,13444.84,0,30.88,-1.4,5,30.1,6.99,4.05,0,-2.56,31,1,13444.84,30.54,1,-1.52,1,31,0,0,0,-2.56,0,2.2,107,9f440b6d-b2d5-43eb-9f24-a23f7a88ec07
TRUE,B0CBT38ZSV,B0BZJZND1C,canless recessed lighting 6 in,1,kw,14,1.05,12951.93,0,123.67,-0.7,18,15.58,47.4,179.86,0,-2.65,13,1,13792.3,126.94,0.95,-1.65,1,17,0,0,0,-2.68,0,1.1,107,9f440b6d-b2d5-43eb-9f24-a23f7a88ec07
TRUE,B0CBT38ZSV,B0BZJZND1C,canless led recessed light 6 inch,1,kw,16,1,2339.66,0,19.67,-0.9,2,19.78,0.79,10.57,0,-2.89,15,1,2339.66,148.1,0.15,-1.85,1,20,0,0,0,-2.89,0,1.1,107,9f440b6d-b2d5-43eb-9f24-a23f7a88ec07
TRUE,B0CBT38ZSV,B0BZJZND1C,canless recessed lighting,1,kw,20,1,1021.03,0,8.16,-1.61,13,23.03,1.04,126.94,0,-2.73,19,1,1021.03,190.44,0,-1.75,1,24,0,0,0,-2.73,0,1.1,107,9f440b6d-b2d5-43eb-9f24-a23f7a88ec07
FALSE,B0CBT38ZSV,B0BZJZND1C,6 inch recessed lights,2,kw,40,1,16120.6,0,102.43,-1.65,2,37.77,1.32,10.57,0,-2.75,37,1,16120.6,381.19,0.24,-1.73,1,38,0,0,0,-2.75,0,1.2,107,9f440b6d-b2d5-43eb-9f24-a23f7a88ec07
FALSE,B0CBT38ZSV,B0BZJZND1C,ceiling led lights,3,sr_rc,100,54.88,47.91,0,0.01,-2.65,55,102.12,4.07,572.55,0,-2.75,100,40.9,83.97,1164.97,0,-2.66,1,112,0,0,0,-2.74,0,1.1,107,9f440b6d-b2d5-43eb-9f24-a23f7a88ec07
FALSE,B0CBT38ZSV,B0BZJZND1C,led ceiling lights,3,sr_rc,100,27.43,57.87,0,0.01,-2.66,34,77.87,2.15,349.37,0,-2.77,100,14.47,151.5,1164.97,0,-2.62,1,85,0,0,0,-2.76,0,1.1,107,9f440b6d-b2d5-43eb-9f24-a23f7a88ec07
FALSE,B0CBT38ZSV,B0BZJZND1C,6 led recessed light dimmable,4,sr_rc,15,1,3686.21,0,31.75,-1.66,12,11.8,20.03,116.36,0,-2.9,14,1,3686.21,137.52,0.15,-1.89,1,13,0,0,0,-2.91,0,1.2,107,9f440b6d-b2d5-43eb-9f24-a23f7a88ec07
FALSE,B0CBT38ZSV,B0BZJZND1C,6 recessed lighting led,4,sr_rc,24,1,9120.37,0,61.72,-1.69,2,14.73,7.34,10.57,0,-2.84,21,1,9120.37,211.62,0.25,-1.82,1,15,0,0,0,-2.84,0,1.2,107,9f440b6d-b2d5-43eb-9f24-a23f7a88ec07
FALSE,B0CBT38ZSV,B0BZJZND1C,wafer lights,5,sr_rc,34,1,6616.19,0,44.99,-0.73,11,25.06,5.4,105.77,0,-1.99,31,1,6616.19,317.56,0.13,-0.97,1,26,0,0,0,-1.99,0,1.1,107,9f440b6d-b2d5-43eb-9f24-a23f7a88ec07
FALSE,B0CBT38ZSV,B0BZJZND1C,wafer lights 6 inch,5,sr_rc,51,1,8773.34,0,46.72,-0.89,11,43.01,2.25,105.77,0,-1.99,48,1,8773.34,498.02,0.1,-0.97,1,44,0,0,0,-1.99,0,1.1,107,9f440b6d-b2d5-43eb-9f24-a23f7a88ec07
FALSE,B0CBT38ZSV,B0BZJZND1C,luces led,6,sr_rc,24,140.15,24.31,0,0.11,-2.48,98,146.02,17.94,1073.73,0,-2.63,100,84.07,138.33,1164.97,0,-2.51,1,166,0,0,0,-2.64,0,1.2,107,9f440b6d-b2d5-43eb-9f24-a23f7a88ec07
FALSE,B0DXJKL9C8,B0BZX4BY85,shop lights for garage,1,kw,70,1,44714.26,0,48.11,-1.61,37,47.8,27.89,82.59,0,-2.86,64,1,44714.26,146.01,0.39,-1.83,1,51,0,0,0,-2.87,0,2.1,107,9f440b6d-b2d5-43eb-9f24-a23f7a88ec07
FALSE,B0DXJKL9C8,B0BZX4BY85,garage shop lights,1,kw,35,1,6695.49,0,16.75,-0.88,37,23.13,18.27,82.59,0,-2.86,33,1,6695.49,73.35,0.26,-1.81,1,26,0,0,0,-2.87,0,2.1,107,9f440b6d-b2d5-43eb-9f24-a23f7a88ec07
FALSE,B0DXJKL9C8,B0BZX4BY85,led shop lights for garage,1,kw,73,1,13051.02,0,11.47,-1.8,37,42.38,8.79,82.59,0,-3.79,66,1,13051.02,150.84,0.11,-2.71,1,45,0,0,0,-3.79,0,2.1,107,9f440b6d-b2d5-43eb-9f24-a23f7a88ec07
FALSE,B0BZXFK8VZ,B0BZXFK8VZ,highbay led shop lights,1,kw,72,33.97,1.63,0,0,-2.46,92,43.68,0.93,93.54,0,-2.48,100,1.73,106.48,114.32,0,-2.23,1,75,0,0,0,-2.48,0,1.1,107,9f440b6d-b2d5-43eb-9f24-a23f7a88ec07
FALSE,B0C37T8437,B0C37T8437,black recessed lights,1,kw,44,1,1682.75,0,14.8,-0.73,97,14.9,39.47,104.09,0,-1.92,35,1,1682.75,34.29,0.5,-0.91,1,37,0,0,0,-1.97,0,2.1,107,9f440b6d-b2d5-43eb-9f24-a23f7a88ec07
TRUE,B0D96YM17B,B0C3J933Y5,t8 led bulbs 4 foot,1,kw,17,1,31476.17,0,94.46,0,53,8.75,1061.25,53.58,0,-1.56,15,1,31476.17,14.26,6.03,-0.95,1,15,0,0,0,-1.99,0,1.1,107,9f440b6d-b2d5-43eb-9f24-a23f7a88ec07
TRUE,B0D96YM17B,B0C3J933Y5,t8 led bulbs,1,kw,15,1.04,3039.26,0,10.28,-0.73,82,3.1,704.97,86.31,0,-1.7,13,1,3196.77,12.22,0.87,-0.95,1,17,0,0,0,-1.99,0,1.1,107,9f440b6d-b2d5-43eb-9f24-a23f7a88ec07
TRUE,B0D96YM17B,B0C3J933Y5,t8 led,1,kw,18,1,2954.39,0,9.73,0,77,8.52,143.98,80.12,0,-1.93,15,1,2954.39,14.26,0.69,-0.96,1,22,0,0,0,-1.99,0,1.1,107,9f440b6d-b2d5-43eb-9f24-a23f7a88ec07
TRUE,B0D96YM17B,B0C3J933Y5,led t8 bulbs 4ft,2,kw,20,1,3552.27,0,12.31,-0.83,34,13.51,42.48,33.75,0,-1.97,19,1,3552.27,18.34,0.59,-0.95,1,18,0,0,0,-1.99,0,1.2,107,9f440b6d-b2d5-43eb-9f24-a23f7a88ec07
FALSE,B0D96YM17B,B0C3J933Y5,4' led light bulbs,3,sr_rc,38,1,4193.58,0,11.15,-0.73,3,22.7,5.8,2.03,0,-1.99,29,1,4193.58,28.6,0.38,-0.95,1,24,0,0,0,-1.99,0,1.1,107,9f440b6d-b2d5-43eb-9f24-a23f7a88ec07
TRUE,B0D96JZH5H,B0C3JNKCDK,t8 led,1,kw,18,1,1835.09,0,9.36,-0.73,81,7.66,105.53,84.18,0,-1.92,15,1,1835.09,14.21,0.68,-0.97,1,21,0,0,0,-1.99,0,2.1,107,9f440b6d-b2d5-43eb-9f24-a23f7a88ec07
FALSE,B0CNHF29K7,B0C6FTFPBB,led ceiling lights,1,kw,95,1,2047.96,0,2.73,-0.83,98,39.02,11.93,111.61,0,-1.96,71,1,2047.96,71.66,0.21,-0.91,1,76,0,0,0,-1.99,0,1.1,107,9f440b6d-b2d5-43eb-9f24-a23f7a88ec07
TRUE,B0C7HL17RK,B0C7CXKR58,emergency lighting,1,kw,16,1,2189.85,0,48.64,0,92,11.2,53.01,96.93,0,-1.87,15,1.01,2162.08,14.14,2.86,-0.93,1,19,0,0,0,-1.98,0,2.1,107,9f440b6d-b2d5-43eb-9f24-a23f7a88ec07
FALSE,B0C7HL17RK,B0C7CXKR58,led emergency lights with battery backup,2,kw,34,1,1025.64,0,19.54,-0.73,27,29.09,1.73,26.3,0,-1.99,31,1,1025.64,30.36,0.61,-0.96,1,32,0,0,0,-1.98,0,2.2,107,9f440b6d-b2d5-43eb-9f24-a23f7a88ec07
TRUE,B0DSYJ455F,B0C7D1S843,emergency exit sign with lights battery backup,1,kw,15,1.01,3344.78,0,52.32,0,35,14.15,8.99,34.56,0,-1.97,15,1,3388.13,14.18,3.36,-0.95,1,15,0,0,0,-1.99,0,1.1,107,9f440b6d-b2d5-43eb-9f24-a23f7a88ec07
TRUE,B0DSYJ455F,B0C7D1S843,emergency exit light,1,kw,15,1,2117.67,0,33.3,0,21,13.24,5.87,20.28,0,-1.98,15,1,2117.67,14.18,2.06,-0.95,1,14,0,0,0,-1.99,0,1.1,107,9f440b6d-b2d5-43eb-9f24-a23f7a88ec07
TRUE,B0DSYJ455F,B0C7D1S843,emergency exit lights with battery backup,1,kw,20,1,1176.62,0,17.15,0,21,19.38,1.14,20.28,0,-1.99,20,1,1176.62,19.26,0.82,-0.96,1,20,0,0,0,-1.99,0,1.1,107,9f440b6d-b2d5-43eb-9f24-a23f7a88ec07
FALSE,B0DSYJ455F,B0C7D1S843,emergency exit sign,1,kw,100,11.58,231.68,0,0.05,-1.48,49,53.45,1.4,48.97,0,-1.99,100,9.17,323.2,145.83,0,-1.42,1,55,0,0,0,-1.99,0,1.1,107,9f440b6d-b2d5-43eb-9f24-a23f7a88ec07
FALSE,B0CB72GWYP,B0CCGMJ4V3,recessed lights 6 inch,1,kw,36,1,1852.09,0,18.82,-1.49,2,33.66,0.29,11.73,0,-2.59,31,1,1852.09,352.27,0,-1.58,1,34,0,0,0,-2.58,0,2.1,107,9f440b6d-b2d5-43eb-9f24-a23f7a88ec07
TRUE,B0CB72GWYP,B0CCGMJ4V3,canless led recessed light 6 inch,1,kw,25,1,1463.07,0,17.03,-1.62,37,25.99,5,422.82,0,-2.71,22,1.01,1444.73,246.52,0.14,-1.7,1,31,0,0,0,-2.72,0,2.1,107,9f440b6d-b2d5-43eb-9f24-a23f7a88ec07
FALSE,B0CCJY3BXK,B0CCJY3BXK,drop ceiling lights,1,kw,70,1,620.75,0,1.96,-1.19,93,20.78,5.91,92,0,-1.98,58,1,620.75,57,0.07,-1.28,1,32,0,0,0,-1.98,0,1.1,107,9f440b6d-b2d5-43eb-9f24-a23f7a88ec07
FALSE,B0DSGJX4G8,B0CCK3DX11,fluorescent light fixtures,1,kw_sr_rc,100,31.18,13.35,0,0.01,-2.69,100,67.66,2.55,118.45,0,-2.97,98,1,1278.38,105.18,0.02,-1,1,100,0,0,0,-2.98,0,2.1,107,9f440b6d-b2d5-43eb-9f24-a23f7a88ec07
FALSE,B0CT4MYRRH,B0CCK69XVT,solar firefly lights,1,kw,17,46.24,10.04,0,0.57,-0.95,100,29.58,31.69,105.43,0,-1.78,100,1,3472.21,105.43,0.02,-0.75,1,65,0,0,0,-1.89,0,1.1,107,9f440b6d-b2d5-43eb-9f24-a23f7a88ec07
FALSE,B0CT4MYRRH,B0CCK69XVT,firefly solar lights outdoor,1,kw,50,17.76,12.74,0,0.45,-0.94,100,7.3,46.81,105.43,0,-1.71,74,1,605.42,73.35,0.11,-0.75,1,56,0,0,0,-1.89,0,1.1,107,9f440b6d-b2d5-43eb-9f24-a23f7a88ec07
FALSE,B0DSGJX4G8,B0CCQ5VFTT,4 led shop lights,1,kw,95,2.23,189.64,0,0.42,-2.16,99,39.86,2.64,107.58,0,-2.98,69,1,521.25,68.73,0.1,-1.95,1,70,0,0,0,-2.99,0,2.1,107,9f440b6d-b2d5-43eb-9f24-a23f7a88ec07
FALSE,B0DSGJX4G8,B0CCQ5VFTT,plug in shop light,2,kw_sr_rc,100,8.26,26.87,0,0.01,-2.77,99,42.49,1.7,107.58,0,-2.98,85,1,402.8,85.59,0.03,-1.73,1,69,0,0,0,-2.98,0,2.2,107,9f440b6d-b2d5-43eb-9f24-a23f7a88ec07
FALSE,B0CKS2LD73,B0CCWQ1LN8,65w flood light indoor,1,kw,94,1,646.78,0,2.65,-1.68,93,36.56,3.57,147.09,0,-2.82,69,1,646.78,104.17,0.13,-1.78,1,63,0,0,0,-2.84,0,1.1,107,9f440b6d-b2d5-43eb-9f24-a23f7a88ec07
FALSE,B0CKS2LD73,B0CCWQSCDM,cool white led light bulbs,1,kw,78,1,1091.28,0,13.94,-1.66,100,13.04,38.33,199.6,0,-2.57,57,1,1091.28,85.42,0.34,-1.72,1,65,0,0,0,-2.76,0,2.1,107,9f440b6d-b2d5-43eb-9f24-a23f7a88ec07
FALSE,B0CKS2LD73,B0CCWQSCDM,r30 led bulb,2,kw,78,1,473.45,0,5.88,-0.83,99,17.13,8.82,176.71,0,-1.95,57,1,473.45,85.42,0.16,-0.93,1,39,0,0,0,-1.99,0,2.2,107,9f440b6d-b2d5-43eb-9f24-a23f7a88ec07
FALSE,B0CKS2LD73,B0CCX7YP98,br30 65w indoor flood,1,kw,82,1,2214.18,0,24.8,-1.7,95,10.22,97.16,152.63,0,-2.37,46,1,2214.18,68.41,0.98,-1.78,1,36,0,0,0,-2.86,0,1.1,107,9f440b6d-b2d5-43eb-9f24-a23f7a88ec07
FALSE,B0CKS2LD73,B0CCX7YP98,light bulb base sizes chart,2,kw_sr_rc,100,30.58,9.1,0,0.01,-2.88,100,64.78,2.12,197.63,0,-2.98,95,1,822.26,152.63,0.02,-1.89,1,108,0,0,0,-2.99,0,1.2,107,9f440b6d-b2d5-43eb-9f24-a23f7a88ec07
TRUE,B0DS92YYPW,B0CD155GLY,led shop lights,1,kw,15,63.86,122.77,0,0.89,-1.77,100,45.66,301.57,2247.74,0,-1.7,91,1,61737.6,2031.81,0.03,-0.96,1,91,0,0,0,-1.98,0,2.1,107,9f440b6d-b2d5-43eb-9f24-a23f7a88ec07
FALSE,B0F114VQ3N,B0CD2WX1P2,g25 globe light bulbs 60 watt,1,kw,40,1,1474.52,0,25.19,-2.39,82,14.8,33.87,115.88,0,-3.45,31,1,1474.52,41.91,0.66,-2.52,1,35,0,0,0,-3.55,0,1.1,107,9f440b6d-b2d5-43eb-9f24-a23f7a88ec07
FALSE,B0CT6RRB77,B0CD2XW7PG,led bathroom light bulbs,1,kw,85,6.44,35.9,0,0.38,-1.69,100,15.08,11.07,374.88,0,-1.92,67,1,387.15,218.52,0.07,-0.95,1,67,0,0,0,-1.98,0,2.1,107,9f440b6d-b2d5-43eb-9f24-a23f7a88ec07
FALSE,B0CT6RRB77,B0CD2XW7PG,light bulbs for bathroom above mirror,2,kw_sr_rc,100,4.13,63.88,0,0.04,-1.55,100,24.81,4.46,374.88,0,-1.97,74,1,388.87,242.17,0.05,-0.83,1,55,0,0,0,-1.98,0,2.2,107,9f440b6d-b2d5-43eb-9f24-a23f7a88ec07
FALSE,B0CT6RRB77,B0CD2XW7PG,bathroom bulbs for lights over mirror,2,kw,100,4.09,54.66,0,0.03,-1.53,100,30.77,2.26,374.88,0,-1.97,82,1,329.08,269.73,0,-0.97,1,53,0,0,0,-1.97,0,2.2,107,9f440b6d-b2d5-43eb-9f24-a23f7a88ec07
FALSE,B0CT6RRB77,B0CD2XW7PG,bathroom light bulbs over mirror,2,kw,100,29.76,9.51,0,0,-1.84,100,45.12,3.64,374.88,0,-1.96,100,4.88,133.86,374.88,0,-1.23,1,70,0,0,0,-1.98,0,2.2,107,9f440b6d-b2d5-43eb-9f24-a23f7a88ec07
FALSE,B0DKDTVZM8,B0CD9WYRZG,led shop light 4ft,1,kw,27,1.01,6561.19,0,57.68,-0.73,100,3.41,1378.02,109.85,0,-0.98,24,1,6644.2,23.08,2.47,-0.95,1,38,0,0,0,-1.98,0,1.1,107,9f440b6d-b2d5-43eb-9f24-a23f7a88ec07
FALSE,B0DKDTVZM8,B0CD9WYRZG,led shop light,1,kw,72,7.17,1004.96,0,3.27,-0.83,100,12.88,441.96,109.85,0,-1.49,59,1,12644.05,58.32,1.01,-0.91,1,58,0,0,0,-1.99,0,1.1,107,9f440b6d-b2d5-43eb-9f24-a23f7a88ec07
FALSE,B0DKDTVZM8,B0CD9WYRZG,shop led lights,1,kw,14,90.6,2.27,0,0,-1.92,100,75.92,4.59,109.85,0,-1.97,100,19.87,55.42,109.85,0,-1.89,1,113,0,0,0,-1.96,0,1.1,107,9f440b6d-b2d5-43eb-9f24-a23f7a88ec07
FALSE,B0DKDTVZM8,B0CD9WYRZG,linkable led shop light,2,kw_sr_rc,7,59.54,3.69,0,0,-1.97,100,33.94,28.3,109.85,0,-1.95,94,1,3972.7,95.25,0.04,-0.95,1,68,0,0,0,-1.97,0,1.2,107,9f440b6d-b2d5-43eb-9f24-a23f7a88ec07
FALSE,B0DKDTVZM8,B0CD9WYRZG,shop lights for garage led super bright,3,sr_rc,61,101.32,6.58,0,0,-3.52,100,118.11,3.8,109.85,0,-3.55,100,54.74,25.08,109.85,0,-3.51,1,155,0,0,0,-3.55,0,1.1,107,9f440b6d-b2d5-43eb-9f24-a23f7a88ec07
FALSE,B0DKDTVZM8,B0CD9WYRZG,led shop lights for garage,3,sr_rc,32,95.01,4.44,0,0,-2.58,100,92.08,4.96,109.85,0,-2.58,100,36.33,35.05,109.85,0,-2.54,1,132,0,0,0,-2.59,0,1.1,107,9f440b6d-b2d5-43eb-9f24-a23f7a88ec07
TRUE,B0DR9NVBTN,B0CGG75T55,par 38 led flood light outdoor bulb,1,kw,5,1,2983.31,0,60.89,-0.83,100,1.42,1761.12,220.23,0,-0.98,5,1,2983.31,4.12,11.71,-0.93,1,5,0,0,0,-1.99,0,2.1,107,9f440b6d-b2d5-43eb-9f24-a23f7a88ec07
FALSE,B0DGYYTCL5,B0CGGBGGP5,flood lights outdoor,1,kw,39,1.02,94138.45,0,1242.56,0,100,23.72,531.66,162.54,0,-0.99,38,1,96531.3,37.86,31.74,-0.93,1,31,0,0,0,-1.99,0,1.1,107,9f440b6d-b2d5-43eb-9f24-a23f7a88ec07
TRUE,B0BT5472DR,B0CGYNWQDC,4 led recessed light,1,kw,21,1.02,4121.23,0,64.14,-0.89,11,19.55,2.95,248.67,0,-1.98,21,1,4227.08,497.58,0.14,-0.97,1,20,0,0,0,-1.98,0,2.1,107,9f440b6d-b2d5-43eb-9f24-a23f7a88ec07
TRUE,B0BT5472DR,B0CGYNWQDC,led recessed lighting 4 inch,1,kw,11,1,1443.79,0,25.97,-0.73,25,9.75,12.35,597.22,0,-1.96,10,1,1443.79,223.8,0.16,-0.95,1,11,0,0,0,-1.97,0,2.1,107,9f440b6d-b2d5-43eb-9f24-a23f7a88ec07
TRUE,B0BT5472DR,B0CGYNWQDC,can lights 4 inch,2,kw,17,1,767.05,0,12.58,-0.73,65,13.65,5.43,1599.68,0,-1.97,16,1,767.05,373.09,0,-0.97,1,16,0,0,0,-1.98,0,2.2,107,9f440b6d-b2d5-43eb-9f24-a23f7a88ec07
TRUE,B0DLLHRSMP,B0CJCLW5T9,2x2 led flat panel light,1,kw,20,1,29175.95,0,70.74,-0.83,41,13.36,305.92,40.34,0,-1.91,19,1,29175.95,18.12,3.63,-0.97,1,17,0,0,0,-1.99,0,1.1,107,9f440b6d-b2d5-43eb-9f24-a23f7a88ec07
FALSE,B0DQVM78NV,B0CJD4BP4X,a15 light bulb,1,kw,41,1,2356.3,0,112.4,-1.3,99,7.15,177.66,125.88,0,-1.55,28,1,2356.3,27.42,4.7,-1.48,1,37,0,0,0,-2.56,0,2.1,107,9f440b6d-b2d5-43eb-9f24-a23f7a88ec07
FALSE,B0DQVM78NV,B0CJD4BP4X,2700k led bulb,2,kw,92,68.58,0.77,0,0,-1.98,100,80.77,0.53,146.96,0,-1.99,100,8.35,17.59,146.96,0,-1.86,1,141,0,0,0,-1.99,0,2.2,107,9f440b6d-b2d5-43eb-9f24-a23f7a88ec07
TRUE,B08Q1Z68FS,B0CK325VGP,led disk lights 6 inch,1,kw,9,1,1384.71,0,14.74,0,88,2.72,350.09,354.58,0,-1.67,8,1,1384.71,28.05,0.38,-0.96,1,12,0,0,0,-1.98,0,1.1,107,9f440b6d-b2d5-43eb-9f24-a23f7a88ec07
TRUE,B08Q1Z68FS,B0CK325VGP,disc lights ceiling,2,kw,9,1,1197.68,0,14.43,-0.62,46,1,1197.68,180.71,0,-1.61,7,1,1197.68,24.04,0.44,-1.57,1,9,0,0,0,-2.6,0,1.2,107,9f440b6d-b2d5-43eb-9f24-a23f7a88ec07
FALSE,B0DW5C1MZ5,B0CLDVFK7L,grow lights for indoor seed starting,1,kw,20,109.9,0.4,0,0,-2.63,100,86.15,1.03,117.23,0,-2.64,100,34.58,6.13,117.23,0,-2.6,1,135,0,0,0,-2.65,0,2.1,107,9f440b6d-b2d5-43eb-9f24-a23f7a88ec07
FALSE,B0DW5C1MZ5,B0CLDVFK7L,seed starting lights,1,kw,70,84.44,0.61,0,0,-1.96,100,83.48,0.63,117.23,0,-1.98,100,36.93,3.24,117.23,0,-1.95,1,131,0,0,0,-1.98,0,2.1,107,9f440b6d-b2d5-43eb-9f24-a23f7a88ec07
FALSE,B0DW5C1MZ5,B0CLDVFK7L,led grow lights for seed starting,1,kw,10,138.03,0.22,0,0,-2.71,100,101.55,1.2,117.23,0,-2.72,100,58.12,4.31,117.23,0,-2.69,1,151,0,0,0,-2.73,0,2.1,107,9f440b6d-b2d5-43eb-9f24-a23f7a88ec07
FALSE,B0DW5C1MZ5,B0CLDVFK7L,hanging grow light,2,kw,14,160.76,0.18,0,0,-2.63,99,135.41,0.52,108.6,0,-2.65,99,74.42,2.44,108.6,0,-2.62,1,180,0,0,0,-2.65,0,2.2,107,9f440b6d-b2d5-43eb-9f24-a23f7a88ec07
FALSE,B0DW5C1MZ5,B0CLDVFK7L,grow lights for seedlings,3,sr_rc,8,137.61,0.28,0,0,-2.63,100,96.35,1.61,117.23,0,-2.64,100,44.99,7.51,117.23,0,-2.59,1,152,0,0,0,-2.65,0,2.1,107,9f440b6d-b2d5-43eb-9f24-a23f7a88ec07
FALSE,B0DW5C1MZ5,B0CLDVFK7L,grow lights for greenhouse,4,sr_rc,17,150.4,0.1,0,0,-3.79,99,134.22,0.18,108.6,0,-3.79,99,82.42,0.72,108.6,0,-3.79,1,176,0,0,0,-3.79,0,2.2,107,9f440b6d-b2d5-43eb-9f24-a23f7a88ec07
FALSE,B0DW5S7BBT,B0CLDVXZL5,seed starting lights,1,kw,71,84.94,1.34,0,0,-1.98,100,90.53,1.1,110.85,0,-1.99,100,43.46,5.49,110.85,0,-1.97,1,132,0,0,0,-1.99,0,1.1,107,9f440b6d-b2d5-43eb-9f24-a23f7a88ec07
FALSE,B0DW5S7BBT,B0CLDVXZL5,led grow lights for seed starting,1,kw,10,125.07,0.6,0,0,-1.98,100,95.48,2.7,110.85,0,-1.98,100,52.93,10.68,110.85,0,-1.96,1,138,0,0,0,-1.99,0,1.1,107,9f440b6d-b2d5-43eb-9f24-a23f7a88ec07
FALSE,B0CM4473VN,B0CM4473VN,led edison bulb,1,kw,65,1,3594.01,0,67.97,-0.83,100,14.26,109.26,140.05,0,-1.49,50,1,3594.01,49.88,1.88,-0.95,1,61,0,0,0,-1.99,0,2.1,107,9f440b6d-b2d5-43eb-9f24-a23f7a88ec07
FALSE,B0CM4473VN,B0CM4473VN,75 watt led light bulbs daylight,2,kw,48,1,1424.1,0,33.09,-0.83,100,3.81,256.62,140.05,0,-0.99,38,1,1424.1,37.56,1.04,-0.96,1,42,0,0,0,-1.99,0,2.2,107,9f440b6d-b2d5-43eb-9f24-a23f7a88ec07
FALSE,B0CM4473VN,B0CM4473VN,light bulbs 75 watt,2,kw,92,3.82,642.67,0,2.79,-1.47,100,37.66,21.24,140.05,0,-2.44,73,1,3503.78,74.14,0.61,-1.51,1,73,0,0,0,-2.53,0,2.2,107,9f440b6d-b2d5-43eb-9f24-a23f7a88ec07
FALSE,B0CM4473VN,B0CM4473VN,75 watt light bulbs,2,kw_sr_rc,96,12.72,115.91,0,0.26,-2.18,100,47.49,12.41,140.05,0,-2.68,82,1,3067.45,84.32,0.3,-1.69,1,83,0,0,0,-2.74,0,2.2,107,9f440b6d-b2d5-43eb-9f24-a23f7a88ec07
FALSE,B0D6GWGFP9,B0CMVVJWL5,solar path lights,1,kw,6,82.94,4.59,0,0.21,-1.72,100,38.06,73.65,121.4,0,-1.82,100,8.62,672.92,121.4,0,-0.93,1,91,0,0,0,-1.98,0,1.1,107,9f440b6d-b2d5-43eb-9f24-a23f7a88ec07
FALSE,B0D6GWGFP9,B0CMVVJWL5,solar path lights outdoor,1,kw,10,110.07,2.36,0,0,-1.95,100,74.39,10.65,121.4,0,-1.96,100,33.44,47.41,121.4,0,-1.87,1,129,0,0,0,-1.97,0,1.1,107,9f440b6d-b2d5-43eb-9f24-a23f7a88ec07
FALSE,B0D6GWGFP9,B0CMVVJWL5,solar pathway lights outdoor,2,kw,7,141.66,8.36,0,0.2,-0.98,100,104.74,40.14,121.4,0,-1.89,7,140.79,8.89,6.06,0,-1.91,1,157,0,0,0,-1.96,0,1.2,107,9f440b6d-b2d5-43eb-9f24-a23f7a88ec07
FALSE,B0D6GWGFP9,B0CMVVJWL5,solar pathway lights,2,kw,4,146.41,2.19,0,0,-1.95,100,98.92,32.45,121.4,0,-1.91,100,71.81,70.9,121.4,0,-1.82,1,152,0,0,0,-1.97,0,1.2,107,9f440b6d-b2d5-43eb-9f24-a23f7a88ec07
FALSE,B0D6GWGFP9,B0CMVVJWL5,solar lights outdoor pathway,2,kw,7,176.2,1.8,0,0,-1.92,100,136.95,11.08,121.4,0,-1.95,7,175.66,1.89,6.06,0,-1.95,1,187,0,0,0,-1.96,0,1.2,107,9f440b6d-b2d5-43eb-9f24-a23f7a88ec07
FALSE,B0D6GWGFP9,B0CMVVJWL5,solar walkway lights outdoor,3,sr_rc,7,168.62,2.52,0,0,-1.83,100,130.29,11.29,121.4,0,-1.94,7,167.63,2.69,6.06,0,-1.9,1,185,0,0,0,-1.94,0,1.1,107,9f440b6d-b2d5-43eb-9f24-a23f7a88ec07
FALSE,B0D6GWGFP9,B0CMVVJWL5,solar walkway lights,3,sr_rc,9,76.87,1.75,0,0,-1.73,100,34.28,18.84,121.4,0,-1.92,100,6,229.47,121.4,0,-1.39,1,90,0,0,0,-1.93,0,1.1,107,9f440b6d-b2d5-43eb-9f24-a23f7a88ec07
FALSE,B0DH9DCM6J,B0CN1MT9H4,outdoor edison bulbs,1,kw,66,98.49,1.16,0,0,-2.94,100,112.7,0.73,134.5,0,-2.98,100,57.88,3.79,134.5,0,-2.95,1,152,0,0,0,-2.97,0,2.1,107,9f440b6d-b2d5-43eb-9f24-a23f7a88ec07
FALSE,B0CLSS9P3R,B0CNQG7PD9,2x2 led panel lights for drop ceiling,1,kw,86,1,2466.92,0,4.9,-1.79,16,53.69,0.51,15.18,0,-2.89,80,1,2466.92,81.28,0.08,-1.88,1,55,0,0,0,-2.89,0,1.1,107,9f440b6d-b2d5-43eb-9f24-a23f7a88ec07
FALSE,B0CNY75Y5C,B0CNY75Y5C,surface mount led ceiling light,1,kw,100,107.15,0.94,0,0,-1.96,100,114.19,0.78,106.38,0,-1.98,100,50.34,4.27,106.38,0,-1.96,1,171,0,0,0,-1.98,0,2.1,107,9f440b6d-b2d5-43eb-9f24-a23f7a88ec07
FALSE,B0CQKJX51Y,B0CQKJX51Y,led emergency lights with battery backup,1,kw,84,1,1514.46,0,4.97,-0.89,96,32.84,9.44,98.43,0,-1.98,57,1,1514.46,56.35,0.19,-0.97,1,56,0,0,0,-1.99,0,1.1,107,9f440b6d-b2d5-43eb-9f24-a23f7a88ec07
FALSE,B0CQKJX51Y,B0CQKJX51Y,emergency light,2,kw,91,20.09,953.19,0,1.54,-0.94,100,45.24,187.53,111.42,0,-1.71,91,1,50836.44,91.87,0.87,-0.97,1,71,0,0,0,-1.99,0,1.2,107,9f440b6d-b2d5-43eb-9f24-a23f7a88ec07
FALSE,B0CQKJX51Y,B0CQKJX51Y,emergency lights,2,kw,73,30.99,148.83,0,0.67,-1.74,100,59.76,31.86,111.42,0,-1.94,100,6.75,1343.75,111.42,0,-0.98,1,84,0,0,0,-1.99,0,1.2,107,9f440b6d-b2d5-43eb-9f24-a23f7a88ec07
FALSE,B0CQKJX51Y,B0CQKJX51Y,led emergency lights,2,kw,80,11.24,77.76,0,0.26,-1.83,100,40.05,7.58,111.42,0,-1.98,77,1,1804.53,76.78,0.08,-0.97,1,62,0,0,0,-1.99,0,1.2,107,9f440b6d-b2d5-43eb-9f24-a23f7a88ec07
TRUE,B0D4WSBHCF,B0CR1WV3N8,3 recessed lighting led,1,kw,24,1.01,640.55,0,16.13,-0.89,94,5.63,57.69,150.08,0,-1.8,21,1,648.81,30.82,0.56,-0.93,1,17,0,0,0,-1.99,0,2.1,107,9f440b6d-b2d5-43eb-9f24-a23f7a88ec07
FALSE,B0DGRW93KV,B0CR6VVTPM,4 inch gimbal led recessed light,1,kw,77,1,877.36,0,4.7,-0.83,100,2.17,328.78,107.8,0,-1.33,49,1,877.36,48.18,0.19,-0.97,1,48,0,0,0,-1.99,0,1.1,107,9f440b6d-b2d5-43eb-9f24-a23f7a88ec07
FALSE,B0CR6W3SHQ,B0CR6W3SHQ,4 inch gimbal led recessed light,1,kw,52,1,297.75,0,9.61,-0.73,100,4.5,43.05,112.87,0,-1.74,38,1,297.75,37.19,0.35,-0.96,1,42,0,0,0,-1.99,0,2.1,107,9f440b6d-b2d5-43eb-9f24-a23f7a88ec07
FALSE,B0CRBLDK6M,B0CRBLDK6M,s14 bulbs for outdoor string lights,1,kw,70,1,1127.14,0,34.47,-1.4,94,36.41,6.41,98.92,0,-2.58,51,1,1127.14,50.64,1.01,-1.6,1,64,0,0,0,-2.63,0,1.1,107,9f440b6d-b2d5-43eb-9f24-a23f7a88ec07
FALSE,B0CRBLH9VH,B0CRBLH9VH,s14 bulbs for outdoor string lights,1,kw,41,1,2554.48,0,70.61,0,98,15.32,62.29,109.35,0,-1.73,34,1,2554.48,33.34,2.07,-0.88,1,44,0,0,0,-1.97,0,2.1,107,9f440b6d-b2d5-43eb-9f24-a23f7a88ec07
FALSE,B0DGRW26CC,B0CSG92CQV,high bay led shop lights,1,kw,29,1,18425.47,0,37.01,-1.48,33,26.72,102.51,32.25,0,-2.71,26,1,18425.47,25.18,1.39,-1.72,1,37,0,0,0,-2.74,0,1.1,107,9f440b6d-b2d5-43eb-9f24-a23f7a88ec07
FALSE,B0F4M4SC58,B0CSH7LT4F,walkway solar lights for outside,1,kw,9,44.76,6.87,0,0.37,-1.7,100,5.97,275.28,112.61,0,-0.94,94,1,2707.69,95.82,0.1,-0.91,1,59,0,0,0,-1.97,0,2.1,107,9f440b6d-b2d5-43eb-9f24-a23f7a88ec07
FALSE,B0F4M4SC58,B0CSH7LT4F,solar path lights,2,kw,9,99.26,3.18,0,0.2,-2.57,100,62.95,16.29,112.61,0,-2.67,100,19.7,115.12,112.61,0,-2.26,1,117,0,0,0,-2.74,0,2.2,107,9f440b6d-b2d5-43eb-9f24-a23f7a88ec07
FALSE,B0DGRW26CC,B0CT42YDQW,ufo led high bay light,1,kw,42,1,23035.88,0,34.16,-1.63,22,33,76.51,21.13,0,-2.77,28,1,23035.88,27.18,1.45,-1.75,1,42,0,0,0,-2.79,0,1.1,107,9f440b6d-b2d5-43eb-9f24-a23f7a88ec07
FALSE,B0DGRW26CC,B0CT42YDQW,high bay lights,1,kw,66,1,11391.91,0,12.99,-1.59,31,48.92,19.95,30.2,0,-2.68,35,1,11391.91,34.24,0.72,-1.67,1,60,0,0,0,-2.69,0,1.1,107,9f440b6d-b2d5-43eb-9f24-a23f7a88ec07
TRUE,B0DGRW26CC,B0CT42YDQW,high bay led,1,kw,24,1,2041.86,0,5.27,-1.91,38,15.23,36.73,37.27,0,-2.78,22,1,2041.86,21.13,0.29,-2.15,1,28,0,0,0,-2.79,0,1.1,107,9f440b6d-b2d5-43eb-9f24-a23f7a88ec07
FALSE,B0DGRW26CC,B0CT42YDQW,commercial bay lighting,2,kw_sr_rc,97,23.3,80.14,0,0.01,-3.66,96,66.81,8.84,100.56,0,-3.7,92,1,4969.16,94.35,0.02,-2.66,1,93,0,0,0,-3.69,0,1.2,107,9f440b6d-b2d5-43eb-9f24-a23f7a88ec07
FALSE,B0CTB6HSF5,B0CTB6HSF5,fluorescent light bulbs 48 inch,1,kw,56,1,5819.85,0,30.94,-0.83,89,28.01,26.83,90.23,0,-1.96,50,1,5819.85,49.37,0.64,-0.95,1,37,0,0,0,-1.99,0,2.1,107,9f440b6d-b2d5-43eb-9f24-a23f7a88ec07
FALSE,B0CWPTS961,B0CWPTS961,smart can lights,1,kw,68,27.86,4.6,0,0,-1.93,100,33.47,3.17,107.73,0,-1.98,97,1,444.02,98.9,0,-1.3,1,66,0,0,0,-1.97,0,1.1,107,9f440b6d-b2d5-43eb-9f24-a23f7a88ec07
FALSE,B0D4BCLYGV,B0CWVT3Z2L,garage ceiling lights,1,kw,98,30.83,46.59,0,0.01,-1.89,100,43.12,24.25,238.62,0,-1.97,95,1,4719.66,216.67,0.01,-0.95,1,84,0,0,0,-1.99,0,2.1,107,9f440b6d-b2d5-43eb-9f24-a23f7a88ec07
FALSE,B0D2ZC3RF5,B0CXL4HN53,garage ceiling lights,1,kw,98,36.45,63.53,0,0.01,-1.93,97,63.55,16.83,320.46,0,-1.98,100,8.47,548.18,351.94,0,-1.76,1,91,0,0,0,-1.99,0,1.1,107,9f440b6d-b2d5-43eb-9f24-a23f7a88ec07
FALSE,B0D2ZC3RF5,B0CXL4HN53,4 foot led light fixture,2,kw,100,20.41,120.95,0,0,-3.53,42,76.78,3.66,132.74,0,-3.63,100,6.01,644.29,351.94,0,-3.36,1,86,0,0,0,-3.62,0,1.2,107,9f440b6d-b2d5-43eb-9f24-a23f7a88ec07
FALSE,B0D2ZC3RF5,B0CYHKXW56,4 led shop lights,1,kw,76,1,3438.18,0,4.81,-1.83,85,45.02,9.37,274.42,0,-2.98,62,1.01,3395.43,197.95,0.06,-1.97,1,61,0,0,0,-2.99,0,2.1,107,9f440b6d-b2d5-43eb-9f24-a23f7a88ec07
FALSE,B0D1RNBHXB,B0CZ2HFP7K,2ft grow light,1,kw_sr_rc,11,73.65,1.68,0,0,-1.96,100,35.38,14.28,107.24,0,-1.97,98,1,1805.74,100.46,0.01,-0.94,1,88,0,0,0,-1.97,0,1.1,107,9f440b6d-b2d5-43eb-9f24-a23f7a88ec07
FALSE,B0CZ4FKD4T,B0CZ4FKD4T,60 watt led light bulbs,1,kw_sr_rc,100,16.66,71.34,0,0.06,-1.27,100,35.89,21.35,112.37,0,-1.84,90,1,2718.3,90.85,0.26,0,1,91,0,0,0,-1.97,0,2.1,107,9f440b6d-b2d5-43eb-9f24-a23f7a88ec07
FALSE,B0DQXS4DPP,B0CZ4H62VV,a19 led bulb 60w,1,kw,33,64.08,9.57,0,0.35,-1.67,100,54.97,14.31,153.17,0,-1.88,98,1,4055.26,119.77,0.06,-0.91,1,100,0,0,0,-1.96,0,1.1,107,9f440b6d-b2d5-43eb-9f24-a23f7a88ec07
FALSE,B0DQXS4DPP,B0CZ4H62VV,a19 led bulb,1,kw,34,108.68,0.91,0,0,-1.98,100,81.58,2.62,153.17,0,-1.97,100,30.21,16.6,153.17,0,-1.89,1,134,0,0,0,-1.99,0,1.1,107,9f440b6d-b2d5-43eb-9f24-a23f7a88ec07
FALSE,B0DQXS4DPP,B0CZ4H62VV,led 5000k light bulbs,2,kw_sr_rc,100,18.07,10.1,0,0.01,-2.67,100,40.8,2.79,153.17,0,-2.77,82,1,425.17,85.38,0.08,-1.69,1,100,0,0,0,-2.79,0,1.2,107,9f440b6d-b2d5-43eb-9f24-a23f7a88ec07
FALSE,B0DQXS4DPP,B0CZ4H62VV,60 watt led light bulbs,3,sr_rc,100,79.43,6.91,0,0,-2.39,100,97.05,4.19,153.17,0,-2.56,100,22.48,54.09,153.17,0,-2.25,1,154,0,0,0,-2.59,0,1.1,107,9f440b6d-b2d5-43eb-9f24-a23f7a88ec07
FALSE,B0DQXS4DPP,B0CZ4H62VV,led daylight bulbs,4,sr_rc,26,104.32,0.97,0,0,-1.98,100,84.52,1.86,153.17,0,-1.98,100,15.68,29.44,153.17,0,-1.81,1,144,0,0,0,-1.99,0,1.2,107,9f440b6d-b2d5-43eb-9f24-a23f7a88ec07
FALSE,B0DQXS4DPP,B0CZ4H62VV,led bulbs 60 watt equivalent,5,sr_rc,83,101.02,6.8,0,0.06,-1.79,100,113.15,4.86,153.17,0,-1.95,100,45.44,32.02,153.17,0,-1.77,1,166,0,0,0,-1.97,0,1.1,107,9f440b6d-b2d5-43eb-9f24-a23f7a88ec07
FALSE,B0DQXS4DPP,B0CZ4H62VV,led lamp bulbs,6,sr_rc,93,44.55,1.58,0,0.01,-1.72,100,64.23,0.77,153.17,0,-1.99,97,1,252.73,114.01,0.01,-0.88,1,122,0,0,0,-1.99,0,1.2,107,9f440b6d-b2d5-43eb-9f24-a23f7a88ec07
FALSE,B0CZMC3YKF,B0CZMC3YKF,smart recessed lighting 6 inch,1,kw,64,1,401.36,0,3.79,-0.89,100,22.29,5.45,112.49,0,-1.98,50,1,401.36,49.29,0.09,-0.98,1,52,0,0,0,-1.99,0,2.1,107,9f440b6d-b2d5-43eb-9f24-a23f7a88ec07
TRUE,B0D96W162S,B0D1S83Y6W,led fluorescent tube replacement 4ft,1,kw,14,1,2417.58,0,35.43,-0.73,21,10.28,24.18,20.34,0,-1.95,13,1,2417.58,12.19,2.69,-0.93,1,12,0,0,0,-1.99,0,1.1,107,9f440b6d-b2d5-43eb-9f24-a23f7a88ec07
TRUE,B0D96W162S,B0D1S83Y6W,led fluorescent tube replacement,1,kw,16,1,1108.29,0,14.26,-0.83,15,15.75,5.58,14.22,0,-1.98,15,1,1108.29,14.22,0.98,-0.93,1,18,0,0,0,-1.99,0,1.1,107,9f440b6d-b2d5-43eb-9f24-a23f7a88ec07
TRUE,B0D96W162S,B0D1S83Y6W,led replacement for fluorescent tubes,1,kw,20,1,1017.09,0,12.51,-0.89,15,19.73,3.18,14.22,0,-1.99,17,1,1017.09,16.26,0.69,-0.93,1,22,0,0,0,-1.99,0,1.1,107,9f440b6d-b2d5-43eb-9f24-a23f7a88ec07
FALSE,B0DBR82XQM,B0D1VY8D2H,a19 led bulb,1,kw_sr_rc,100,17.14,31.41,0,0.02,-2.35,100,18.23,28.64,131.41,0,-2.4,84,1,1299.19,85.94,0.21,-1.49,1,74,0,0,0,-2.59,0,2.1,107,9f440b6d-b2d5-43eb-9f24-a23f7a88ec07
FALSE,B0DNRTBM34,B0D2LVBMJD,s14 bulbs for outdoor string lights,1,kw,48,1,1534,0,60.31,0,46,38.63,4.13,46.03,0,-1.95,39,1,1534,38.79,1.72,-0.91,1,49,0,0,0,-1.98,0,1.1,107,9f440b6d-b2d5-43eb-9f24-a23f7a88ec07
FALSE,B0DNRTBM34,B0D2LVBMJD,light bulbs with 2 prongs,2,kw,69,1,671.8,0,15.85,-0.73,98,18.55,11.79,120.51,0,-1.91,53,1,671.8,53.34,0.45,-0.91,1,45,0,0,0,-1.99,0,1.2,107,9f440b6d-b2d5-43eb-9f24-a23f7a88ec07
FALSE,B0DNRTBM34,B0D2LVBMJD,2 prong light bulbs,2,kw_sr_rc,100,3.25,645.86,0,0.49,-0.97,96,36.78,15.62,110.45,0,-1.89,73,1,2873.08,74.92,0.82,-0.95,1,63,0,0,0,-1.99,0,1.2,107,9f440b6d-b2d5-43eb-9f24-a23f7a88ec07
FALSE,B0DNRTBM34,B0D2LVBMJD,two prong light bulb,2,kw,100,35.92,11.93,0,0.01,-1.87,94,66.19,2.65,104.6,0,-1.97,100,10.53,75.03,154.94,0,-1.49,1,91,0,0,0,-1.99,0,1.2,107,9f440b6d-b2d5-43eb-9f24-a23f7a88ec07
FALSE,B0DNRTBM34,B0D2LVBMJD,led string light bulbs,3,sr_rc,86,6.74,69.94,0,0.85,-0.53,94,46.56,2.26,104.6,0,-1.92,69,1,802.62,70.47,0.25,-0.75,1,65,0,0,0,-1.89,0,1.1,107,9f440b6d-b2d5-43eb-9f24-a23f7a88ec07
FALSE,B0F75D5GR8,B0D5N7GYCD,ceiling light with night light,1,kw,61,1,4659.36,0,21.15,-1.42,100,15.81,110.83,113.57,0,-2.4,48,1,4659.36,47.29,0.57,-1.5,1,47,0,0,0,-2.52,0,2.1,107,9f440b6d-b2d5-43eb-9f24-a23f7a88ec07
FALSE,B0D81JRQ3L,B0D81JRQ3L,fluorescent light fixtures,1,kw,100,126.2,2.95,0,0,-3.5,100,139.96,1.82,119.77,0,-3.63,100,95.15,6.91,119.77,0,-3.57,1,171,0,0,0,-3.61,0,1.1,107,9f440b6d-b2d5-43eb-9f24-a23f7a88ec07
FALSE,B0D81JRQ3L,B0D81JRQ3L,led garage strip lights,2,kw,100,58.6,6.53,0,0,-3.63,100,92.22,1.88,119.77,0,-3.74,100,26.82,24.32,119.77,0,-3.7,1,124,0,0,0,-3.73,0,1.2,107,9f440b6d-b2d5-43eb-9f24-a23f7a88ec07
FALSE,B0D81JRQ3L,B0D81JRQ3L,led shop lights for garage,3,sr_rc,20,108.99,1.53,0,0,-2.65,97,94.47,3.33,102.91,0,-2.68,99,44.34,20.69,110.08,0,-2.64,1,126,0,0,0,-2.67,0,1.1,107,9f440b6d-b2d5-43eb-9f24-a23f7a88ec07
FALSE,B0D8K3WBT7,B0D8K3WBT7,led tube lights 4ft,1,kw,33,1,7681.57,0,34.69,-0.73,99,2.69,2139.72,108.72,0,-0.98,29,1,7681.57,28.17,1.2,-0.93,1,27,0,0,0,-1.99,0,2.1,107,9f440b6d-b2d5-43eb-9f24-a23f7a88ec07
TRUE,B0DPF3ZFF1,B0D8RC94D2,2x4 led flat panel light,1,kw,14,1,88295.62,0,80.6,-0.8,74,6.04,4619.42,74.47,0,-2.33,14,1,88295.62,13.1,5.09,-1.75,1,10,0,0,0,-2.79,0,1.1,107,9f440b6d-b2d5-43eb-9f24-a23f7a88ec07
TRUE,B0DPF3ZFF1,B0D8RC94D2,2 x 4 led flat panel light,1,kw,12,1,12369.8,0,12.68,-0.72,96,2.14,4048.24,102.42,0,-2.31,11,1,12369.8,10.07,0.97,-1.67,1,7,0,0,0,-2.71,0,1.1,107,9f440b6d-b2d5-43eb-9f24-a23f7a88ec07
TRUE,B0DPF3ZFF1,B0D8RC94D2,led 2x4 flat panel,1,kw,18,1,12475.12,0,10.58,-0.89,70,10.36,257.3,70.23,0,-1.96,17,1,12475.12,16.12,0.59,-0.97,1,15,0,0,0,-1.99,0,1.1,107,9f440b6d-b2d5-43eb-9f24-a23f7a88ec07
TRUE,B0DPF3ZFF1,B0D8RC94D2,flat panel led ceiling light 2 x 4,1,kw,14,1,9918.03,0,7.96,-1.45,74,2.81,2148.64,74.47,0,-2.38,13,1,9918.03,12.09,0.56,-1.59,1,8,0,0,0,-2.6,0,1.1,107,9f440b6d-b2d5-43eb-9f24-a23f7a88ec07
TRUE,B0DPF3ZFF1,B0D8RC94D2,2x4 led drop ceiling light fixture,2,kw,23,1,11653.06,0,9.77,-0.89,68,3.89,1480.49,68.14,0,-2.73,21,1,11653.06,20.16,0.4,-1.84,1,9,0,0,0,-2.88,0,1.2,107,9f440b6d-b2d5-43eb-9f24-a23f7a88ec07
FALSE,B0DLLHRSMP,B0D8RD1KLT,drop ceiling lights,1,kw,49,1,4435.64,0,4.03,-1.13,100,4.08,721.32,113.67,0,-1.88,37,1,4435.64,36.19,0.12,-1.27,1,35,0,0,0,-1.99,0,2.1,107,9f440b6d-b2d5-43eb-9f24-a23f7a88ec07
FALSE,B0D96PGC4Y,B0D96PGC4Y,emergency lights for business,1,kw,45,1,24907.3,0,56.61,-1.83,11,39.08,28.97,10.06,0,-2.98,34,1,24907.3,33.27,1.94,-1.97,1,43,0,0,0,-2.99,0,1.1,107,9f440b6d-b2d5-43eb-9f24-a23f7a88ec07
FALSE,B0D96PGC4Y,B0D96PGC4Y,emergency light,1,kw,40,131.62,91.81,0,0.28,-2.73,100,151.3,33.53,123.01,0,-2.77,100,94.37,279.85,123.01,0,-2.66,1,166,0,0,0,-2.79,0,1.1,107,9f440b6d-b2d5-43eb-9f24-a23f7a88ec07
TRUE,B0D96PGC4Y,B0D96PGC4Y,emergency exit sign with lights battery backup,2,kw,23,1,12634.48,0,46.53,-0.83,3,20.56,7.71,2.01,0,-1.99,21,1,12634.48,20.14,2.16,-0.97,1,21,0,0,0,-1.99,0,1.2,107,9f440b6d-b2d5-43eb-9f24-a23f7a88ec07
TRUE,B0D96PGC4Y,B0D96PGC4Y,exit lights with emergency backup lighting,2,kw,18,1,8622.27,0,33.74,0,13,15.24,37.65,12.08,0,-1.97,17,1,8622.27,16.11,1.9,-0.96,1,17,0,0,0,-1.98,0,1.2,107,9f440b6d-b2d5-43eb-9f24-a23f7a88ec07
TRUE,B0D96PGC4Y,B0D96PGC4Y,emergency exit light,2,kw,22,1,7910.56,0,30.13,-1.4,13,14.56,93.31,12.08,0,-2.62,17,1,7910.56,16.11,1.86,-1.63,1,20,0,0,0,-2.65,0,1.2,107,9f440b6d-b2d5-43eb-9f24-a23f7a88ec07
TRUE,B0D96PGC4Y,B0D96PGC4Y,emergency exit lights with battery backup,2,kw,18,1,4301.68,0,18.59,0,2,15.69,3.44,1.01,0,-1.99,17,1,4301.68,16.11,1,-0.95,1,16,0,0,0,-1.98,0,1.2,107,9f440b6d-b2d5-43eb-9f24-a23f7a88ec07
FALSE,B0D96PGC4Y,B0D96PGC4Y,emergency exit sign,2,kw,100,19.65,378.3,0,0.02,-2.41,23,51.17,19.61,22.16,0,-2.65,100,7.64,1538.71,123.01,0,-1.92,1,57,0,0,0,-2.65,0,1.2,107,9f440b6d-b2d5-43eb-9f24-a23f7a88ec07
TRUE,B0D9HS6ZKV,B0D9HS6ZKV,mr16 led bulb dimmable,1,kw,22,1,679.98,0,35.3,-0.5,13,15.36,7.4,12.2,0,-2.45,18,1,679.98,17.29,1.89,-1.46,1,21,0,0,0,-2.49,0,2.1,107,9f440b6d-b2d5-43eb-9f24-a23f7a88ec07
FALSE,B0D9HS6ZKV,B0D9HS6ZKV,mr16 led bulb,1,kw,65,18.85,121.37,0,2.61,-1.59,27,60.33,3.81,26.5,0,-2.47,70,8.25,398.89,71.76,0.12,-1.47,1,66,0,0,0,-2.48,0,2.1,107,9f440b6d-b2d5-43eb-9f24-a23f7a88ec07
FALSE,B0D9HS6ZKV,B0D9HS6ZKV,gu10 led bulb,2,kw,70,25.89,164.89,0,3,-1.02,15,81.04,2.25,14.23,0,-1.97,76,12.41,487.52,78.58,0.1,-0.95,1,84,0,0,0,-1.97,0,2.2,107,9f440b6d-b2d5-43eb-9f24-a23f7a88ec07
FALSE,B0D9HTLQ23,B0D9HTLQ23,gu10 led bulb,1,kw,55,1,12390.23,0,365.61,0,100,10.86,523.77,120.57,0,-0.96,43,1,12390.23,42.36,9.63,-0.82,1,44,0,0,0,-1.98,0,1.1,107,9f440b6d-b2d5-43eb-9f24-a23f7a88ec07
FALSE,B0D9HTLQ23,B0D9HTLQ23,mr16 led bulb dimmable,2,kw,47,1,688.54,0,23.6,-1.33,100,6.48,60.35,120.57,0,-2.17,35,1,688.54,34.26,0.82,-1.47,1,40,0,0,0,-2.49,0,1.2,107,9f440b6d-b2d5-43eb-9f24-a23f7a88ec07
FALSE,B0D9HTLQ23,B0D9HTLQ23,mr16 led bulb,2,kw,22,58.13,15.18,0,0.75,-2.36,94,55.19,17.7,97.47,0,-2.4,100,6.48,560.41,120.57,0,-1.48,1,88,0,0,0,-2.49,0,1.2,107,9f440b6d-b2d5-43eb-9f24-a23f7a88ec07
FALSE,B0D9HVM1YL,B0D9HVM1YL,gu10 led bulb,1,kw,77,75.77,20.49,0,0.41,-1.76,100,82,16.9,107.47,0,-1.86,100,17.77,216.61,107.47,0,-0.97,1,140,0,0,0,-1.99,0,2.1,107,9f440b6d-b2d5-43eb-9f24-a23f7a88ec07
FALSE,B0D9MQ4N9K,B0D9MQ4N9K,recessed light trim ring,1,kw,63,1.52,331.33,0,4.15,-0.94,98,14.48,15.22,101.41,0,-1.95,42,1,562.55,41.17,0.23,-0.97,1,45,0,0,0,-1.99,0,1.1,107,9f440b6d-b2d5-43eb-9f24-a23f7a88ec07
FALSE,B0D9MQ4N9K,B0D9MQ4N9K,goof rings for 6 inch recessed lights,2,kw,89,3.9,894.03,0,3.3,-1.5,88,31.06,37.5,88.24,0,-2.44,58,1,5041.89,57.3,1.12,-1.53,1,58,0,0,0,-2.55,0,1.2,107,9f440b6d-b2d5-43eb-9f24-a23f7a88ec07
TRUE,B0CB72GWYP,B0D9PCMGLW,3 inch recessed led lights,1,kw,15,1,2887.89,0,37.9,0,68,8.02,73.48,788.88,0,-1.89,14,1,2887.89,152.6,0.31,-0.97,1,11,0,0,0,-1.98,0,2.1,107,9f440b6d-b2d5-43eb-9f24-a23f7a88ec07
TRUE,B0CB72GWYP,B0D9PCMGLW,3 led recessed light,1,kw,11,1,1529.25,0,20.5,0,68,6.5,65.01,788.88,0,-1.9,11,1,1529.25,117.37,0.16,-0.96,1,10,0,0,0,-1.99,0,2.1,107,9f440b6d-b2d5-43eb-9f24-a23f7a88ec07
TRUE,B0CB72GWYP,B0D9PCMGLW,3 inch led recessed light,1,kw,10,1,1346.16,0,17.05,0,2,8.45,7.57,11.74,0,-1.97,9,1,1346.16,93.89,0.15,-0.97,1,9,0,0,0,-1.98,0,2.1,107,9f440b6d-b2d5-43eb-9f24-a23f7a88ec07
TRUE,B0CBT38ZSV,B0D9PFK6GY,3 inch recessed led lights,1,kw,16,1,5425,0,36.36,-0.83,61,12.83,41.03,636.52,0,-1.96,15,1,5425,148.09,0.31,-0.97,1,15,0,0,0,-1.99,0,1.1,107,9f440b6d-b2d5-43eb-9f24-a23f7a88ec07
TRUE,B0CBT38ZSV,B0D9PFK6GY,3 led recessed light,1,kw,14,1,2859.36,0,19.14,-0.83,61,9.48,45.93,636.52,0,-1.95,13,1,2859.36,126.93,0.15,-0.97,1,12,0,0,0,-1.99,0,1.1,107,9f440b6d-b2d5-43eb-9f24-a23f7a88ec07
TRUE,B0CBT38ZSV,B0D9PFK6GY,3 inch led recessed light,1,kw,14,1,2549.63,0,15.92,-0.83,15,11.61,16.34,148.09,0,-1.98,13,1,2549.63,126.93,0.14,-0.97,1,13,0,0,0,-1.98,0,1.1,107,9f440b6d-b2d5-43eb-9f24-a23f7a88ec07
FALSE,B0DB2LQGRW,B0DB2LQGRW,motion sensor shop light,1,kw,58,1,1225.97,0,5.85,-0.73,100,8.95,60.26,99,0,-1.92,44,1,1225.97,43,0.18,-0.95,1,27,0,0,0,-1.99,0,2.1,107,9f440b6d-b2d5-43eb-9f24-a23f7a88ec07
FALSE,B0DD7YBHS9,B0DD7YBHS9,black recessed lights,1,kw,35,1,2168.83,0,15.88,0,97,16.15,39.01,104.16,0,-1.95,30,1,2168.83,29.23,0.48,-0.93,1,32,0,0,0,-1.99,0,1.1,107,9f440b6d-b2d5-43eb-9f24-a23f7a88ec07
FALSE,B0DHWFRY4F,B0DHWFRY4F,led garage strip lights,1,kw,77,30.18,8.97,0,0.04,-0.98,100,42.83,4.59,113.09,0,-1.98,89,1,870.23,89.8,0.02,-0.88,1,85,0,0,0,-1.99,0,2.1,107,9f440b6d-b2d5-43eb-9f24-a23f7a88ec07
FALSE,B0DZ8WMB81,B0DKG48KBP,led spotlight indoor,1,kw,26,70.79,5.88,0,0.15,-1.87,12,88.74,0.7,11.11,0,-1.99,26,66.76,7.48,25.29,0,-1.97,1,92,0,0,0,-1.99,0,1.1,107,9f440b6d-b2d5-43eb-9f24-a23f7a88ec07
FALSE,B0DMTK97Y5,B0DMTK97Y5,dust to dawn floodlight,1,kw,100,28.03,4.61,0,0,-2.63,97,84.43,0.13,114.29,0,-2.7,100,21.36,7.03,154.02,0,-2.67,1,91,0,0,0,-2.7,0,2.1,107,9f440b6d-b2d5-43eb-9f24-a23f7a88ec07
FALSE,B0DYG21T5Y,B0DPNJ494Q,6 inch gimbal led recessed light,1,kw,59,1,1206.52,0,7.29,-0.83,84,12.4,31.84,238.58,0,-1.94,42,1,1206.52,116.54,0.1,-0.98,1,26,0,0,0,-1.99,0,1.1,107,9f440b6d-b2d5-43eb-9f24-a23f7a88ec07
FALSE,B0DQFJM8JR,B0DQFJM8JR,yellow bug lights for outside,1,kw,49,72.88,3.88,0,0.07,-1.93,100,92.79,1.12,99,0,-1.99,72,62.14,6.21,71,0,-1.96,1,105,0,0,0,-1.99,0,2.1,107,9f440b6d-b2d5-43eb-9f24-a23f7a88ec07
FALSE,B0DQFJM8JR,B0DQFJM8JR,led yellow bug light bulbs outdoor,2,kw,45,70.34,1.31,0,0,-1.98,2,100.68,0.01,1,0,-1.99,55,61.21,1.99,54,0,-1.97,1,101,0,0,0,-1.99,0,2.2,107,9f440b6d-b2d5-43eb-9f24-a23f7a88ec07
FALSE,B0DQFJM8JR,B0DQFJM8JR,yellow bug light bulbs,2,kw,56,71.98,1.62,0,0,-1.96,96,96.13,0.38,95,0,-1.99,70,59.82,2.68,69,0,-1.97,1,108,0,0,0,-1.98,0,2.2,107,9f440b6d-b2d5-43eb-9f24-a23f7a88ec07
FALSE,B0DR67HCFX,B0DR67HCFX,yellow bug lights for outside,1,kw,42,63.21,2.77,0,0.11,-1.87,100,38.88,9.41,104.67,0,-1.93,100,2.35,481.98,104.67,0,-0.96,1,89,0,0,0,-1.99,0,1.1,107,9f440b6d-b2d5-43eb-9f24-a23f7a88ec07
FALSE,B0DR67HCFX,B0DR67HCFX,yellow light bulbs for bugs outdoor,2,kw,48,71.28,2.24,0,0.09,-1.91,100,51.62,5.2,104.67,0,-1.96,100,12.23,50.18,104.67,0,-1.69,1,104,0,0,0,-1.99,0,1.2,107,9f440b6d-b2d5-43eb-9f24-a23f7a88ec07
FALSE,B0DR67HCFX,B0DR67HCFX,led yellow bug light bulbs outdoor,2,kw,59,41.03,2.35,0,0.08,-1.82,100,23.61,6.76,104.67,0,-1.95,98,1,458.16,99.38,0.01,-0.93,1,75,0,0,0,-1.99,0,1.2,107,9f440b6d-b2d5-43eb-9f24-a23f7a88ec07
FALSE,B0DR67HCFX,B0DR67HCFX,yellow bug light bulbs,2,kw,62,66.75,1.22,0,0,-1.98,100,56.1,1.9,104.67,0,-1.98,100,13.67,18.85,104.67,0,-1.88,1,105,0,0,0,-1.99,0,1.2,107,9f440b6d-b2d5-43eb-9f24-a23f7a88ec07
FALSE,B0DR67HCFX,B0DR67HCFX,bug light bulbs for porch lights,3,sr_rc,65,73.6,1.46,0,0.07,-1.91,100,66.61,1.91,104.67,0,-1.98,100,18.44,17.32,104.67,0,-1.89,1,115,0,0,0,-1.99,0,1.1,107,9f440b6d-b2d5-43eb-9f24-a23f7a88ec07
FALSE,B0DR67HCFX,B0DR67HCFX,bug repellent light bulb outdoor,4,sr_rc,57,80.57,1.04,0,0,-1.97,100,83.89,0.9,104.67,0,-1.99,100,45.51,3.95,104.67,0,-1.97,1,117,0,0,0,-1.99,0,1.2,107,9f440b6d-b2d5-43eb-9f24-a23f7a88ec07
FALSE,B0DR67HCFX,B0DR67HCFX,led bug light bulbs outdoor,5,sr_rc,56,64.08,2.47,0,0.08,-1.9,100,52.6,4.03,104.67,0,-1.97,100,10.34,51.58,104.67,0,-1.69,1,102,0,0,0,-1.99,0,1.1,107,9f440b6d-b2d5-43eb-9f24-a23f7a88ec07
FALSE,B0DSZ1XC7P,B0DR69XF24,yellow light bulbs for bugs outdoor,1,kw,47,85,2.71,0,0.07,-1.93,2,115.7,0.02,1,0,-1.99,71,69.18,5.19,70,0,-1.97,1,116,0,0,0,-1.99,0,2.1,107,9f440b6d-b2d5-43eb-9f24-a23f7a88ec07
FALSE,B0DSZ1XC7P,B0DR69XF24,yellow light bulbs outdoor,1,kw,81,94.47,3.21,0,0.03,-1.91,100,136.04,0.47,99,0,-1.99,100,82.51,4.58,99,0,-1.97,1,148,0,0,0,-1.99,0,2.1,107,9f440b6d-b2d5-43eb-9f24-a23f7a88ec07
FALSE,B0DSZ1XC7P,B0DR69XF24,bug repellent light bulb outdoor,2,kw,50,95.44,1.3,0,0,-1.99,100,118.87,0.35,99,0,-1.99,50,94.96,1.33,49,0,-1.99,1,131,0,0,0,-1.99,0,2.2,107,9f440b6d-b2d5-43eb-9f24-a23f7a88ec07