select_box,parent_product_id,product_id,search_term,cluster_id,inf_config,kw-prediction_iteration_selected,kw-target_rank,kw-estimated_additional_sales,kw-estimated_additional_loss,kw-total_soft_score,kw-total_hard_score,sr_rc-prediction_iteration_selected,sr_rc-target_rank,sr_rc-estimated_additional_sales,sr_rc-estimated_additional_loss,sr_rc-total_soft_score,sr_rc-total_hard_score,kw_sr_rc-prediction_iteration_selected,kw_sr_rc-target_rank,kw_sr_rc-estimated_additional_sales,kw_sr_rc-estimated_additional_loss,kw_sr_rc-total_soft_score,kw_sr_rc-total_hard_score,pr-prediction_iteration_selected,pr-target_rank,pr-estimated_additional_sales,pr-estimated_additional_loss,pr-total_soft_score,pr-total_hard_score,total_soft_score_product,color_code,biz_configuration_id,session_sequence,session_id,optimization_metric
FALSE,B0DHRSK1GR,B0D5DJ7V4P,fruit fly traps for indoors,1,kw,4,1,716571,0,9642,0,26,1,716571,912,7,-1,3,1,571595,73,97,-1,24,3,14152,0,182,-1,9,1,90,2,6aa4f946-ff42-4749-8463-1ff07145ccbb,items
FALSE,B0DHRSK1GR,B0D5DJ7V4P,fruit fly trap,1,kw,3,1,40295,0,604,0,25,1,49730,875,1,-1,3,1,49730,73,9,-1,24,3,1297,0,19,-1,9,1,90,2,6aa4f946-ff42-4749-8463-1ff07145ccbb,items
FALSE,B0DHRSK1GR,B0D5DJ7V4P,fruit flies,1,kw,3,1,12679,0,190,-1,25,1,12469,877,0,-2,3,1,12679,73,2,-2,24,3,250,0,4,-2,9,1,90,2,6aa4f946-ff42-4749-8463-1ff07145ccbb,items
FALSE,B0DHRSK1GR,B0D5DJ7V4P,fruit fly traps,1,kw,5,1,40748,0,597,0,61,1,40748,2228,0,-1,5,1,40748,145,4,-1,24,6,153,0,2,-1,9,1,90,2,6aa4f946-ff42-4749-8463-1ff07145ccbb,items
FALSE,B0DHRSK1GR,B0D5DJ7V4P,fruit fly,1,kw,10,1,20826,0,259,-1,100,1,13340,6310,0,-2,9,1,21380,291,1,-2,24,10,16,0,0,-3,9,1,90,2,6aa4f946-ff42-4749-8463-1ff07145ccbb,items
TRUE,B0DHRSK1GR,B0D5DJ7V4P,fruit fly trap for indoors,1,kw,4,1,6159,0,123,0,25,1,6159,877,0,-1,4,1,6159,109,1,-1,24,3,129,0,3,-1,9,1,90,2,6aa4f946-ff42-4749-8463-1ff07145ccbb,items
FALSE,B0DHRSK1GR,B0D5DJ7V4P,fruit fly traps for,1,kw,4,1,5420,0,88,-1,37,1,5339,1321,0,-2,4,1,5420,109,1,-2,24,4,56,0,1,-2,9,1,90,2,6aa4f946-ff42-4749-8463-1ff07145ccbb,items
FALSE,B0DHRSK1GR,B0D5DJ7V4P,fruit flies trap,1,kw,3,1,5575,0,83,-1,38,1,5491,1358,0,-2,3,1,5575,73,1,-2,25,4,70,0,1,-2,9,1,90,2,6aa4f946-ff42-4749-8463-1ff07145ccbb,items
FALSE,B0DHRSK1GR,B0D5DJ7V4P,fruit fly traps for indoors sticky,1,kw,20,1,5880,0,80,-1,100,11,163,6314,0,-2,17,1,5880,584,0,-2,24,19,2,0,0,-3,9,1,90,2,6aa4f946-ff42-4749-8463-1ff07145ccbb,items
TRUE,B0DHRSK1GR,B0D5DJ7V4P,indoor fruit fly trap,1,kw,5,1,2342,0,41,0,49,1,2342,1770,0,-1,5,1,2342,146,0,-1,25,5,11,0,0,-2,9,1,90,2,6aa4f946-ff42-4749-8463-1ff07145ccbb,items
TRUE,B0DHRSK1GR,B0D5DJ7V4P,fruit fly trap indoor,1,kw,4,1,2326,0,36,0,50,1,2326,1808,0,-1,4,1,2326,109,0,-1,24,5,14,0,0,-2,9,1,90,2,6aa4f946-ff42-4749-8463-1ff07145ccbb,items
FALSE,B0DHRSK1GR,B0D5DJ7V4P,fruit flys,1,kw,5,1,1580,0,26,-1,75,1,1580,2800,0,-2,5,1,1580,146,0,-2,25,7,4,0,0,-3,9,1,90,2,6aa4f946-ff42-4749-8463-1ff07145ccbb,items
FALSE,B0DHRSK1GR,B0D5DJ7V4P,reusable fruit fly traps for indoors,1,kw,7,1,1151,0,25,0,100,2,722,6315,0,-1,7,1,1259,218,0,-1,25,10,2,0,0,-2,9,1,90,2,6aa4f946-ff42-4749-8463-1ff07145ccbb,items
TRUE,B0DHRSK1GR,B0D5DJ7V4P,fruit fly and gnat traps for indoors,1,kw,4,1,1159,0,24,0,84,1,1159,3215,0,-1,4,1,1159,109,0,-1,24,8,2,0,0,-2,9,1,90,2,6aa4f946-ff42-4749-8463-1ff07145ccbb,items
FALSE,B0DHRSK1GR,B0D5DJ7V4P,fruit flies trap indoor,1,kw,5,1,1533,0,20,-1,50,1,1511,1808,0,-2,5,1,1533,146,0,-2,25,5,8,0,0,-3,9,1,90,2,6aa4f946-ff42-4749-8463-1ff07145ccbb,items
FALSE,B0DHRSK1GR,B0D5DJ7V4P,fruit fly gnat traps for indoors,1,kw,4,1,1273,0,20,-1,84,1,1273,3214,0,-2,4,1,1273,109,0,-2,24,8,3,0,0,-3,9,1,90,2,6aa4f946-ff42-4749-8463-1ff07145ccbb,items
FALSE,B0DHRSK1GR,B0D5DJ7V4P,fruit fly traps indoor,1,kw,5,1,1112,0,18,0,50,1,1210,1808,0,-1,5,1,1210,146,0,-1,25,5,8,0,0,-2,9,1,90,2,6aa4f946-ff42-4749-8463-1ff07145ccbb,items
FALSE,B0DHRSK1GR,B0D5DJ7V4P,cis fruit fly traps for indoors,1,kw,3,1,560,0,8,-1,25,1,560,877,0,-2,3,1,560,73,0,-2,25,3,10,0,0,-3,9,1,90,2,6aa4f946-ff42-4749-8463-1ff07145ccbb,items
FALSE,B0DHRSK1GR,B0D5DJ7V4P,fly traps,1,kw,23,106,150,0,2,-1,100,132,29,6306,0,-3,59,75,433,2148,0,-2,24,140,0,0,0,-3,9,1,90,2,6aa4f946-ff42-4749-8463-1ff07145ccbb,items
FALSE,B0DHRSK1GR,B0D5DJ7V4P,fly trap indoor,1,kw,13,108,121,0,2,0,100,118,50,6306,0,-2,24,95,243,839,0,-1,25,126,1,0,0,-2,9,1,90,2,6aa4f946-ff42-4749-8463-1ff07145ccbb,items
FALSE,B0DHRSK1GR,B0D5DJ7V4P,fly trap,1,kw,22,145,126,0,2,0,100,163,36,6306,0,-2,61,110,398,2226,0,-1,24,171,0,0,0,-2,9,1,90,2,6aa4f946-ff42-4749-8463-1ff07145ccbb,items
FALSE,B0DHRSK1GR,B0D5DJ7V4P,fruit fly traps for indoors refill,1,kw,27,19,47,0,1,-2,100,36,8,6314,0,-3,27,17,59,951,0,-2,25,44,0,0,0,-3,9,1,90,2,6aa4f946-ff42-4749-8463-1ff07145ccbb,items
FALSE,B0DHRSK1GR,B0D5DJ7V4P,fly traps for indoors,1,kw,35,18,76,0,1,0,100,44,6,6314,0,-2,35,15,103,1246,0,-1,25,53,0,0,0,-2,9,1,90,2,6aa4f946-ff42-4749-8463-1ff07145ccbb,items
FALSE,B0DHRSK1GR,B0D5DJ7V4P,fly traps indoor,1,kw,27,65,54,0,1,-1,100,87,10,6310,0,-2,27,62,60,950,0,-1,25,95,0,0,0,-2,9,1,90,2,6aa4f946-ff42-4749-8463-1ff07145ccbb,items
FALSE,B0DHRSK1GR,B0D5DJ7V4P,fruit fly traps for indoor plants,1,kw,3,29,1,0,0,-3,100,26,3,6315,0,-3,23,15,11,804,0,-3,25,34,0,0,0,-3,9,1,90,2,6aa4f946-ff42-4749-8463-1ff07145ccbb,items
FALSE,B0DHRSK1GR,B0D5DJ7V4P,plug in fruit fly traps for indoors,1,kw,12,38,6,0,0,-2,100,45,3,6315,0,-3,12,37,7,401,0,-3,24,53,0,0,0,-3,9,1,90,2,6aa4f946-ff42-4749-8463-1ff07145ccbb,items
FALSE,B0DHRSK1GR,B0D5DJ7V4P,gnat traps for house indoor,2,kw,7,1,402343,0,4997,-1,84,1,402343,3208,0,-2,7,1,402343,218,21,-2,26,8,820,0,10,-2,9,1,90,2,6aa4f946-ff42-4749-8463-1ff07145ccbb,items
TRUE,B0DHRSK1GR,B0D5DJ7V4P,gnat trap indoor,2,kw,7,1,16233,0,314,0,100,3,4322,6314,0,-1,7,1,16233,218,1,-1,24,11,14,0,0,-2,9,1,90,2,6aa4f946-ff42-4749-8463-1ff07145ccbb,items
TRUE,B0DHRSK1GR,B0D5DJ7V4P,indoor gnat trap,2,kw,13,1,6583,0,153,0,100,13,131,6314,0,-1,13,1,6583,437,0,-1,25,21,1,0,0,-2,9,1,90,2,6aa4f946-ff42-4749-8463-1ff07145ccbb,items
TRUE,B0DHRSK1GR,B0D5DJ7V4P,gnat traps indoor,2,kw,8,1,3440,0,66,0,100,3,880,6314,0,-1,8,1,3440,255,0,-1,24,11,4,0,0,-2,9,1,90,2,6aa4f946-ff42-4749-8463-1ff07145ccbb,items
FALSE,B0DHRSK1GR,B0D5DJ7V4P,gnats traps for indoors,2,kw,7,1,2570,0,51,-1,96,1,2570,4159,0,-2,7,1,2570,218,0,-2,25,9,4,0,0,-3,9,1,90,2,6aa4f946-ff42-4749-8463-1ff07145ccbb,items
TRUE,B0DHRSK1GR,B0D5DJ7V4P,gnat traps for indoors,2,kw,7,1,2054,0,40,0,96,1,2054,4160,0,-1,7,1,2054,218,0,-1,24,9,3,0,0,-2,9,1,90,2,6aa4f946-ff42-4749-8463-1ff07145ccbb,items
FALSE,B0DHRSK1GR,B0D5DJ7V4P,gnat and fly traps for house indoor,2,kw,11,1,2053,0,28,-1,100,16,27,6314,0,-3,11,1,2053,364,0,-2,24,24,0,0,0,-3,9,1,90,2,6aa4f946-ff42-4749-8463-1ff07145ccbb,items
FALSE,B0DHRSK1GR,B0D5DJ7V4P,gnat traps for house indoor sticky,2,kw,57,1,2419,0,16,-1,100,57,2,6315,0,-3,49,1,2419,1771,0,-2,24,65,0,0,0,-3,9,1,90,2,6aa4f946-ff42-4749-8463-1ff07145ccbb,items
FALSE,B0DHRSK1GR,B0D5DJ7V4P,fungus gnat traps for house indoor,2,kw,28,1,1147,0,11,-1,100,32,4,6315,0,-3,26,1,1147,914,0,-2,24,40,0,0,0,-3,9,1,90,2,6aa4f946-ff42-4749-8463-1ff07145ccbb,items
FALSE,B0DHRSK1GR,B0D5DJ7V4P,gnat traps for house indoor plants,2,kw,71,17,258,0,1,-2,100,86,4,6314,0,-3,100,9,659,6314,0,-2,25,94,0,0,0,-3,9,1,90,2,6aa4f946-ff42-4749-8463-1ff07145ccbb,items
FALSE,B0DHRSK1GR,B0D5DJ7V4P,gnat traps,3,pr,7,1,78148,0,1092,0,72,1,77089,2669,0,-1,6,1,78148,182,6,-1,25,7,222,0,3,-1,9,1,90,2,6aa4f946-ff42-4749-8463-1ff07145ccbb,items
FALSE,B0DHRSK1GR,B0D5DJ7V4P,gnat trap,3,pr,6,1,69079,0,961,0,73,1,69079,2711,0,-1,5,1,69079,145,6,-1,25,7,177,0,2,-1,9,1,90,2,6aa4f946-ff42-4749-8463-1ff07145ccbb,items
FALSE,B0DHRSK1GR,B0D5DJ7V4P,gnats killer indoor trap,3,pr,6,1,28150,0,372,-1,96,1,28150,4159,0,-2,6,1,28150,182,2,-2,24,9,32,0,0,-3,9,1,90,2,6aa4f946-ff42-4749-8463-1ff07145ccbb,items
FALSE,B0DHRSK1GR,B0D5DJ7V4P,gnats trap,3,pr,8,1,5784,0,78,-1,97,1,5784,4352,0,-2,8,1,5784,255,0,-2,25,9,9,0,0,-3,9,1,90,2,6aa4f946-ff42-4749-8463-1ff07145ccbb,items
FALSE,B0DHRSK1GR,B0D5DJ7V4P,fungus gnat trap,3,sr_rc,66,1,22917,0,83,-1,100,57,23,6310,0,-3,58,1,22917,2112,0,-2,24,65,0,0,0,-3,9,1,90,2,6aa4f946-ff42-4749-8463-1ff07145ccbb,items
FALSE,B0DHRSK1GR,B0D5DJ7V4P,fungus gnat traps,3,sr_rc,80,1,2936,0,9,-1,100,65,2,6314,0,-3,70,1,2936,2590,0,-2,24,73,0,0,0,-3,9,1,90,2,6aa4f946-ff42-4749-8463-1ff07145ccbb,items
TRUE,B0DHRSK1GR,B0D5DJ7V4P,gnat and fruit fly traps,3,sr_rc,5,1,760,0,12,0,84,1,760,3214,0,-1,5,1,760,146,0,-1,24,8,2,0,0,-2,9,1,90,2,6aa4f946-ff42-4749-8463-1ff07145ccbb,items
FALSE,B0DHRSK1GR,B0D5DJ7V4P,gnat sticky traps,3,sr_rc,41,1,7657,0,41,-1,100,43,14,6314,0,-3,38,1,7657,1358,0,-2,24,51,0,0,0,-3,9,1,90,2,6aa4f946-ff42-4749-8463-1ff07145ccbb,items
FALSE,B0DHRSK1GR,B0D5DJ7V4P,gnats sticky traps,3,sr_rc,98,40,20,0,0,-3,100,122,0,6314,0,-3,98,32,28,4632,0,-3,24,130,0,0,0,-3,9,1,90,2,6aa4f946-ff42-4749-8463-1ff07145ccbb,items
FALSE,B0DHRSK1GR,B0D5DJ7V4P,plant gnat sticky traps,3,sr_rc,100,87,16,0,0,-3,100,162,1,6314,0,-3,100,79,20,6314,0,-3,24,170,0,0,0,-3,9,1,90,2,6aa4f946-ff42-4749-8463-1ff07145ccbb,items
FALSE,B0DHRSK1GR,B0D5DJ7V4P,plant gnat traps,3,sr_rc,91,36,15,0,0,-3,100,114,0,6315,0,-3,91,29,22,3633,0,-3,24,122,0,0,0,-3,9,1,90,2,6aa4f946-ff42-4749-8463-1ff07145ccbb,items
FALSE,B0DHRSK1GR,B0D5DJ7V4P,sticky traps for gnats,3,sr_rc,86,31,173,0,0,-2,100,106,4,6313,0,-3,86,24,256,3319,0,-2,25,114,0,0,0,-3,9,1,90,2,6aa4f946-ff42-4749-8463-1ff07145ccbb,items
FALSE,B0DHRSK1GR,B0D5DJ7V4P,sticky traps gnats,3,sr_rc,74,1,1082,0,5,0,100,72,1,6315,0,-2,65,1,1082,2389,0,-1,24,80,0,0,0,-2,9,1,90,2,6aa4f946-ff42-4749-8463-1ff07145ccbb,items
FALSE,B0DHRSK1GR,B0D5DJ7V4P,veneno para mosquitos de fruta,4,pr,3,1,824,0,15,0,13,1,1001,437,0,-1,3,1,1068,73,0,-1,24,2,79,0,1,-1,9,1,90,2,6aa4f946-ff42-4749-8463-1ff07145ccbb,items
FALSE,B0DHRSK1GR,B0D5DJ7V4P,fruit fly killer,5,pr,9,1,65549,0,832,-1,97,1,65549,4348,0,-2,8,1,65549,255,3,-2,24,9,73,0,1,-2,9,1,90,2,6aa4f946-ff42-4749-8463-1ff07145ccbb,items
FALSE,B0DHRSK1GR,B0D5DJ7V4P,gnats and fruit fly killer indoor,5,pr,3,1,9498,0,156,0,60,1,9498,2191,0,-1,3,1,9498,73,2,-1,24,6,32,0,1,-2,9,1,90,2,6aa4f946-ff42-4749-8463-1ff07145ccbb,items
FALSE,B0DHRSK1GR,B0D5DJ7V4P,fruit flies killer indoor,5,pr,9,1,10150,0,130,-1,60,1,10150,2191,0,-2,8,1,10150,255,1,-2,24,6,28,0,0,-3,9,1,90,2,6aa4f946-ff42-4749-8463-1ff07145ccbb,items
FALSE,B0DHRSK1GR,B0D5DJ7V4P,best indoor fruit fly killer,5,pr,15,1,12514,0,206,0,96,1,12514,4159,0,-1,13,1,11874,437,0,-1,24,9,13,0,0,-2,9,1,90,2,6aa4f946-ff42-4749-8463-1ff07145ccbb,items
FALSE,B0DHRSK1GR,B0D5DJ7V4P,fruit fly killer indoor,5,pr,13,1,6063,0,89,0,83,1,6063,3164,0,-1,12,1,6063,401,0,-1,26,8,8,0,0,-2,9,1,90,2,6aa4f946-ff42-4749-8463-1ff07145ccbb,items
FALSE,B0DHRSK1GR,B0D5DJ7V4P,best fruit fly drain killer,5,sr_rc,32,1,297,0,2,-1,100,12,7,6315,0,-3,28,1,297,988,0,-2,24,20,0,0,0,-3,9,1,90,2,6aa4f946-ff42-4749-8463-1ff07145ccbb,items
FALSE,B0DHRSK1GR,B0D5DJ7V4P,best fruit fly killer indoor,5,sr_rc,21,1,2234,0,18,-1,100,3,386,6314,0,-2,19,1,2234,657,0,-2,24,12,1,0,0,-3,9,1,90,2,6aa4f946-ff42-4749-8463-1ff07145ccbb,items
FALSE,B0DHRSK1GR,B0D5DJ7V4P,fly killer,5,sr_rc,100,65,257,0,0,-1,97,137,11,4348,0,-3,100,57,333,6310,0,-2,21,145,0,0,0,-3,9,1,90,2,6aa4f946-ff42-4749-8463-1ff07145ccbb,items
FALSE,B0DHRSK1GR,B0D5DJ7V4P,fruit flies killer,5,sr_rc,7,1,1588,0,26,-1,83,1,1588,3165,0,-2,7,1,1588,218,0,-2,24,8,2,0,0,-3,9,1,90,2,6aa4f946-ff42-4749-8463-1ff07145ccbb,items
FALSE,B0DHRSK1GR,B0D5DJ7V4P,fruit fly drain killer,5,sr_rc,32,1,6873,0,73,-1,100,13,124,6314,0,-2,27,1,6873,951,0,-2,25,21,1,0,0,-3,9,1,90,2,6aa4f946-ff42-4749-8463-1ff07145ccbb,items
FALSE,B0DHRSK1GR,B0D5DJ7V4P,fruit fly killer drain,5,sr_rc,39,1,1862,0,15,-1,100,16,24,6315,0,-3,34,1,1862,1210,0,-2,25,24,0,0,0,-3,9,1,90,2,6aa4f946-ff42-4749-8463-1ff07145ccbb,items
FALSE,B0DHRSK1GR,B0D5DJ7V4P,fruit fly spray killer indoor,5,sr_rc,33,10,130,0,1,-1,100,21,24,6314,0,-3,100,1,2396,6314,0,-2,24,29,0,0,0,-3,9,1,90,2,6aa4f946-ff42-4749-8463-1ff07145ccbb,items
FALSE,B0DHRSK1GR,B0D5DJ7V4P,nat trap,6,pr,4,1,17569,0,267,0,61,1,17569,2230,0,-1,4,1,17569,109,2,-1,24,6,59,0,1,-1,9,1,90,2,6aa4f946-ff42-4749-8463-1ff07145ccbb,items
FALSE,B0DHRSK1GR,B0D5DJ7V4P,nat traps for indoors,6,pr,5,1,20277,0,294,0,73,1,20277,2711,0,-1,5,1,20277,145,2,-1,25,7,58,0,1,-1,9,1,90,2,6aa4f946-ff42-4749-8463-1ff07145ccbb,items
FALSE,B0DHRSK1GR,B0D5DJ7V4P,nats trap,6,pr,4,1,5651,0,73,-1,39,1,5651,1395,0,-2,4,1,5651,109,1,-2,24,4,62,0,1,-2,9,1,90,2,6aa4f946-ff42-4749-8463-1ff07145ccbb,items
FALSE,B0DHRSK1GR,B0D5DJ7V4P,nats and flying insects traps indoor,6,pr,5,1,8385,0,114,-1,100,2,4324,6314,0,-2,5,1,8385,146,1,-2,25,10,8,0,0,-3,9,1,90,2,6aa4f946-ff42-4749-8463-1ff07145ccbb,items
FALSE,B0DHRSK1GR,B0D5DJ7V4P,nat traps,6,pr,4,1,2357,0,32,0,50,1,2357,1808,0,-1,4,1,2357,109,0,-1,24,5,15,0,0,-2,9,1,90,2,6aa4f946-ff42-4749-8463-1ff07145ccbb,items
FALSE,B0DHRSK1GR,B0D5DJ7V4P,fungus nat trap,6,sr_rc,66,1,933,0,5,-1,100,60,1,6315,0,-3,57,1,933,2076,0,-2,24,68,0,0,0,-3,9,1,90,2,6aa4f946-ff42-4749-8463-1ff07145ccbb,items
FALSE,B0DHRSK1GR,B0D5DJ7V4P,indoor nat trap,6,sr_rc,7,1,1512,0,35,-1,100,4,236,6315,0,-2,7,1,1512,218,0,-2,25,12,1,0,0,-3,9,1,90,2,6aa4f946-ff42-4749-8463-1ff07145ccbb,items
FALSE,B0DHRSK1GR,B0D5DJ7V4P,nat fly trap,6,sr_rc,5,1,1367,0,23,-1,100,2,412,6315,0,-2,5,1,1367,146,0,-2,24,11,1,0,0,-3,9,1,90,2,6aa4f946-ff42-4749-8463-1ff07145ccbb,items
FALSE,B0DHRSK1GR,B0D5DJ7V4P,nat traps for indoors plants,6,sr_rc,42,1,1596,0,11,0,100,55,2,6315,0,-2,37,1,1556,1321,0,-1,25,63,0,0,0,-2,9,1,90,2,6aa4f946-ff42-4749-8463-1ff07145ccbb,items
FALSE,B0DHRSK1GR,B0D5DJ7V4P,fruitfly trap indoor,7,pr,3,1,4071,0,65,-1,38,1,4071,1358,0,-2,3,1,4071,73,1,-2,24,4,47,0,1,-2,9,1,90,2,6aa4f946-ff42-4749-8463-1ff07145ccbb,items
FALSE,B0DHRSK1GR,B0D5DJ7V4P,anti fruit fly,8,pr,8,1,16946,0,224,0,75,1,16946,2799,0,-1,7,1,16946,218,1,-1,24,7,49,0,1,-1,9,1,90,2,6aa4f946-ff42-4749-8463-1ff07145ccbb,items
FALSE,B0DHRSK1GR,B0D5DJ7V4P,anti fruit fly trap,8,pr,4,1,992,0,14,0,37,1,977,1321,0,-1,4,1,992,109,0,-1,33,4,8,0,0,-2,9,1,90,2,6aa4f946-ff42-4749-8463-1ff07145ccbb,items
FALSE,B0DHRSK1GR,B0D5DJ7V4P,nat catcher for indoors,9,pr,5,1,14610,0,208,0,73,1,14610,2714,0,-1,5,1,14610,146,1,-1,25,7,35,0,0,-2,9,1,90,2,6aa4f946-ff42-4749-8463-1ff07145ccbb,items
FALSE,B0DHRSK1GR,B0D5DJ7V4P,nat catcher for indoors plants,9,sr_rc,56,1,898,0,6,0,100,47,1,6315,0,-2,49,1,898,1771,0,-1,24,56,0,0,0,-2,9,1,90,2,6aa4f946-ff42-4749-8463-1ff07145ccbb,items
FALSE,B0DHRSK1GR,B0D5DJ7V4P,fruit fly catcher indoor,10,pr,5,1,2446,0,40,0,37,1,2446,1321,0,-1,5,1,2446,146,0,-1,25,4,20,0,0,-2,9,1,90,2,6aa4f946-ff42-4749-8463-1ff07145ccbb,items
FALSE,B0DHRSK1GR,B0D5DJ7V4P,fruit fly catcher,10,pr,11,1,10943,0,157,0,73,1,10943,2714,0,-1,10,1,10943,328,0,-1,24,7,24,0,0,-2,9,1,90,2,6aa4f946-ff42-4749-8463-1ff07145ccbb,items
FALSE,B0DHRSK1GR,B0D5DJ7V4P,fly catcher,10,sr_rc,79,33,401,0,2,0,100,85,19,6313,0,-2,79,26,590,2975,0,-1,24,94,0,0,0,-2,9,1,90,2,6aa4f946-ff42-4749-8463-1ff07145ccbb,items
FALSE,B0DHRSK1GR,B0D5DJ7V4P,fly catcher indoor,10,sr_rc,50,46,250,0,2,0,100,74,34,6310,0,-2,50,42,309,1806,0,-1,25,82,0,0,0,-2,9,1,90,2,6aa4f946-ff42-4749-8463-1ff07145ccbb,items
FALSE,B0DHRSK1GR,B0D5DJ7V4P,indoor fly catcher,10,sr_rc,42,1,7030,0,72,0,100,24,43,6314,0,-2,38,1,7030,1358,0,-1,24,32,0,0,0,-2,9,1,90,2,6aa4f946-ff42-4749-8463-1ff07145ccbb,items
FALSE,B0DHRSK1GR,B0D5DJ7V4P,nat killer,11,pr,8,1,9812,0,153,0,73,1,9812,2714,0,-1,8,1,9812,255,0,-1,25,7,20,0,0,-2,9,1,90,2,6aa4f946-ff42-4749-8463-1ff07145ccbb,items
FALSE,B0DHRSK1GR,B0D5DJ7V4P,nat killer for inside house,11,pr,4,1,2173,0,44,-1,60,1,2173,2192,0,-2,4,1,2173,109,0,-2,25,6,6,0,0,-3,9,1,90,2,6aa4f946-ff42-4749-8463-1ff07145ccbb,items
FALSE,B0DHRSK1GR,B0D5DJ7V4P,nat killer indoor,11,pr,7,1,4366,0,58,-1,85,1,4366,3266,0,-2,6,1,4366,182,0,-2,24,8,6,0,0,-3,9,1,90,2,6aa4f946-ff42-4749-8463-1ff07145ccbb,items
FALSE,B0DHRSK1GR,B0D5DJ7V4P,nats killer,11,sr_rc,9,1,3901,0,87,0,98,1,3901,4632,0,-1,9,1,3901,291,0,-1,27,9,2,0,0,-2,9,1,90,2,6aa4f946-ff42-4749-8463-1ff07145ccbb,items
FALSE,B0DHRSK1GR,B0D5DJ7V4P,how to get rid of fruit flies,12,pr,9,1,7910,0,110,0,84,1,7910,3214,0,-1,8,1,7910,255,0,-1,24,8,18,0,0,-2,9,1,90,2,6aa4f946-ff42-4749-8463-1ff07145ccbb,items
TRUE,B0DHRSK1GR,B0D5DJ7V4P,get rid of fruit flies,12,sr_rc,6,1,1315,0,21,0,61,1,1315,2231,0,-1,6,1,1315,182,0,-1,25,6,5,0,0,-2,9,1,90,2,6aa4f946-ff42-4749-8463-1ff07145ccbb,items
FALSE,B0DHRSK1GR,B0D5DJ7V4P,fly punch fruit fly trap,13,pr,4,1,1471,0,20,-1,37,1,1471,1321,0,-2,4,1,1471,109,0,-2,24,4,23,0,0,-3,9,1,90,2,6aa4f946-ff42-4749-8463-1ff07145ccbb,items
FALSE,B0DHRSK1GR,B0D5DJ7V4P,knit catchers indoor,14,pr,13,1,20571,0,226,0,95,1,20571,4010,0,-1,12,1,20571,400,0,-1,24,9,26,0,0,-2,9,1,90,2,6aa4f946-ff42-4749-8463-1ff07145ccbb,items
FALSE,B0DHRSK1GR,B0D5DJ7V4P,knat trap,15,pr,5,1,2776,0,60,-1,73,1,2776,2715,0,-2,5,1,2776,146,0,-2,25,7,7,0,0,-3,9,1,90,2,6aa4f946-ff42-4749-8463-1ff07145ccbb,items
FALSE,B0DHRSK1GR,B0D5DJ7V4P,knat traps,15,sr_rc,5,1,1278,0,17,-1,73,1,1278,2715,0,-2,5,1,1278,146,0,-2,24,7,3,0,0,-3,9,1,90,2,6aa4f946-ff42-4749-8463-1ff07145ccbb,items
FALSE,B0DHRSK1GR,B0D5DJ7V4P,fruit fly spray,16,pr,16,1,20903,0,272,-1,100,6,1758,6313,0,-2,14,1,20903,474,1,-2,24,14,9,0,0,-3,9,1,90,2,6aa4f946-ff42-4749-8463-1ff07145ccbb,items
FALSE,B0DHRSK1GR,B0D5DJ7V4P,spray for fruit flies,16,sr_rc,15,1,911,0,16,-1,100,5,96,6315,0,-2,13,1,888,437,0,-2,25,13,0,0,0,-3,9,1,90,2,6aa4f946-ff42-4749-8463-1ff07145ccbb,items
FALSE,B0DHRSK1GR,B0D5DJ7V4P,apple gnat trap,17,pr,3,1,544,0,8,-1,34,1,544,1210,0,-2,3,1,544,73,0,-2,24,4,6,0,0,-3,9,1,90,2,6aa4f946-ff42-4749-8463-1ff07145ccbb,items
FALSE,B0DHRSK1GR,B0D5DJ7V4P,apple fly trap,17,sr_rc,5,1,707,0,11,-1,60,1,707,2192,0,-2,5,1,707,146,0,-2,24,6,3,0,0,-3,9,1,90,2,6aa4f946-ff42-4749-8463-1ff07145ccbb,items
FALSE,B0DHRSK1GR,B0D5DJ7V4P,gnat apple trap,17,sr_rc,4,1,1690,0,31,-1,63,1,1690,2310,0,-2,4,1,1690,109,0,-2,25,8,3,0,0,-3,9,1,90,2,6aa4f946-ff42-4749-8463-1ff07145ccbb,items
FALSE,B0DHRSK1GR,B0D5DJ7V4P,gnat catchers indoor,18,pr,7,1,13239,0,182,-1,100,4,2027,6314,0,-2,6,1,13239,182,1,-2,25,12,7,0,0,-3,9,1,90,2,6aa4f946-ff42-4749-8463-1ff07145ccbb,items
FALSE,B0DHRSK1GR,B0D5DJ7V4P,gnat catcher,18,sr_rc,10,1,13679,0,198,0,100,6,1099,6314,0,-1,9,1,13679,291,1,-1,24,14,5,0,0,-2,9,1,90,2,6aa4f946-ff42-4749-8463-1ff07145ccbb,items
FALSE,B0DHRSK1GR,B0D5DJ7V4P,gnat catchers indoor plants,18,sr_rc,92,22,29,0,0,-3,100,101,0,6315,0,-3,92,14,53,3710,0,-2,25,109,0,0,0,-3,9,1,90,2,6aa4f946-ff42-4749-8463-1ff07145ccbb,items
FALSE,B0DHRSK1GR,B0D5DJ7V4P,fruit fly catchers for inside home,19,pr,7,1,1054,0,14,-1,37,1,1070,1321,0,-2,7,1,1070,218,0,-2,25,4,10,0,0,-3,9,1,90,2,6aa4f946-ff42-4749-8463-1ff07145ccbb,items
FALSE,B0DHRSK1GR,B0D5DJ7V4P,fly catchers for inside home,19,sr_rc,46,31,8,0,0,-2,100,55,1,6314,0,-3,46,27,10,1657,0,-3,25,63,0,0,0,-3,9,1,90,2,6aa4f946-ff42-4749-8463-1ff07145ccbb,items
FALSE,B0DHRSK1GR,B0D5DJ7V4P,gnat catchers for inside home,19,sr_rc,9,1,1182,0,14,0,100,11,33,6314,0,-2,9,1,1197,291,0,-1,25,19,0,0,0,-2,9,1,90,2,6aa4f946-ff42-4749-8463-1ff07145ccbb,items
FALSE,B0DHRSK1GR,B0D5DJ7V4P,gnat killer indoor,20,pr,25,1,114136,0,1202,-1,100,23,742,6306,0,-2,25,1,114136,875,1,-2,24,31,7,0,0,-3,9,1,90,2,6aa4f946-ff42-4749-8463-1ff07145ccbb,items
FALSE,B0DHRSK1GR,B0D5DJ7V4P,drain gnats killer indoor,20,sr_rc,21,1,668,0,13,-1,100,19,6,6315,0,-3,19,1,668,657,0,-2,24,27,0,0,0,-3,9,1,90,2,6aa4f946-ff42-4749-8463-1ff07145ccbb,items
FALSE,B0DHRSK1GR,B0D5DJ7V4P,fungus gnat killer for indoor plants,20,sr_rc,100,85,2,0,0,-3,100,147,0,6314,0,-3,100,78,3,6314,0,-3,26,155,0,0,0,-3,9,1,90,2,6aa4f946-ff42-4749-8463-1ff07145ccbb,items
FALSE,B0DHRSK1GR,B0D5DJ7V4P,fungus gnats killer indoor plants,20,sr_rc,100,59,40,0,0,-2,100,120,2,6314,0,-3,100,52,52,6314,0,-2,33,128,0,0,0,-3,9,1,90,2,6aa4f946-ff42-4749-8463-1ff07145ccbb,items
FALSE,B0DHRSK1GR,B0D5DJ7V4P,gnat killer,20,sr_rc,79,1,9206,0,24,0,100,50,12,6313,0,-2,66,1,9206,2428,0,-1,24,58,0,0,0,-2,9,1,90,2,6aa4f946-ff42-4749-8463-1ff07145ccbb,items
FALSE,B0DHRSK1GR,B0D5DJ7V4P,gnat killer for indoor plants,20,sr_rc,100,99,27,0,0,-3,100,163,2,6313,0,-3,100,91,33,6313,0,-3,25,171,0,0,0,-3,9,1,90,2,6aa4f946-ff42-4749-8463-1ff07145ccbb,items
FALSE,B0DHRSK1GR,B0D5DJ7V4P,gnat killer indoor plants,20,sr_rc,100,97,16,0,0,-3,100,163,1,6314,0,-3,100,90,19,6314,0,-3,25,171,0,0,0,-3,9,1,90,2,6aa4f946-ff42-4749-8463-1ff07145ccbb,items
FALSE,B0DHRSK1GR,B0D5DJ7V4P,gnats killer,20,sr_rc,49,1,8472,0,69,0,100,37,21,6314,0,-2,44,1,8472,1582,0,-1,24,45,0,0,0,-2,9,1,90,2,6aa4f946-ff42-4749-8463-1ff07145ccbb,items
FALSE,B0DHRSK1GR,B0D5DJ7V4P,indoor gnat killer,20,sr_rc,26,1,3214,0,48,-1,100,26,16,6314,0,-3,25,1,3214,877,0,-2,24,34,0,0,0,-3,9,1,90,2,6aa4f946-ff42-4749-8463-1ff07145ccbb,items
FALSE,B0DHRSK1GR,B0D5DJ7V4P,apple fruit fly trap,21,sr_rc,9,1,1768,0,24,-1,97,1,1768,4352,0,-2,8,1,1768,255,0,-2,25,9,3,0,0,-3,9,1,90,2,6aa4f946-ff42-4749-8463-1ff07145ccbb,items
FALSE,B0DHRSK1GR,B0D5DJ7V4P,fruit fly apple trap,21,sr_rc,7,1,2220,0,32,-1,84,1,2220,3215,0,-2,6,1,2220,182,0,-2,24,8,4,0,0,-3,9,1,90,2,6aa4f946-ff42-4749-8463-1ff07145ccbb,items
FALSE,B0DHRSK1GR,B0D5DJ7V4P,fruit fly trap apple shape,21,sr_rc,5,1,2169,0,29,-1,69,1,2169,2550,0,-2,5,1,2169,146,0,-2,24,8,4,0,0,-3,9,1,90,2,6aa4f946-ff42-4749-8463-1ff07145ccbb,items
FALSE,B0DHRSK1GR,B0D5DJ7V4P,atrapa moscas para interiores,22,sr_rc,2,65,0,0,0,-2,100,62,1,6314,0,-2,2,65,0,36,0,-2,25,70,0,0,0,-2,9,1,90,2,6aa4f946-ff42-4749-8463-1ff07145ccbb,items
FALSE,B0DHRSK1GR,B0D5DJ7V4P,best fly trap indoors,23,sr_rc,37,5,103,0,1,-1,100,31,3,6314,0,-3,45,1,778,1619,0,-2,25,40,0,0,0,-3,9,1,90,2,6aa4f946-ff42-4749-8463-1ff07145ccbb,items
FALSE,B0DHRSK1GR,B0D5DJ7V4P,best fly traps for indoors,23,sr_rc,36,20,17,0,0,-2,100,47,2,6314,0,-3,36,17,23,1283,0,-3,25,55,0,0,0,-3,9,1,90,2,6aa4f946-ff42-4749-8463-1ff07145ccbb,items
FALSE,B0DHRSK1GR,B0D5DJ7V4P,best indoor fly trap,23,sr_rc,38,9,117,0,1,0,100,37,5,6314,0,-2,94,1,2109,3896,0,-1,25,45,0,0,0,-2,9,1,90,2,6aa4f946-ff42-4749-8463-1ff07145ccbb,items
FALSE,B0DHRSK1GR,B0D5DJ7V4P,best indoor house fly traps,23,sr_rc,19,1,102,0,1,-1,100,25,1,6315,0,-3,17,1,102,584,0,-2,26,33,0,0,0,-3,9,1,90,2,6aa4f946-ff42-4749-8463-1ff07145ccbb,items
FALSE,B0DHRSK1GR,B0D5DJ7V4P,best rated indoor fly trap,23,sr_rc,32,1,558,0,6,-1,100,28,3,6314,0,-3,28,1,558,988,0,-2,24,36,0,0,0,-3,9,1,90,2,6aa4f946-ff42-4749-8463-1ff07145ccbb,items
FALSE,B0DHRSK1GR,B0D5DJ7V4P,best fungus gnat killer,24,sr_rc,100,21,16,0,0,-2,100,78,0,6314,0,-3,100,14,30,6314,0,-3,25,86,0,0,0,-3,9,1,90,2,6aa4f946-ff42-4749-8463-1ff07145ccbb,items
FALSE,B0DHRSK1GR,B0D5DJ7V4P,fungus gnat killer,24,sr_rc,100,31,331,0,0,-1,100,80,15,6313,0,-2,100,23,526,6313,0,-1,24,88,0,0,0,-2,9,1,90,2,6aa4f946-ff42-4749-8463-1ff07145ccbb,items
FALSE,B0DHRSK1GR,B0D5DJ7V4P,best indoor fly catchers,25,sr_rc,49,8,18,0,0,-1,100,36,1,6315,0,-2,84,1,277,3215,0,-1,24,44,0,0,0,-2,9,1,90,2,6aa4f946-ff42-4749-8463-1ff07145ccbb,items
FALSE,B0DHRSK1GR,B0D5DJ7V4P,best way to get rid of flies indoors,26,sr_rc,33,1,2863,0,36,-1,100,19,26,6314,0,-3,29,1,2863,1024,0,-2,26,28,0,0,0,-3,9,1,90,2,6aa4f946-ff42-4749-8463-1ff07145ccbb,items
FALSE,B0DHRSK1GR,B0D5DJ7V4P,best way to get rid of gnats,26,sr_rc,17,1,387,0,4,-1,100,8,17,6315,0,-3,16,1,387,547,0,-2,24,16,0,0,0,-3,9,1,90,2,6aa4f946-ff42-4749-8463-1ff07145ccbb,items
FALSE,B0DHRSK1GR,B0D5DJ7V4P,bug catcher indoor,27,sr_rc,77,17,192,0,1,-1,100,91,3,6313,0,-3,100,9,491,6313,0,-2,25,99,0,0,0,-3,9,1,90,2,6aa4f946-ff42-4749-8463-1ff07145ccbb,items
FALSE,B0DHRSK1GR,B0D5DJ7V4P,indoor bug catcher,27,sr_rc,20,144,0,0,0,-1,97,172,0,4352,0,-2,24,137,0,840,0,-2,25,180,0,0,0,-2,9,1,90,2,6aa4f946-ff42-4749-8463-1ff07145ccbb,items
FALSE,B0DHRSK1GR,B0D5DJ7V4P,bug killer indoor,28,sr_rc,85,48,51,0,0,-2,76,131,1,2842,0,-3,85,41,66,3266,0,-2,17,137,0,0,0,-3,9,1,90,2,6aa4f946-ff42-4749-8463-1ff07145ccbb,items
FALSE,B0DHRSK1GR,B0D5DJ7V4P,bug trap,29,sr_rc,100,21,259,0,0,-1,100,120,3,6314,0,-3,100,13,505,6314,0,-2,25,128,0,0,0,-3,9,1,90,2,6aa4f946-ff42-4749-8463-1ff07145ccbb,items
FALSE,B0DHRSK1GR,B0D5DJ7V4P,bug traps indoor for home,29,sr_rc,17,135,18,0,0,-2,97,154,5,4352,0,-3,23,126,26,803,0,-3,25,162,0,0,0,-3,9,1,90,2,6aa4f946-ff42-4749-8463-1ff07145ccbb,items
FALSE,B0DHRSK1GR,B0D5DJ7V4P,indoor bug trap,29,sr_rc,21,132,1,0,0,-2,100,162,0,6314,0,-3,23,128,1,804,0,-3,27,170,0,0,0,-3,9,1,90,2,6aa4f946-ff42-4749-8463-1ff07145ccbb,items
FALSE,B0DHRSK1GR,B0D5DJ7V4P,drain flies killer for sink,30,sr_rc,59,1,3135,0,18,-1,100,28,12,6314,0,-3,52,1,3135,1884,0,-2,25,36,0,0,0,-3,9,1,90,2,6aa4f946-ff42-4749-8463-1ff07145ccbb,items
FALSE,B0DHRSK1GR,B0D5DJ7V4P,drain fly killer,30,sr_rc,75,1,21072,0,64,-1,100,42,40,6310,0,-3,66,1,21072,2425,0,-2,24,50,0,0,0,-3,9,1,90,2,6aa4f946-ff42-4749-8463-1ff07145ccbb,items
FALSE,B0DHRSK1GR,B0D5DJ7V4P,drain fly trap,31,sr_rc,11,1,10017,0,136,-1,100,9,404,6314,0,-2,11,1,10017,364,0,-2,24,17,3,0,0,-3,9,1,90,2,6aa4f946-ff42-4749-8463-1ff07145ccbb,items
FALSE,B0DHRSK1GR,B0D5DJ7V4P,drain fly traps,31,sr_rc,5,1,1807,0,44,-1,100,1,1065,6315,0,-2,5,1,1807,146,0,-2,24,10,2,0,0,-3,9,1,90,2,6aa4f946-ff42-4749-8463-1ff07145ccbb,items
FALSE,B0DHRSK1GR,B0D5DJ7V4P,drain fly traps for indoors,31,sr_rc,7,1,1426,0,28,-1,100,5,160,6315,0,-2,7,1,1426,218,0,-2,25,13,1,0,0,-3,9,1,90,2,6aa4f946-ff42-4749-8463-1ff07145ccbb,items
FALSE,B0DHRSK1GR,B0D5DJ7V4P,extreme fruit fly infestation,32,sr_rc,16,1,2892,0,40,-1,100,3,766,6314,0,-2,14,1,2892,474,0,-2,24,11,1,0,0,-3,9,1,90,2,6aa4f946-ff42-4749-8463-1ff07145ccbb,items
FALSE,B0DHRSK1GR,B0D5DJ7V4P,flies killer indoor,33,sr_rc,47,41,43,0,0,-2,100,70,5,6310,0,-3,47,37,53,1693,0,-2,25,78,0,0,0,-3,9,1,90,2,6aa4f946-ff42-4749-8463-1ff07145ccbb,items
FALSE,B0DHRSK1GR,B0D5DJ7V4P,fly killer indoor,33,sr_rc,53,40,233,0,2,0,100,72,25,6313,0,-2,53,36,294,1922,0,-1,24,80,0,0,0,-2,9,1,90,2,6aa4f946-ff42-4749-8463-1ff07145ccbb,items
FALSE,B0DHRSK1GR,B0D5DJ7V4P,flightless fruit flies,34,sr_rc,28,1,183,0,2,-1,83,31,0,3165,0,-3,26,1,183,914,0,-2,32,33,0,0,0,-3,9,1,90,2,6aa4f946-ff42-4749-8463-1ff07145ccbb,items
FALSE,B0DHRSK1GR,B0D5DJ7V4P,fly bait,35,sr_rc,94,1,81793,0,73,-1,100,77,42,6310,0,-3,84,1,81793,3211,0,-2,24,85,0,0,0,-3,9,1,90,2,6aa4f946-ff42-4749-8463-1ff07145ccbb,items
FALSE,B0DHRSK1GR,B0D5DJ7V4P,fruit fly bait,35,sr_rc,8,1,2070,0,37,-1,96,1,2070,4160,0,-2,7,1,2070,218,0,-2,25,9,3,0,0,-3,9,1,90,2,6aa4f946-ff42-4749-8463-1ff07145ccbb,items
FALSE,B0DHRSK1GR,B0D5DJ7V4P,fly fogger,36,sr_rc,54,1,2977,0,20,-1,100,34,9,6314,0,-3,48,1,2977,1733,0,-2,4,42,0,0,0,-3,9,1,90,2,6aa4f946-ff42-4749-8463-1ff07145ccbb,items
FALSE,B0DHRSK1GR,B0D5DJ7V4P,fruit fly fogger,36,sr_rc,10,1,2053,0,43,-1,100,1,1595,6315,0,-2,9,1,2053,291,0,-2,24,11,0,0,0,-3,9,1,90,2,6aa4f946-ff42-4749-8463-1ff07145ccbb,items
FALSE,B0DHRSK1GR,B0D5DJ7V4P,fly repellent,37,sr_rc,84,31,344,0,1,-1,99,91,13,5117,0,-3,84,24,520,3214,0,-2,9,99,0,0,0,-3,9,1,90,2,6aa4f946-ff42-4749-8463-1ff07145ccbb,items
FALSE,B0DHRSK1GR,B0D5DJ7V4P,fruit fly repellent,37,sr_rc,12,1,1010,0,17,-1,100,1,595,6315,0,-2,11,1,1010,364,0,-2,25,10,1,0,0,-3,9,1,90,2,6aa4f946-ff42-4749-8463-1ff07145ccbb,items
FALSE,B0DHRSK1GR,B0D5DJ7V4P,trash can fly repellent,37,sr_rc,78,1,704,0,2,-1,100,50,1,6314,0,-3,69,1,704,2549,0,-2,24,59,0,0,0,-3,9,1,90,2,6aa4f946-ff42-4749-8463-1ff07145ccbb,items
FALSE,B0DHRSK1GR,B0D5DJ7V4P,fly spray indoor,38,sr_rc,67,26,68,0,0,-1,100,68,4,6314,0,-3,67,21,101,2468,0,-2,24,76,0,0,0,-3,9,1,90,2,6aa4f946-ff42-4749-8463-1ff07145ccbb,items
FALSE,B0DHRSK1GR,B0D5DJ7V4P,fly sticky traps indoor,39,sr_rc,14,88,2,0,0,-2,100,108,1,6314,0,-3,14,87,2,474,0,-3,24,116,0,0,0,-3,9,1,90,2,6aa4f946-ff42-4749-8463-1ff07145ccbb,items
FALSE,B0DHRSK1GR,B0D5DJ7V4P,fly traps sticky,39,sr_rc,29,81,1,0,0,-2,100,126,0,6315,0,-3,68,51,2,2509,0,-3,24,134,0,0,0,-3,9,1,90,2,6aa4f946-ff42-4749-8463-1ff07145ccbb,items
FALSE,B0DHRSK1GR,B0D5DJ7V4P,sticky fly trap,39,sr_rc,19,88,0,0,0,-1,100,122,0,6315,0,-2,19,86,0,657,0,-2,24,130,0,0,0,-2,9,1,90,2,6aa4f946-ff42-4749-8463-1ff07145ccbb,items
FALSE,B0DHRSK1GR,B0D5DJ7V4P,sticky fly trap indoor hanging,39,sr_rc,26,118,2,0,0,-1,100,157,0,6314,0,-2,26,116,2,914,0,-2,25,165,0,0,0,-2,9,1,90,2,6aa4f946-ff42-4749-8463-1ff07145ccbb,items
FALSE,B0DHRSK1GR,B0D5DJ7V4P,sticky fly traps for indoors,39,sr_rc,16,73,10,0,0,-1,100,94,2,6314,0,-2,16,71,11,547,0,-2,24,103,0,0,0,-2,9,1,90,2,6aa4f946-ff42-4749-8463-1ff07145ccbb,items
FALSE,B0DHRSK1GR,B0D5DJ7V4P,fly tape indoor for home,40,sr_rc,64,1,7625,0,40,-1,100,51,10,6313,0,-3,59,1,7625,2152,0,-2,24,59,0,0,0,-3,9,1,90,2,6aa4f946-ff42-4749-8463-1ff07145ccbb,items
FALSE,B0DHRSK1GR,B0D5DJ7V4P,fly traps for plants,41,sr_rc,11,62,2,0,0,-3,100,78,1,6315,0,-3,55,28,15,1999,0,-3,25,86,0,0,0,-3,9,1,90,2,6aa4f946-ff42-4749-8463-1ff07145ccbb,items
FALSE,B0DHRSK1GR,B0D5DJ7V4P,plant fly traps,41,sr_rc,48,1,1629,0,13,-1,100,44,3,6314,0,-3,42,1,1629,1507,0,-2,26,52,0,0,0,-3,9,1,90,2,6aa4f946-ff42-4749-8463-1ff07145ccbb,items
FALSE,B0DHRSK1GR,B0D5DJ7V4P,fly traps indoor for home,42,sr_rc,23,111,21,0,0,-2,100,128,6,6310,0,-3,23,109,23,803,0,-3,25,136,0,0,0,-3,9,1,90,2,6aa4f946-ff42-4749-8463-1ff07145ccbb,items
FALSE,B0DHRSK1GR,B0D5DJ7V4P,indoor fly trap for home,42,sr_rc,13,102,20,0,0,-2,100,114,7,6310,0,-3,13,101,21,437,0,-3,24,122,0,0,0,-3,9,1,90,2,6aa4f946-ff42-4749-8463-1ff07145ccbb,items
FALSE,B0DHRSK1GR,B0D5DJ7V4P,flying insect trap,43,sr_rc,13,92,40,0,1,-2,97,107,12,4348,0,-3,13,91,42,437,0,-2,24,115,0,0,0,-3,9,1,90,2,6aa4f946-ff42-4749-8463-1ff07145ccbb,items
FALSE,B0DHRSK1GR,B0D5DJ7V4P,flytraps indoor for home,44,sr_rc,54,1,527,0,4,-1,100,46,1,6314,0,-3,49,1,527,1770,0,-2,25,54,0,0,0,-3,9,1,90,2,6aa4f946-ff42-4749-8463-1ff07145ccbb,items
FALSE,B0DHRSK1GR,B0D5DJ7V4P,food fly trap,45,sr_rc,6,1,543,0,7,-1,100,2,155,6315,0,-2,5,1,543,146,0,-2,25,11,0,0,0,-3,9,1,90,2,6aa4f946-ff42-4749-8463-1ff07145ccbb,items
FALSE,B0DHRSK1GR,B0D5DJ7V4P,fruit cover against fruit flies,46,sr_rc,51,1,209,0,2,-1,4,31,0,109,0,-3,44,1,209,1582,0,-2,24,32,0,0,0,-3,9,1,90,2,6aa4f946-ff42-4749-8463-1ff07145ccbb,items
FALSE,B0DHRSK1GR,B0D5DJ7V4P,fruit fly bomb,47,sr_rc,27,1,1411,0,22,-1,100,6,102,6315,0,-2,23,1,1411,804,0,-2,24,16,0,0,0,-3,9,1,90,2,6aa4f946-ff42-4749-8463-1ff07145ccbb,items
FALSE,B0DHRSK1GR,B0D5DJ7V4P,fruit fly eliminator,48,sr_rc,8,1,1480,0,22,-1,96,1,1480,4159,0,-2,8,1,1480,255,0,-2,24,9,2,0,0,-3,9,1,90,2,6aa4f946-ff42-4749-8463-1ff07145ccbb,items
FALSE,B0DHRSK1GR,B0D5DJ7V4P,fruit fly infestation in house,49,sr_rc,12,1,1073,0,12,-1,83,1,1073,3165,0,-2,10,1,1073,328,0,-2,24,8,2,0,0,-3,9,1,90,2,6aa4f946-ff42-4749-8463-1ff07145ccbb,items
FALSE,B0DHRSK1GR,B0D5DJ7V4P,fruit fly liquid,50,sr_rc,16,1,3308,0,53,-1,100,12,77,6314,0,-2,15,1,3308,510,0,-2,24,23,0,0,0,-3,9,1,90,2,6aa4f946-ff42-4749-8463-1ff07145ccbb,items
FALSE,B0DHRSK1GR,B0D5DJ7V4P,fruit fly trap refill liquid,50,sr_rc,45,1,8067,0,57,-1,100,42,17,6314,0,-3,39,1,8067,1395,0,-2,25,51,0,0,0,-3,9,1,90,2,6aa4f946-ff42-4749-8463-1ff07145ccbb,items
FALSE,B0DHRSK1GR,B0D5DJ7V4P,fruit fly plug in trap,51,sr_rc,10,88,0,0,0,-2,100,87,0,6314,0,-3,45,62,2,1620,0,-3,24,99,0,0,0,-3,9,1,90,2,6aa4f946-ff42-4749-8463-1ff07145ccbb,items
FALSE,B0DHRSK1GR,B0D5DJ7V4P,fruit fly sticky traps,52,sr_rc,33,16,87,0,1,-1,100,35,11,6314,0,-3,33,13,118,1172,0,-2,25,43,0,0,0,-3,9,1,90,2,6aa4f946-ff42-4749-8463-1ff07145ccbb,items
FALSE,B0DHRSK1GR,B0D5DJ7V4P,fruit fly strips,53,sr_rc,52,1,1904,0,15,-1,100,33,6,6315,0,-3,46,1,1904,1657,0,-2,24,41,0,0,0,-3,9,1,90,2,6aa4f946-ff42-4749-8463-1ff07145ccbb,items
FALSE,B0DHRSK1GR,B0D5DJ7V4P,fruit fly trap outdoor,54,sr_rc,26,8,87,0,1,-1,100,15,22,6315,0,-3,80,1,1444,3022,0,-2,24,23,0,0,0,-3,9,1,90,2,6aa4f946-ff42-4749-8463-1ff07145ccbb,items
FALSE,B0DHRSK1GR,B0D5DJ7V4P,fruit fly traps for outdoors,54,sr_rc,24,7,54,0,1,-2,100,14,14,6315,0,-3,72,1,802,2673,0,-2,24,22,0,0,0,-3,9,1,90,2,6aa4f946-ff42-4749-8463-1ff07145ccbb,items
FALSE,B0DHRSK1GR,B0D5DJ7V4P,fruitfly eliminator,55,sr_rc,4,1,1020,0,19,-1,61,1,1020,2231,0,-2,4,1,1020,109,0,-2,25,6,3,0,0,-3,9,1,90,2,6aa4f946-ff42-4749-8463-1ff07145ccbb,items
FALSE,B0DHRSK1GR,B0D5DJ7V4P,fungus gnat death drops,56,sr_rc,54,1,696,0,4,0,100,28,3,6314,0,-2,48,1,705,1732,0,-1,25,36,0,0,0,-2,9,1,90,2,6aa4f946-ff42-4749-8463-1ff07145ccbb,items
FALSE,B0DHRSK1GR,B0D5DJ7V4P,fungus gnat sticky trap,57,sr_rc,100,38,53,0,0,-2,100,112,2,6314,0,-3,100,30,78,6314,0,-2,24,120,0,0,0,-3,9,1,90,2,6aa4f946-ff42-4749-8463-1ff07145ccbb,items
FALSE,B0DHRSK1GR,B0D5DJ7V4P,fungus gnats sticky traps,57,sr_rc,100,106,3,0,0,-3,98,181,0,4633,0,-3,100,98,4,6315,0,-3,24,189,0,0,0,-3,9,1,90,2,6aa4f946-ff42-4749-8463-1ff07145ccbb,items
FALSE,B0DHRSK1GR,B0D5DJ7V4P,fungus gnat traps for indoor plants,58,sr_rc,54,117,1,0,0,-3,100,171,0,6315,0,-3,84,94,2,3215,0,-3,41,179,0,0,0,-3,9,1,90,2,6aa4f946-ff42-4749-8463-1ff07145ccbb,items
FALSE,B0DHRSK1GR,B0D5DJ7V4P,get rid of gnat infestation,59,sr_rc,16,1,12126,0,157,-1,100,6,907,6314,0,-2,15,1,12126,510,0,-2,24,14,6,0,0,-3,9,1,90,2,6aa4f946-ff42-4749-8463-1ff07145ccbb,items
FALSE,B0DHRSK1GR,B0D5DJ7V4P,get rid of gnats,59,sr_rc,26,1,3722,0,47,-1,100,12,89,6314,0,-2,23,1,3722,804,0,-2,24,20,1,0,0,-3,9,1,90,2,6aa4f946-ff42-4749-8463-1ff07145ccbb,items
FALSE,B0DHRSK1GR,B0D5DJ7V4P,how to get rid of gnats,59,sr_rc,22,1,8405,0,109,-1,100,9,339,6314,0,-2,19,1,8405,657,0,-2,25,17,3,0,0,-3,9,1,90,2,6aa4f946-ff42-4749-8463-1ff07145ccbb,items
FALSE,B0DHRSK1GR,B0D5DJ7V4P,to get rid of gnats,59,sr_rc,11,1,2121,0,29,0,96,1,2121,4160,0,-1,11,1,2121,364,0,-1,24,9,4,0,0,-2,9,1,90,2,6aa4f946-ff42-4749-8463-1ff07145ccbb,items
FALSE,B0DHRSK1GR,B0D5DJ7V4P,get rid of gnats indoor,60,sr_rc,14,1,1520,0,19,-1,100,8,72,6314,0,-2,14,1,1520,474,0,-2,26,16,1,0,0,-3,9,1,90,2,6aa4f946-ff42-4749-8463-1ff07145ccbb,items
FALSE,B0DHRSK1GR,B0D5DJ7V4P,get rid of gnats indoors,60,sr_rc,13,1,1084,0,15,-1,100,11,29,6315,0,-3,13,1,1084,437,0,-2,24,19,0,0,0,-3,9,1,90,2,6aa4f946-ff42-4749-8463-1ff07145ccbb,items
FALSE,B0DHRSK1GR,B0D5DJ7V4P,getting rid of gnats in plants,61,sr_rc,81,1,5432,0,14,0,100,41,11,6314,0,-2,67,1,5432,2468,0,-1,24,49,0,0,0,-2,9,1,90,2,6aa4f946-ff42-4749-8463-1ff07145ccbb,items
FALSE,B0DHRSK1GR,B0D5DJ7V4P,getting rid of house flies,62,sr_rc,60,21,1,0,0,-2,100,63,0,6315,0,-3,60,16,1,2192,0,-3,25,72,0,0,0,-3,9,1,90,2,6aa4f946-ff42-4749-8463-1ff07145ccbb,items
FALSE,B0DHRSK1GR,B0D5DJ7V4P,to get rid of gnats in the house,62,sr_rc,19,1,2633,0,31,-1,100,18,29,6314,0,-3,18,1,2633,620,0,-2,25,26,0,0,0,-3,9,1,90,2,6aa4f946-ff42-4749-8463-1ff07145ccbb,items
FALSE,B0DHRSK1GR,B0D5DJ7V4P,gnat fogger indoor,63,sr_rc,19,1,2086,0,34,-1,100,11,53,6315,0,-3,18,1,2086,620,0,-2,24,19,0,0,0,-3,9,1,90,2,6aa4f946-ff42-4749-8463-1ff07145ccbb,items
FALSE,B0DHRSK1GR,B0D5DJ7V4P,gnat killer for inside house,64,sr_rc,10,1,1338,0,23,-1,100,3,234,6315,0,-2,10,1,1338,328,0,-2,25,12,1,0,0,-3,9,1,90,2,6aa4f946-ff42-4749-8463-1ff07145ccbb,items
FALSE,B0DHRSK1GR,B0D5DJ7V4P,gnat repellent,65,sr_rc,36,1,2451,0,22,-1,100,29,10,6314,0,-3,33,1,2451,1172,0,-2,24,37,0,0,0,-3,9,1,90,2,6aa4f946-ff42-4749-8463-1ff07145ccbb,items
FALSE,B0DHRSK1GR,B0D5DJ7V4P,gnat repellent indoor,65,sr_rc,20,1,5137,0,94,-1,100,23,31,6314,0,-3,19,1,5137,657,0,-2,24,31,0,0,0,-3,9,1,90,2,6aa4f946-ff42-4749-8463-1ff07145ccbb,items
FALSE,B0DHRSK1GR,B0D5DJ7V4P,gnat spray indoor,66,sr_rc,41,1,11986,0,125,-1,100,28,54,6314,0,-3,36,1,11986,1283,0,-2,24,36,1,0,0,-3,9,1,90,2,6aa4f946-ff42-4749-8463-1ff07145ccbb,items
FALSE,B0DHRSK1GR,B0D5DJ7V4P,gnat trap outdoor,67,sr_rc,83,12,15,0,0,-2,100,84,0,6314,0,-3,100,4,67,6314,0,-2,24,93,0,0,0,-3,9,1,90,2,6aa4f946-ff42-4749-8463-1ff07145ccbb,items
FALSE,B0DHRSK1GR,B0D5DJ7V4P,gnat traps outdoor,67,sr_rc,81,1,1127,0,4,-1,100,67,1,6314,0,-3,72,1,1127,2672,0,-2,24,76,0,0,0,-3,9,1,90,2,6aa4f946-ff42-4749-8463-1ff07145ccbb,items
FALSE,B0DHRSK1GR,B0D5DJ7V4P,outdoor gnat trap,67,sr_rc,79,8,20,0,0,-2,100,76,0,6314,0,-3,83,1,278,3164,0,-2,24,84,0,0,0,-3,9,1,90,2,6aa4f946-ff42-4749-8463-1ff07145ccbb,items
FALSE,B0DHRSK1GR,B0D5DJ7V4P,house fly trap indoor,68,sr_rc,16,91,8,0,0,-1,100,107,2,6313,0,-2,16,90,8,547,0,-2,24,115,0,0,0,-2,9,1,90,2,6aa4f946-ff42-4749-8463-1ff07145ccbb,items
FALSE,B0DHRSK1GR,B0D5DJ7V4P,indoor ant traps,69,sr_rc,97,62,18,0,0,-2,100,129,1,6314,0,-3,97,54,24,4352,0,-3,33,138,0,0,0,-3,9,1,90,2,6aa4f946-ff42-4749-8463-1ff07145ccbb,items
FALSE,B0DHRSK1GR,B0D5DJ7V4P,indoor earwig traps,70,sr_rc,18,1,236,0,3,-1,100,14,4,6314,0,-3,16,1,236,547,0,-2,25,22,0,0,0,-3,9,1,90,2,6aa4f946-ff42-4749-8463-1ff07145ccbb,items
FALSE,B0DHRSK1GR,B0D5DJ7V4P,keep bugs out of house,71,sr_rc,100,67,1,0,0,-2,91,149,0,3633,0,-3,100,59,1,6315,0,-3,2,157,0,0,0,-3,9,1,90,2,6aa4f946-ff42-4749-8463-1ff07145ccbb,items
FALSE,B0DHRSK1GR,B0D5DJ7V4P,kill flies indoors,72,sr_rc,58,1,438,0,3,0,100,40,1,6314,0,-2,52,1,438,1884,0,-1,25,49,0,0,0,-2,9,1,90,2,6aa4f946-ff42-4749-8463-1ff07145ccbb,items
FALSE,B0DHRSK1GR,B0D5DJ7V4P,kill fruit flies indoors fast,72,sr_rc,18,1,500,0,5,0,100,4,85,6315,0,-1,16,1,500,547,0,-1,25,12,0,0,0,-2,9,1,90,2,6aa4f946-ff42-4749-8463-1ff07145ccbb,items
FALSE,B0DHRSK1GR,B0D5DJ7V4P,kill fruit fly infestation,73,sr_rc,11,1,1383,0,29,-1,84,1,1383,3215,0,-2,10,1,1383,328,0,-2,24,8,2,0,0,-3,9,1,90,2,6aa4f946-ff42-4749-8463-1ff07145ccbb,items
FALSE,B0DHRSK1GR,B0D5DJ7V4P,liquid bait traps,74,sr_rc,22,1,1563,0,20,-1,100,25,9,6314,0,-3,22,1,1622,767,0,-2,25,33,0,0,0,-3,9,1,90,2,6aa4f946-ff42-4749-8463-1ff07145ccbb,items
FALSE,B0DHRSK1GR,B0D5DJ7V4P,mosquito catcher,75,sr_rc,100,34,28,0,0,-2,100,118,1,6314,0,-3,100,25,43,6314,0,-2,9,126,0,0,0,-3,9,1,90,2,6aa4f946-ff42-4749-8463-1ff07145ccbb,items
FALSE,B0DHRSK1GR,B0D5DJ7V4P,mosquito traps,76,sr_rc,100,41,229,0,0,-1,100,128,5,6313,0,-3,100,32,328,6313,0,-2,24,136,0,0,0,-3,9,1,90,2,6aa4f946-ff42-4749-8463-1ff07145ccbb,items
FALSE,B0DHRSK1GR,B0D5DJ7V4P,nat catchers for inside home,77,sr_rc,10,1,665,0,9,0,100,8,32,6314,0,-2,9,1,665,291,0,-1,25,16,0,0,0,-2,9,1,90,2,6aa4f946-ff42-4749-8463-1ff07145ccbb,items
FALSE,B0DHRSK1GR,B0D5DJ7V4P,nat repellent,78,sr_rc,16,1,1673,0,25,0,96,1,1673,4160,0,-1,15,1,1673,511,0,-1,25,9,2,0,0,-2,9,1,90,2,6aa4f946-ff42-4749-8463-1ff07145ccbb,items
FALSE,B0DHRSK1GR,B0D5DJ7V4P,nat repellent indoor,78,sr_rc,5,1,1294,0,23,-1,49,1,1294,1770,0,-2,4,1,1258,109,0,-2,24,5,4,0,0,-3,9,1,90,2,6aa4f946-ff42-4749-8463-1ff07145ccbb,items
FALSE,B0DHRSK1GR,B0D5DJ7V4P,net traps indoor for home,79,sr_rc,4,1,2238,0,46,-1,73,1,2238,2715,0,-2,4,1,2238,109,0,-2,25,7,6,0,0,-3,9,1,90,2,6aa4f946-ff42-4749-8463-1ff07145ccbb,items
FALSE,B0DHRSK1GR,B0D5DJ7V4P,outdoor fly traps for patio,80,sr_rc,19,160,1,0,0,-2,98,179,0,4632,0,-3,19,159,1,657,0,-3,25,187,0,0,0,-3,9,1,90,2,6aa4f946-ff42-4749-8463-1ff07145ccbb,items
FALSE,B0DHRSK1GR,B0D5DJ7V4P,pantry fly traps,81,sr_rc,10,1,594,0,12,-1,100,14,11,6315,0,-3,9,1,594,291,0,-2,25,22,0,0,0,-3,9,1,90,2,6aa4f946-ff42-4749-8463-1ff07145ccbb,items
FALSE,B0DHRSK1GR,B0D5DJ7V4P,plant fly sticky trap sticks,82,sr_rc,29,91,9,0,0,-3,100,140,1,6314,0,-3,73,57,27,2714,0,-3,24,148,0,0,0,-3,9,1,90,2,6aa4f946-ff42-4749-8463-1ff07145ccbb,items
FALSE,B0DHRSK1GR,B0D5DJ7V4P,quick strike fly bait,83,sr_rc,23,1,19132,0,262,-1,100,17,267,6306,0,-2,21,1,19132,729,0,-2,24,30,1,0,0,-3,9,1,90,2,6aa4f946-ff42-4749-8463-1ff07145ccbb,items
FALSE,B0DHRSK1GR,B0D5DJ7V4P,small fly trap indoor,84,sr_rc,14,1,1484,0,18,0,100,15,23,6314,0,-2,13,1,1484,437,0,-1,25,23,0,0,0,-2,9,1,90,2,6aa4f946-ff42-4749-8463-1ff07145ccbb,items
FALSE,B0DHRSK1GR,B0D5DJ7V4P,stem fruit fly trap,85,sr_rc,24,1,1088,0,13,-1,100,11,30,6315,0,-3,21,1,1088,730,0,-2,25,19,0,0,0,-3,9,1,90,2,6aa4f946-ff42-4749-8463-1ff07145ccbb,items
FALSE,B0DHRSK1GR,B0D5DJ7V4P,sticky gnat traps for indoor plants,86,sr_rc,73,1,6684,0,25,-1,100,64,5,6314,0,-3,64,1,6684,2348,0,-2,24,73,0,0,0,-3,9,1,90,2,6aa4f946-ff42-4749-8463-1ff07145ccbb,items
FALSE,B0DHRSK1GR,B0D5DJ7V4P,sticky traps for gnats indoor plants,86,sr_rc,46,93,2,0,0,-2,100,144,0,6314,0,-2,76,71,4,2843,0,-2,24,152,0,0,0,-2,9,1,90,2,6aa4f946-ff42-4749-8463-1ff07145ccbb,items
FALSE,B0DHRSK1GR,B0D5DJ7V4P,super sticky insect traps indoor plants,87,sr_rc,71,70,4,0,0,-3,100,141,0,6315,0,-3,71,64,5,2632,0,-3,24,150,0,0,0,-3,9,1,90,2,6aa4f946-ff42-4749-8463-1ff07145ccbb,items
FALSE,B0DHRSK1GR,B0D5DJ7V4P,wingless fruit flies,88,sr_rc,17,1,602,0,8,-1,100,2,222,6315,0,-2,15,1,602,511,0,-2,34,23,0,0,0,-3,9,1,90,2,6aa4f946-ff42-4749-8463-1ff07145ccbb,items
FALSE,B0DHRSK1GR,B0D5DJ7V4P,wingless fruit flies live,88,sr_rc,18,1,165,0,2,-1,8,23,0,255,0,-3,18,1,165,620,0,-2,9,23,0,0,0,-3,9,1,90,2,6aa4f946-ff42-4749-8463-1ff07145ccbb,items
TRUE,B0DMVK5MSS,B0D7MFCFX1,yellow sticky traps for plant gnats,1,kw,17,1,18391,0,371,0,3,15,12,3,0,-2,16,1,18630,25,14,-1,2,15,1,0,0,-2,1,2,90,2,6aa4f946-ff42-4749-8463-1ff07145ccbb,items
FALSE,B0DMVK5MSS,B0D7MFCFX1,gnat sticky traps for plants,1,kw,17,1,10944,0,210,-1,85,10,286,154,0,-2,16,1,10944,25,7,-2,2,17,0,0,0,-3,1,2,90,2,6aa4f946-ff42-4749-8463-1ff07145ccbb,items
FALSE,B0DMVK5MSS,B0D7MFCFX1,plant sticky traps for gnats,1,kw,15,1,7707,0,128,-1,99,6,547,251,0,-2,14,1,7707,22,5,-2,2,15,1,0,0,-3,1,2,90,2,6aa4f946-ff42-4749-8463-1ff07145ccbb,items
FALSE,B0DMVK5MSS,B0D7MFCFX1,plant gnat sticky traps,1,kw,24,1,4493,0,85,0,99,8,206,251,0,-1,22,1,4493,36,2,-1,2,19,0,0,0,-2,1,2,90,2,6aa4f946-ff42-4749-8463-1ff07145ccbb,items
FALSE,B0DMVK5MSS,B0D7MFCFX1,sticky traps for plants,1,kw,15,1,4461,0,79,-1,85,13,82,154,0,-2,14,1,4518,22,3,-2,2,20,0,0,0,-3,1,2,90,2,6aa4f946-ff42-4749-8463-1ff07145ccbb,items
TRUE,B0DMVK5MSS,B0D7MFCFX1,sticky gnat traps,1,kw,19,1,2779,0,63,0,100,2,1025,316,0,-1,18,1,2779,29,2,-1,2,16,0,0,0,-2,1,2,90,2,6aa4f946-ff42-4749-8463-1ff07145ccbb,items
FALSE,B0DMVK5MSS,B0D7MFCFX1,sticky gnat trap,1,kw,25,1,2639,0,52,0,100,6,241,316,0,-1,23,1,2639,37,1,-1,3,19,0,0,0,-2,1,2,90,2,6aa4f946-ff42-4749-8463-1ff07145ccbb,items
FALSE,B0DMVK5MSS,B0D7MFCFX1,sticky plant traps for gnats,1,kw,16,1,2431,0,43,-1,96,7,134,199,0,-2,15,1,2431,24,2,-2,3,17,0,0,0,-3,1,2,90,2,6aa4f946-ff42-4749-8463-1ff07145ccbb,items
FALSE,B0DMVK5MSS,B0D7MFCFX1,gnats sticky traps,1,kw,26,1,1525,0,30,-1,100,5,172,316,0,-2,23,1,1487,37,1,-2,3,19,0,0,0,-3,1,2,90,2,6aa4f946-ff42-4749-8463-1ff07145ccbb,items
FALSE,B0DMVK5MSS,B0D7MFCFX1,gnat traps for plants,1,kw,9,1,1416,0,28,-1,99,5,172,251,0,-2,9,1,1491,14,2,-2,2,13,0,0,0,-3,1,2,90,2,6aa4f946-ff42-4749-8463-1ff07145ccbb,items
TRUE,B0DMVK5MSS,B0D7MFCFX1,plant gnat traps,1,kw,25,1,1058,0,24,0,98,12,28,225,0,-2,23,1,1058,37,1,-1,2,22,0,0,0,-2,1,2,90,2,6aa4f946-ff42-4749-8463-1ff07145ccbb,items
TRUE,B0DMVK5MSS,B0D7MFCFX1,sticky trap for gnats,1,kw,30,1,1185,0,23,0,100,9,59,316,0,-1,28,1,1185,46,1,-1,2,23,0,0,0,-2,1,2,90,2,6aa4f946-ff42-4749-8463-1ff07145ccbb,items
TRUE,B0DMVK5MSS,B0D7MFCFX1,sticky gnat traps for plants,1,kw,16,1,1006,0,22,0,99,7,63,251,0,-1,15,1,1006,24,1,-1,2,16,0,0,0,-2,1,2,90,2,6aa4f946-ff42-4749-8463-1ff07145ccbb,items
FALSE,B0DMVK5MSS,B0D7MFCFX1,gnat sticky traps,1,kw,35,3,1021,0,14,-1,99,14,96,251,0,-2,36,1,4703,60,1,-2,2,28,0,0,0,-3,1,2,90,2,6aa4f946-ff42-4749-8463-1ff07145ccbb,items
FALSE,B0DMVK5MSS,B0D7MFCFX1,sticky traps for gnats,1,kw,33,7,746,0,13,0,99,16,168,251,0,-1,67,1,9735,115,1,-1,2,31,0,0,0,-2,1,2,90,2,6aa4f946-ff42-4749-8463-1ff07145ccbb,items
FALSE,B0DMVK5MSS,B0D7MFCFX1,gnat sticky trap,1,kw,27,1,590,0,11,0,100,6,53,316,0,-1,25,1,590,41,0,-1,3,20,0,0,0,-2,1,2,90,2,6aa4f946-ff42-4749-8463-1ff07145ccbb,items
TRUE,B0DMVK5MSS,B0D7MFCFX1,gnat plant sticky trap,1,kw,31,1,472,0,7,0,91,14,8,172,0,-2,28,1,472,46,0,-1,2,23,0,0,0,-2,1,2,90,2,6aa4f946-ff42-4749-8463-1ff07145ccbb,items
FALSE,B0DMVK5MSS,B0D7MFCFX1,yellow plant sticky traps,1,kw,13,1,192,0,4,-1,3,18,0,3,0,-3,12,1,192,19,0,-2,3,18,0,0,0,-3,1,2,90,2,6aa4f946-ff42-4749-8463-1ff07145ccbb,items
FALSE,B0DMVK5MSS,B0D7MFCFX1,sticky yellow gnat traps,1,kw,30,3,89,0,2,-1,20,19,1,32,0,-3,27,1,307,44,0,-2,2,22,0,0,0,-3,1,2,90,2,6aa4f946-ff42-4749-8463-1ff07145ccbb,items
FALSE,B0DMVK5MSS,B0D7MFCFX1,yellow sticky traps for gnats,1,kw,29,12,60,0,1,0,28,30,3,46,0,-2,29,9,97,48,0,-1,2,33,0,0,0,-2,1,2,90,2,6aa4f946-ff42-4749-8463-1ff07145ccbb,items
FALSE,B0DMVK5MSS,B0D7MFCFX1,sticky traps gnats,1,kw,33,6,68,0,1,-1,99,17,10,251,0,-3,59,1,664,101,0,-2,2,30,0,0,0,-3,1,2,90,2,6aa4f946-ff42-4749-8463-1ff07145ccbb,items
TRUE,B0DMVK5MSS,B0D7MFCFX1,fungus gnat killer,2,kw,49,1,20000,0,283,0,99,23,172,251,0,-1,45,1,20000,76,4,-1,2,37,0,0,0,-2,1,2,90,2,6aa4f946-ff42-4749-8463-1ff07145ccbb,items
FALSE,B0DMVK5MSS,B0D7MFCFX1,fungus gnats killer indoor plants,2,kw,42,1,6425,0,99,-1,100,16,113,316,0,-2,39,1,6425,65,1,-2,2,29,0,0,0,-3,1,2,90,2,6aa4f946-ff42-4749-8463-1ff07145ccbb,items
TRUE,B0DMVK5MSS,B0D7MFCFX1,fungus gnat,2,kw,53,1,7121,0,84,0,97,32,28,210,0,-2,49,1,7121,83,1,-1,2,42,0,0,0,-2,1,2,90,2,6aa4f946-ff42-4749-8463-1ff07145ccbb,items
TRUE,B0DMVK5MSS,B0D7MFCFX1,fungus gnats,2,kw,41,1,1048,0,16,0,99,20,11,251,0,-2,38,1,1048,63,0,-1,2,31,0,0,0,-2,1,2,90,2,6aa4f946-ff42-4749-8463-1ff07145ccbb,items
FALSE,B0DMVK5MSS,B0D7MFCFX1,fungus gnat killer for indoor plants,2,kw,46,1,657,0,7,-1,99,23,6,251,0,-3,43,1,657,72,0,-2,2,35,0,0,0,-3,1,2,90,2,6aa4f946-ff42-4749-8463-1ff07145ccbb,items
FALSE,B0DMVK5MSS,B0D7MFCFX1,plant bug sticky traps indoor,3,sr_rc,6,1,5301,0,105,-1,71,1,5301,123,0,-2,6,1,5301,8,10,-2,2,8,2,0,0,-3,1,2,90,2,6aa4f946-ff42-4749-8463-1ff07145ccbb,items
FALSE,B0DMVK5MSS,B0D7MFCFX1,plant bug trap,3,sr_rc,7,1,1595,0,55,-1,87,1,1595,159,0,-2,7,1,1595,10,5,-2,2,14,0,0,0,-3,1,2,90,2,6aa4f946-ff42-4749-8463-1ff07145ccbb,items
FALSE,B0DMVK5MSS,B0D7MFCFX1,bug sticky traps,3,sr_rc,9,147,1,0,0,-2,99,146,1,251,0,-3,9,147,1,14,0,-3,2,165,0,0,0,-3,1,2,90,2,6aa4f946-ff42-4749-8463-1ff07145ccbb,items
FALSE,B0DMVK5MSS,B0D7MFCFX1,bug sticky traps for plants,3,sr_rc,17,1,329,0,7,-1,95,14,7,192,0,-3,16,1,329,25,0,-2,2,25,0,0,0,-3,1,2,90,2,6aa4f946-ff42-4749-8463-1ff07145ccbb,items
FALSE,B0DMVK5MSS,B0D7MFCFX1,bug sticky traps indoor,3,sr_rc,12,121,0,0,0,-2,99,120,0,251,0,-3,12,120,0,19,0,-3,2,140,0,0,0,-3,1,2,90,2,6aa4f946-ff42-4749-8463-1ff07145ccbb,items
FALSE,B0DMVK5MSS,B0D7MFCFX1,bug traps sticky indoor,3,sr_rc,16,138,0,0,0,-2,99,140,0,251,0,-3,16,137,1,25,0,-3,2,160,0,0,0,-3,1,2,90,2,6aa4f946-ff42-4749-8463-1ff07145ccbb,items
FALSE,B0DMVK5MSS,B0D7MFCFX1,indoor plant bug sticky traps,3,sr_rc,9,1,525,0,12,-1,97,1,525,210,0,-2,9,1,525,14,1,-2,2,13,0,0,0,-3,1,2,90,2,6aa4f946-ff42-4749-8463-1ff07145ccbb,items
FALSE,B0DMVK5MSS,B0D7MFCFX1,sticky bug traps,3,sr_rc,18,97,1,0,0,-2,99,108,0,251,0,-3,22,91,1,36,0,-3,2,126,0,0,0,-3,1,2,90,2,6aa4f946-ff42-4749-8463-1ff07145ccbb,items
FALSE,B0DMVK5MSS,B0D7MFCFX1,sticky bug traps indoor,3,sr_rc,15,120,1,0,0,-2,99,122,1,251,0,-3,15,119,1,24,0,-3,2,143,0,0,0,-3,1,2,90,2,6aa4f946-ff42-4749-8463-1ff07145ccbb,items
FALSE,B0DMVK5MSS,B0D7MFCFX1,sticky bug traps indoor plants,3,sr_rc,11,1,1671,0,31,-1,100,1,1262,316,0,-2,10,1,1549,15,2,-2,2,14,0,0,0,-3,1,2,90,2,6aa4f946-ff42-4749-8463-1ff07145ccbb,items
FALSE,B0DMVK5MSS,B0D7MFCFX1,sticky traps for bugs,3,sr_rc,14,97,6,0,0,-2,99,101,5,251,0,-3,14,96,6,22,0,-3,2,120,0,0,0,-3,1,2,90,2,6aa4f946-ff42-4749-8463-1ff07145ccbb,items
FALSE,B0DMVK5MSS,B0D7MFCFX1,fungus gnat sticky trap,4,sr_rc,13,1,3605,0,72,0,87,1,3844,159,0,-1,13,1,3844,20,3,-1,2,11,1,0,0,-2,1,2,90,2,6aa4f946-ff42-4749-8463-1ff07145ccbb,items
TRUE,B0DMVK5MSS,B0D7MFCFX1,fungus gnat traps,4,sr_rc,8,1,1692,0,41,0,74,1,1692,129,0,-1,7,1,1692,10,4,-1,2,8,0,0,0,-2,1,2,90,2,6aa4f946-ff42-4749-8463-1ff07145ccbb,items
TRUE,B0DMVK5MSS,B0D7MFCFX1,fungus gnats sticky traps,4,sr_rc,13,1,1154,0,25,0,84,1,1154,151,0,-1,12,1,1154,19,1,-1,2,10,0,0,0,-2,1,2,90,2,6aa4f946-ff42-4749-8463-1ff07145ccbb,items
FALSE,B0DMVK5MSS,B0D7MFCFX1,fungus gnat trap,4,sr_rc,15,1,13745,0,264,-1,100,2,7860,316,0,-2,14,1,13745,22,11,-2,2,14,1,0,0,-3,1,2,90,2,6aa4f946-ff42-4749-8463-1ff07145ccbb,items
FALSE,B0DMVK5MSS,B0D7MFCFX1,fungus gnat sticky traps for plants,4,sr_rc,16,1,570,0,18,-1,98,7,27,225,0,-3,14,1,570,22,1,-2,2,12,0,0,0,-3,1,2,90,2,6aa4f946-ff42-4749-8463-1ff07145ccbb,items
FALSE,B0DMVK5MSS,B0D7MFCFX1,yellow fungus gnat sticky traps,4,sr_rc,24,1,596,0,9,0,3,16,0,3,0,-2,22,1,596,36,0,-1,2,16,0,0,0,-2,1,2,90,2,6aa4f946-ff42-4749-8463-1ff07145ccbb,items
TRUE,B0DMVK5MSS,B0D7MFCFX1,fungus gnat traps for house indoor,5,sr_rc,7,1,672,0,20,0,75,1,672,131,0,-1,7,1,672,10,2,-1,2,9,0,0,0,-2,1,2,90,2,6aa4f946-ff42-4749-8463-1ff07145ccbb,items
FALSE,B0DMVK5MSS,B0D7MFCFX1,gnat traps for house indoor,5,sr_rc,10,102,139,0,3,-1,98,101,145,225,0,-1,10,101,145,15,0,-1,2,118,0,0,0,-2,1,2,90,2,6aa4f946-ff42-4749-8463-1ff07145ccbb,items
FALSE,B0DMVK5MSS,B0D7MFCFX1,gnats killer indoor plants,6,sr_rc,14,1,2863,0,65,-1,90,1,2863,168,0,-2,13,1,2863,20,3,-2,2,13,0,0,0,-3,1,2,90,2,6aa4f946-ff42-4749-8463-1ff07145ccbb,items
FALSE,B0DMVK5MSS,B0D7MFCFX1,gnat killer for indoor plants,6,sr_rc,18,1,10208,0,204,0,100,2,5763,316,0,-1,17,1,10208,27,7,-1,2,16,1,0,0,-2,1,2,90,2,6aa4f946-ff42-4749-8463-1ff07145ccbb,items
FALSE,B0DMVK5MSS,B0D7MFCFX1,fungal gnat killer for indoor plants,6,sr_rc,54,5,113,0,2,-1,99,32,3,251,0,-3,69,1,927,119,0,-2,3,41,0,0,0,-3,1,2,90,2,6aa4f946-ff42-4749-8463-1ff07145ccbb,items
FALSE,B0DMVK5MSS,B0D7MFCFX1,gnat killer for plants,6,sr_rc,67,19,4,0,0,-2,99,54,0,251,0,-3,99,6,21,251,0,-2,2,67,0,0,0,-3,1,2,90,2,6aa4f946-ff42-4749-8463-1ff07145ccbb,items
FALSE,B0DMVK5MSS,B0D7MFCFX1,gnat killer indoor plants,6,sr_rc,20,1,5682,0,125,-1,100,4,789,316,0,-2,19,1,5682,31,4,-2,4,19,0,0,0,-3,1,2,90,2,6aa4f946-ff42-4749-8463-1ff07145ccbb,items
FALSE,B0DMVK5MSS,B0D7MFCFX1,plant gnat killer,6,sr_rc,64,9,89,0,1,-1,100,41,5,316,0,-3,78,1,1567,137,0,-2,2,57,0,0,0,-3,1,2,90,2,6aa4f946-ff42-4749-8463-1ff07145ccbb,items
FALSE,B0DMVK5MSS,B0D7MFCFX1,plant gnat killer for indoor,6,sr_rc,47,1,838,0,9,-1,100,20,10,316,0,-3,42,1,838,70,0,-2,2,35,0,0,0,-3,1,2,90,2,6aa4f946-ff42-4749-8463-1ff07145ccbb,items
FALSE,B0DMVK5MSS,B0D7MFCFX1,plant gnats killer indoor,6,sr_rc,48,1,272,0,3,-1,99,21,3,251,0,-3,43,1,269,72,0,-2,2,35,0,0,0,-3,1,2,90,2,6aa4f946-ff42-4749-8463-1ff07145ccbb,items
FALSE,B0DMVK5MSS,B0D7MFCFX1,getting rid of gnats in plants,7,sr_rc,11,1,3098,0,66,-1,91,1,3221,172,0,-2,11,1,3221,17,4,-2,2,11,0,0,0,-3,1,2,90,2,6aa4f946-ff42-4749-8463-1ff07145ccbb,items
FALSE,B0DMVK5MSS,B0D7MFCFX1,get rid of gnats,7,sr_rc,63,73,5,0,0,-2,99,105,1,251,0,-3,63,68,6,108,0,-3,2,121,0,0,0,-3,1,2,90,2,6aa4f946-ff42-4749-8463-1ff07145ccbb,items
FALSE,B0DMVK5MSS,B0D7MFCFX1,get rid of gnats from indoor plants,7,sr_rc,43,1,1431,0,24,-1,100,17,23,316,0,-3,39,1,1431,65,0,-2,2,30,0,0,0,-3,1,2,90,2,6aa4f946-ff42-4749-8463-1ff07145ccbb,items
FALSE,B0DMVK5MSS,B0D7MFCFX1,get rid of gnats in plants,7,sr_rc,41,1,1677,0,26,-1,100,17,25,316,0,-3,38,1,1677,63,0,-2,2,30,0,0,0,-3,1,2,90,2,6aa4f946-ff42-4749-8463-1ff07145ccbb,items
FALSE,B0DMVK5MSS,B0D7MFCFX1,getting rid of gnats in plants indoor,7,sr_rc,12,1,1605,0,33,-1,100,3,429,316,0,-2,12,1,1605,19,2,-2,2,14,0,0,0,-3,1,2,90,2,6aa4f946-ff42-4749-8463-1ff07145ccbb,items
FALSE,B0DMVK5MSS,B0D7MFCFX1,how to get rid of gnats,7,sr_rc,65,41,33,0,0,-2,96,78,4,199,0,-3,85,31,55,154,0,-2,2,90,0,0,0,-3,1,2,90,2,6aa4f946-ff42-4749-8463-1ff07145ccbb,items
FALSE,B0DMVK5MSS,B0D7MFCFX1,how to get rid of gnats in a plant,7,sr_rc,67,6,20,0,0,-2,85,48,0,154,0,-3,67,1,183,115,0,-2,2,57,0,0,0,-3,1,2,90,2,6aa4f946-ff42-4749-8463-1ff07145ccbb,items
FALSE,B0DMVK5MSS,B0D7MFCFX1,to get rid of gnats,7,sr_rc,56,1,1392,0,15,-1,99,32,6,251,0,-3,52,1,1392,88,0,-2,2,44,0,0,0,-3,1,2,90,2,6aa4f946-ff42-4749-8463-1ff07145ccbb,items
FALSE,B0DMVK5MSS,B0D7MFCFX1,aphid sticky traps,8,sr_rc,52,1,280,0,3,-1,29,33,0,48,0,-3,42,1,280,70,0,-2,2,37,0,0,0,-3,1,2,90,2,6aa4f946-ff42-4749-8463-1ff07145ccbb,items
FALSE,B0DMVK5MSS,B0D7MFCFX1,beneficial nematodes fungus gnats,9,sr_rc,18,1,770,0,20,-1,99,6,55,251,0,-2,17,1,770,27,1,-2,2,14,0,0,0,-3,1,2,90,2,6aa4f946-ff42-4749-8463-1ff07145ccbb,items
FALSE,B0DMVK5MSS,B0D7MFCFX1,fungus gnat nematodes,9,sr_rc,79,11,8,0,0,-2,8,65,0,12,0,-3,99,4,25,251,0,-2,2,67,0,0,0,-3,1,2,90,2,6aa4f946-ff42-4749-8463-1ff07145ccbb,items
FALSE,B0DMVK5MSS,B0D7MFCFX1,best way to get rid of flies indoors,10,sr_rc,22,127,1,0,0,-3,100,139,1,316,0,-3,22,126,1,36,0,-3,2,160,0,0,0,-3,1,2,90,2,6aa4f946-ff42-4749-8463-1ff07145ccbb,items
FALSE,B0DMVK5MSS,B0D7MFCFX1,best way to get rid of gnats,10,sr_rc,67,9,15,0,0,-1,100,40,1,316,0,-2,73,1,246,127,0,-1,2,58,0,0,0,-2,1,2,90,2,6aa4f946-ff42-4749-8463-1ff07145ccbb,items
FALSE,B0DMVK5MSS,B0D7MFCFX1,blue sticky traps for thrips,11,sr_rc,100,24,6,0,0,-2,87,88,0,159,0,-3,100,12,15,316,0,-3,2,99,0,0,0,-3,1,2,90,2,6aa4f946-ff42-4749-8463-1ff07145ccbb,items
FALSE,B0DMVK5MSS,B0D7MFCFX1,bti fungus gnats,12,sr_rc,51,1,509,0,6,-1,95,32,2,192,0,-3,49,1,509,83,0,-2,2,41,0,0,0,-3,1,2,90,2,6aa4f946-ff42-4749-8463-1ff07145ccbb,items
FALSE,B0DMVK5MSS,B0D7MFCFX1,bug strips sticky indoor gnats,13,sr_rc,57,9,19,0,0,-2,98,36,1,225,0,-3,77,1,354,135,0,-2,2,48,0,0,0,-3,1,2,90,2,6aa4f946-ff42-4749-8463-1ff07145ccbb,items
FALSE,B0DMVK5MSS,B0D7MFCFX1,fly sticky traps indoor,14,sr_rc,16,90,2,0,0,-3,99,106,1,251,0,-3,16,89,2,25,0,-3,2,123,0,0,0,-3,1,2,90,2,6aa4f946-ff42-4749-8463-1ff07145ccbb,items
FALSE,B0DMVK5MSS,B0D7MFCFX1,sticky fly trap indoor hanging,14,sr_rc,20,119,1,0,0,-3,99,141,0,251,0,-3,20,118,1,32,0,-3,2,157,0,0,0,-3,1,2,90,2,6aa4f946-ff42-4749-8463-1ff07145ccbb,items
FALSE,B0DMVK5MSS,B0D7MFCFX1,sticky fly traps for indoors,14,sr_rc,13,111,2,0,0,-3,99,119,1,251,0,-3,13,110,2,20,0,-3,2,136,0,0,0,-3,1,2,90,2,6aa4f946-ff42-4749-8463-1ff07145ccbb,items
FALSE,B0DMVK5MSS,B0D7MFCFX1,fruit flies trap indoor,15,sr_rc,22,141,1,0,0,-3,99,160,0,251,0,-3,24,137,1,39,0,-3,2,177,0,0,0,-3,1,2,90,2,6aa4f946-ff42-4749-8463-1ff07145ccbb,items
FALSE,B0DMVK5MSS,B0D7MFCFX1,fruit fly trap for indoors,15,sr_rc,23,138,3,0,0,-3,99,163,1,251,0,-3,29,129,4,48,0,-3,3,179,0,0,0,-3,1,2,90,2,6aa4f946-ff42-4749-8463-1ff07145ccbb,items
FALSE,B0DMVK5MSS,B0D7MFCFX1,fruit fly trap indoor,15,sr_rc,29,122,1,0,0,-3,99,153,0,251,0,-3,41,108,2,69,0,-3,2,169,0,0,0,-3,1,2,90,2,6aa4f946-ff42-4749-8463-1ff07145ccbb,items
FALSE,B0DMVK5MSS,B0D7MFCFX1,indoor fruit fly trap,15,sr_rc,34,103,2,0,0,-3,99,140,0,251,0,-3,45,90,3,76,0,-3,2,156,0,0,0,-3,1,2,90,2,6aa4f946-ff42-4749-8463-1ff07145ccbb,items
FALSE,B0DMVK5MSS,B0D7MFCFX1,fruitfly trap indoor,16,sr_rc,25,120,3,0,0,-3,99,156,1,251,0,-3,25,119,3,41,0,-3,3,170,0,0,0,-3,1,2,90,2,6aa4f946-ff42-4749-8463-1ff07145ccbb,items
FALSE,B0DMVK5MSS,B0D7MFCFX1,fungus gnat traps for indoor plants,17,sr_rc,7,1,537,0,10,-1,88,1,595,162,0,-2,7,1,595,10,1,-2,2,9,0,0,0,-3,1,2,90,2,6aa4f946-ff42-4749-8463-1ff07145ccbb,items
FALSE,B0DMVK5MSS,B0D7MFCFX1,gnat trap indoor,17,sr_rc,9,103,5,0,0,-3,99,101,6,251,0,-3,12,98,7,19,0,-3,2,118,0,0,0,-3,1,2,90,2,6aa4f946-ff42-4749-8463-1ff07145ccbb,items
FALSE,B0DMVK5MSS,B0D7MFCFX1,gnat traps for indoors,17,sr_rc,7,100,1,0,0,-2,99,96,1,251,0,-2,7,100,1,10,0,-2,2,112,0,0,0,-2,1,2,90,2,6aa4f946-ff42-4749-8463-1ff07145ccbb,items
FALSE,B0DMVK5MSS,B0D7MFCFX1,gnat traps indoor,17,sr_rc,10,85,2,0,0,-3,99,87,2,251,0,-3,10,85,2,15,0,-3,4,102,0,0,0,-3,1,2,90,2,6aa4f946-ff42-4749-8463-1ff07145ccbb,items
FALSE,B0DMVK5MSS,B0D7MFCFX1,gnats traps for indoors,17,sr_rc,8,92,1,0,0,-3,96,87,1,199,0,-3,8,91,1,12,0,-3,2,103,0,0,0,-3,1,2,90,2,6aa4f946-ff42-4749-8463-1ff07145ccbb,items
FALSE,B0DMVK5MSS,B0D7MFCFX1,indoor gnat trap,17,sr_rc,14,108,2,0,0,-2,99,113,2,251,0,-2,14,107,3,22,0,-2,2,129,0,0,0,-2,1,2,90,2,6aa4f946-ff42-4749-8463-1ff07145ccbb,items
FALSE,B0DMVK5MSS,B0D7MFCFX1,fungus nat trap,18,sr_rc,7,1,544,0,16,-1,76,1,544,133,0,-2,6,1,544,8,2,-2,2,9,0,0,0,-3,1,2,90,2,6aa4f946-ff42-4749-8463-1ff07145ccbb,items
FALSE,B0DMVK5MSS,B0D7MFCFX1,nat trap,18,sr_rc,91,1,12135,0,27,-1,98,76,10,225,0,-3,81,1,12135,144,0,-2,4,90,0,0,0,-3,1,2,90,2,6aa4f946-ff42-4749-8463-1ff07145ccbb,items
FALSE,B0DMVK5MSS,B0D7MFCFX1,nat traps,18,sr_rc,78,1,1679,0,8,-1,99,67,2,251,0,-3,69,1,1679,119,0,-2,2,83,0,0,0,-3,1,2,90,2,6aa4f946-ff42-4749-8463-1ff07145ccbb,items
FALSE,B0DMVK5MSS,B0D7MFCFX1,nats trap,18,sr_rc,99,1,4239,0,1,-1,99,90,2,251,0,-3,88,1,4239,162,0,-2,2,103,0,0,0,-3,1,2,90,2,6aa4f946-ff42-4749-8463-1ff07145ccbb,items
FALSE,B0DMVK5MSS,B0D7MFCFX1,get rid of fruit flies,19,sr_rc,61,76,2,0,0,-3,99,113,0,251,0,-3,61,69,3,104,0,-3,2,132,0,0,0,-3,1,2,90,2,6aa4f946-ff42-4749-8463-1ff07145ccbb,items
FALSE,B0DMVK5MSS,B0D7MFCFX1,get rid of gnat infestation,20,sr_rc,59,56,25,0,0,-2,99,82,6,251,0,-3,59,51,32,101,0,-3,2,98,0,0,0,-3,1,2,90,2,6aa4f946-ff42-4749-8463-1ff07145ccbb,items
FALSE,B0DMVK5MSS,B0D7MFCFX1,get rid of gnats indoor,21,sr_rc,60,13,31,0,0,-2,99,38,4,251,0,-3,84,1,965,151,0,-2,2,56,0,0,0,-3,1,2,90,2,6aa4f946-ff42-4749-8463-1ff07145ccbb,items
FALSE,B0DMVK5MSS,B0D7MFCFX1,get rid of gnats indoors,21,sr_rc,51,40,4,0,0,-3,99,66,1,251,0,-3,51,36,5,86,0,-3,2,79,0,0,0,-3,1,2,90,2,6aa4f946-ff42-4749-8463-1ff07145ccbb,items
FALSE,B0DMVK5MSS,B0D7MFCFX1,getting rid of house flies,22,sr_rc,21,106,0,0,0,-3,100,119,0,316,0,-3,100,49,0,316,0,-3,2,140,0,0,0,-3,1,2,90,2,6aa4f946-ff42-4749-8463-1ff07145ccbb,items
FALSE,B0DMVK5MSS,B0D7MFCFX1,to get rid of gnats in the house,22,sr_rc,69,8,105,0,1,-1,99,46,4,251,0,-3,70,1,1650,121,0,-2,2,62,0,0,0,-3,1,2,90,2,6aa4f946-ff42-4749-8463-1ff07145ccbb,items
FALSE,B0DMVK5MSS,B0D7MFCFX1,gnat apple trap,23,sr_rc,40,37,8,0,0,-3,56,74,0,95,0,-3,40,35,8,67,0,-3,2,76,0,0,0,-3,1,2,90,2,6aa4f946-ff42-4749-8463-1ff07145ccbb,items
FALSE,B0DMVK5MSS,B0D7MFCFX1,gnat catcher,24,sr_rc,84,5,1125,0,4,-1,99,66,10,251,0,-3,80,1,8761,142,0,-2,2,80,0,0,0,-3,1,2,90,2,6aa4f946-ff42-4749-8463-1ff07145ccbb,items
FALSE,B0DMVK5MSS,B0D7MFCFX1,gnat catchers indoor,24,sr_rc,11,131,3,0,0,-3,99,134,3,251,0,-3,11,131,3,17,0,-3,2,151,0,0,0,-3,1,2,90,2,6aa4f946-ff42-4749-8463-1ff07145ccbb,items
FALSE,B0DMVK5MSS,B0D7MFCFX1,gnat catchers indoor plants,24,sr_rc,10,1,947,0,24,-1,100,2,282,316,0,-2,10,1,947,15,1,-2,2,15,0,0,0,-3,1,2,90,2,6aa4f946-ff42-4749-8463-1ff07145ccbb,items
FALSE,B0DMVK5MSS,B0D7MFCFX1,gnat killer for potted plants,25,sr_rc,35,1,913,0,14,-1,99,19,9,251,0,-3,33,1,913,55,0,-2,2,29,0,0,0,-3,1,2,90,2,6aa4f946-ff42-4749-8463-1ff07145ccbb,items
FALSE,B0DMVK5MSS,B0D7MFCFX1,gnat trap,26,sr_rc,18,112,21,0,0,-3,98,115,17,225,0,-3,42,92,56,70,0,-2,2,129,0,0,0,-3,1,2,90,2,6aa4f946-ff42-4749-8463-1ff07145ccbb,items
FALSE,B0DMVK5MSS,B0D7MFCFX1,gnat traps,26,sr_rc,12,92,24,0,1,-2,99,86,41,251,0,-1,37,74,84,62,0,-1,2,103,0,0,0,-2,1,2,90,2,6aa4f946-ff42-4749-8463-1ff07145ccbb,items
FALSE,B0DMVK5MSS,B0D7MFCFX1,gnats trap,26,sr_rc,16,106,2,0,0,-3,100,102,2,316,0,-3,39,87,5,65,0,-3,2,122,0,0,0,-3,1,2,90,2,6aa4f946-ff42-4749-8463-1ff07145ccbb,items
FALSE,B0DMVK5MSS,B0D7MFCFX1,gnat traps for house indoor plants,27,sr_rc,25,1,6147,0,101,-1,99,17,83,251,0,-2,23,1,6147,37,3,-2,2,29,0,0,0,-3,1,2,90,2,6aa4f946-ff42-4749-8463-1ff07145ccbb,items
FALSE,B0DMVK5MSS,B0D7MFCFX1,gnat traps for house indoor sticky,28,sr_rc,34,15,34,0,1,-2,99,21,17,251,0,-3,89,1,1490,165,0,-2,3,37,0,0,0,-3,1,2,90,2,6aa4f946-ff42-4749-8463-1ff07145ccbb,items
FALSE,B0DMVK5MSS,B0D7MFCFX1,indoor nat trap,29,sr_rc,100,49,6,0,0,-2,91,136,0,172,0,-3,100,34,10,316,0,-3,2,151,0,0,0,-3,1,2,90,2,6aa4f946-ff42-4749-8463-1ff07145ccbb,items
FALSE,B0DMVK5MSS,B0D7MFCFX1,nat traps for indoors,29,sr_rc,88,33,142,0,0,-2,98,101,7,225,0,-3,99,16,403,251,0,-2,3,118,0,0,0,-3,1,2,90,2,6aa4f946-ff42-4749-8463-1ff07145ccbb,items
FALSE,B0DMVK5MSS,B0D7MFCFX1,nat traps for indoors plants,29,sr_rc,11,1,972,0,21,-1,99,9,41,251,0,-2,11,1,972,17,1,-2,2,21,0,0,0,-3,1,2,90,2,6aa4f946-ff42-4749-8463-1ff07145ccbb,items
FALSE,B0DMVK5MSS,B0D7MFCFX1,knat trap,30,sr_rc,100,30,23,0,0,-3,95,111,1,192,0,-3,100,16,55,316,0,-2,2,124,0,0,0,-3,1,2,90,2,6aa4f946-ff42-4749-8463-1ff07145ccbb,items
FALSE,B0DMVK5MSS,B0D7MFCFX1,knat traps,30,sr_rc,100,17,23,0,0,-2,98,96,0,225,0,-3,100,2,384,316,0,-2,3,111,0,0,0,-3,1,2,90,2,6aa4f946-ff42-4749-8463-1ff07145ccbb,items
FALSE,B0DMVK5MSS,B0D7MFCFX1,nat catcher,31,sr_rc,48,1,3090,0,36,0,95,41,6,192,0,-2,46,1,3090,77,0,-1,2,50,0,0,0,-2,1,2,90,2,6aa4f946-ff42-4749-8463-1ff07145ccbb,items
FALSE,B0DMVK5MSS,B0D7MFCFX1,nat catcher for indoors,31,sr_rc,100,41,74,0,0,-2,99,116,4,251,0,-3,100,25,153,316,0,-2,2,132,0,0,0,-3,1,2,90,2,6aa4f946-ff42-4749-8463-1ff07145ccbb,items
FALSE,B0DMVK5MSS,B0D7MFCFX1,nat catcher for indoors plants,31,sr_rc,14,1,549,0,10,-1,97,13,11,210,0,-3,13,1,549,20,1,-2,2,23,0,0,0,-3,1,2,90,2,6aa4f946-ff42-4749-8463-1ff07145ccbb,items
FALSE,B0DMVK5MSS,B0D7MFCFX1,plant fly sticky trap sticks,32,sr_rc,17,1,3592,0,71,-1,91,20,33,172,0,-3,16,1,3592,25,3,-2,2,30,0,0,0,-3,1,2,90,2,6aa4f946-ff42-4749-8463-1ff07145ccbb,items
FALSE,B0DMVK5MSS,B0D7MFCFX1,plant fly traps for potted plants,33,sr_rc,17,1,498,0,8,-1,98,19,6,225,0,-3,16,1,498,25,0,-2,2,31,0,0,0,-3,1,2,90,2,6aa4f946-ff42-4749-8463-1ff07145ccbb,items
FALSE,B0DMVK5MSS,B0D7MFCFX1,plant insect sticky traps,34,sr_rc,41,1,835,0,16,-1,98,24,6,225,0,-3,36,1,814,60,0,-2,2,37,0,0,0,-3,1,2,90,2,6aa4f946-ff42-4749-8463-1ff07145ccbb,items
FALSE,B0DMVK5MSS,B0D7MFCFX1,sticky insect traps indoor plants,34,sr_rc,31,1,397,0,6,-1,98,24,3,225,0,-3,28,1,397,46,0,-2,2,37,0,0,0,-3,1,2,90,2,6aa4f946-ff42-4749-8463-1ff07145ccbb,items
FALSE,B0DMVK5MSS,B0D7MFCFX1,super sticky insect traps indoor plants,34,sr_rc,8,1,744,0,22,-1,100,2,383,316,0,-2,8,1,744,12,2,-2,2,13,0,0,0,-3,1,2,90,2,6aa4f946-ff42-4749-8463-1ff07145ccbb,items
FALSE,B0DMVK5MSS,B0D7MFCFX1,plant spray for gnats,35,sr_rc,20,167,0,0,0,-2,95,172,0,192,0,-3,71,134,0,123,0,-3,2,183,0,0,0,-3,1,2,90,2,6aa4f946-ff42-4749-8463-1ff07145ccbb,items
FALSE,B0DMVK5MSS,B0D7MFCFX1,sticky gnat trap indoor houseplant,36,sr_rc,13,1,1393,0,30,-1,99,3,264,251,0,-2,12,1,1393,19,1,-2,2,13,0,0,0,-3,1,2,90,2,6aa4f946-ff42-4749-8463-1ff07145ccbb,items
FALSE,B0DMVK5MSS,B0D7MFCFX1,sticky gnat traps for indoor plants,37,sr_rc,25,1,4067,0,71,0,99,11,124,251,0,-1,23,1,4067,37,2,-1,2,21,0,0,0,-2,1,2,90,2,6aa4f946-ff42-4749-8463-1ff07145ccbb,items
FALSE,B0DMVK5MSS,B0D7MFCFX1,sticky traps for gnats indoor plants,37,sr_rc,17,1,765,0,17,0,100,5,71,316,0,-1,16,1,765,25,1,-1,2,17,0,0,0,-2,1,2,90,2,6aa4f946-ff42-4749-8463-1ff07145ccbb,items
FALSE,B0DMVK5MSS,B0D7MFCFX1,yellow sticky traps for whiteflies,38,sr_rc,49,2,78,0,1,-1,85,46,0,154,0,-3,46,1,238,77,0,-2,2,55,0,0,0,-3,1,2,90,2,6aa4f946-ff42-4749-8463-1ff07145ccbb,items
FALSE,B0DHRSK1GR,B0D5DJBVCR,gnat killer indoor spray,1,kw,79,1,1177,0,9,-1,65,62,0,2389,0,-3,75,1,1177,2800,0,-2,2,64,0,0,0,-3,0,1,90,2,6aa4f946-ff42-4749-8463-1ff07145ccbb,items
FALSE,B0DHRSK1GR,B0D5DJBVCR,flea catchers for inside home,2,kw,73,1,214,0,1,0,83,65,0,3166,0,-2,69,1,214,2550,0,-1,2,71,0,0,0,-2,0,1,90,2,6aa4f946-ff42-4749-8463-1ff07145ccbb,items
FALSE,B0DHRSK1GR,B0D5DJBVCR,plant fly traps for potted plants,3,sr_rc,10,109,0,0,0,-2,97,126,0,4355,0,-2,10,108,0,328,0,-2,2,129,0,0,0,-2,0,1,90,2,6aa4f946-ff42-4749-8463-1ff07145ccbb,items
FALSE,B0DHRSK1GR,B0D5DJBVCR,stem fly trap,4,sr_rc,69,25,12,0,0,-2,99,82,0,5122,0,-3,69,22,14,2550,0,-3,2,86,0,0,0,-3,0,1,90,2,6aa4f946-ff42-4749-8463-1ff07145ccbb,items
TRUE,B0DMVK5MSS,B0D7MDHWT9,plant fly traps,1,kw,14,1,1250,0,36,0,99,13,31,251,0,-2,14,1,1250,22,2,-1,2,27,0,0,0,-2,0,2,90,2,6aa4f946-ff42-4749-8463-1ff07145ccbb,items
TRUE,B0DMVK5MSS,B0D7MDHWT9,fly traps for plants,1,kw,17,1,958,0,21,0,99,18,14,251,0,-2,16,1,958,25,1,-1,2,33,0,0,0,-2,0,2,90,2,6aa4f946-ff42-4749-8463-1ff07145ccbb,items
FALSE,B0DMVK5MSS,B0D7MDHWT9,fruit fly traps for indoor plants,1,kw,15,1,392,0,7,-1,99,16,6,251,0,-3,15,1,392,24,0,-2,2,29,0,0,0,-3,0,2,90,2,6aa4f946-ff42-4749-8463-1ff07145ccbb,items
FALSE,B0DMVK5MSS,B0D7MDHWT9,bti drops fungus gnats,2,kw,25,1,351,0,5,-1,99,13,7,251,0,-3,24,1,351,39,0,-2,2,23,0,0,0,-3,0,2,90,2,6aa4f946-ff42-4749-8463-1ff07145ccbb,items
FALSE,B0DMVK5MSS,B0D7MDHWT9,best fungus gnat killer,3,sr_rc,56,46,3,0,0,-2,99,79,0,251,0,-2,56,43,4,95,0,-2,2,90,0,0,0,-2,0,2,90,2,6aa4f946-ff42-4749-8463-1ff07145ccbb,items
FALSE,B0DMVK5MSS,B0D7MDHWT9,best indoor fruit fly killer,4,sr_rc,71,91,19,0,0,-3,99,151,2,251,0,-3,71,84,24,123,0,-3,2,166,0,0,0,-3,0,2,90,2,6aa4f946-ff42-4749-8463-1ff07145ccbb,items
FALSE,B0DMVK5MSS,B0D7MDHWT9,best indoor house fly traps,5,sr_rc,31,111,0,0,0,-2,99,155,0,251,0,-2,31,109,0,51,0,-2,2,170,0,0,0,-2,0,2,90,2,6aa4f946-ff42-4749-8463-1ff07145ccbb,items
FALSE,B0DMVK5MSS,B0D7MDHWT9,house fly trap indoor,5,sr_rc,31,135,5,0,0,-2,99,167,1,251,0,-2,32,132,5,53,0,-2,2,186,0,0,0,-2,0,2,90,2,6aa4f946-ff42-4749-8463-1ff07145ccbb,items
FALSE,B0DMVK5MSS,B0D7MDHWT9,indoor house fly trap,5,sr_rc,28,121,3,0,0,-1,99,151,1,251,0,-2,38,108,5,63,0,-2,2,169,0,0,0,-2,0,2,90,2,6aa4f946-ff42-4749-8463-1ff07145ccbb,items
FALSE,B0DMVK5MSS,B0D7MDHWT9,bug stickers for plants,6,sr_rc,41,1,390,0,3,0,3,42,0,3,0,-2,40,1,390,67,0,-1,2,42,0,0,0,-2,0,2,90,2,6aa4f946-ff42-4749-8463-1ff07145ccbb,items
FALSE,B0DMVK5MSS,B0D7MDHWT9,codling moth traps for fruit trees,7,sr_rc,81,17,4,0,0,-2,7,95,0,10,0,-3,81,14,5,144,0,-3,3,95,0,0,0,-3,0,2,90,2,6aa4f946-ff42-4749-8463-1ff07145ccbb,items
FALSE,B0DMVK5MSS,B0D7MDHWT9,drain gnats killer indoor,8,sr_rc,7,128,0,0,0,-2,99,128,0,251,0,-2,7,128,0,10,0,-2,2,139,0,0,0,-2,0,2,90,2,6aa4f946-ff42-4749-8463-1ff07145ccbb,items
FALSE,B0DMVK5MSS,B0D7MDHWT9,fly traps sticky,9,sr_rc,7,163,0,0,0,-2,99,162,0,251,0,-2,7,162,0,10,0,-2,2,178,0,0,0,-2,0,2,90,2,6aa4f946-ff42-4749-8463-1ff07145ccbb,items
FALSE,B0DMVK5MSS,B0D7MDHWT9,fruit fly traps for indoors sticky,9,sr_rc,13,60,10,0,0,-3,99,73,5,251,0,-3,13,60,11,20,0,-3,2,88,0,0,0,-3,0,2,90,2,6aa4f946-ff42-4749-8463-1ff07145ccbb,items
FALSE,B0DMVK5MSS,B0D7MDHWT9,sticky fly trap,9,sr_rc,14,86,0,0,0,-2,99,100,0,251,0,-2,14,85,0,22,0,-2,2,117,0,0,0,-2,0,2,90,2,6aa4f946-ff42-4749-8463-1ff07145ccbb,items
FALSE,B0DMVK5MSS,B0D7MDHWT9,fruit flies,10,sr_rc,82,64,44,0,0,-2,99,122,4,251,0,-3,97,50,72,210,0,-2,2,137,0,0,0,-3,0,2,90,2,6aa4f946-ff42-4749-8463-1ff07145ccbb,items
FALSE,B0DMVK5MSS,B0D7MDHWT9,fruit fly and gnat traps for indoors,10,sr_rc,10,103,1,0,0,-2,98,112,0,225,0,-2,10,103,1,15,0,-2,2,126,0,0,0,-2,0,2,90,2,6aa4f946-ff42-4749-8463-1ff07145ccbb,items
FALSE,B0DMVK5MSS,B0D7MDHWT9,fruit fly gnat traps for indoors,10,sr_rc,11,92,1,0,0,-2,97,100,1,210,0,-2,11,91,1,17,0,-2,2,115,0,0,0,-2,0,2,90,2,6aa4f946-ff42-4749-8463-1ff07145ccbb,items
FALSE,B0DMVK5MSS,B0D7MDHWT9,fruit fly traps,10,sr_rc,45,131,28,0,0,-3,99,169,6,251,0,-3,45,127,31,76,0,-3,2,185,0,0,0,-3,0,2,90,2,6aa4f946-ff42-4749-8463-1ff07145ccbb,items
FALSE,B0DMVK5MSS,B0D7MDHWT9,fruit flys,10,sr_rc,100,22,24,0,0,-2,99,101,1,251,0,-3,100,8,94,317,0,-2,2,115,0,0,0,-3,0,2,90,2,6aa4f946-ff42-4749-8463-1ff07145ccbb,items
FALSE,B0DMVK5MSS,B0D7MDHWT9,gnat and fruit fly traps,10,sr_rc,9,90,0,0,0,-3,96,93,0,199,0,-3,9,90,0,14,0,-3,2,107,0,0,0,-3,0,2,90,2,6aa4f946-ff42-4749-8463-1ff07145ccbb,items
FALSE,B0DMVK5MSS,B0D7MDHWT9,gnats and fruit fly killer indoor,10,sr_rc,15,112,6,0,0,-2,99,126,3,251,0,-2,15,111,6,24,0,-2,2,142,0,0,0,-2,0,2,90,2,6aa4f946-ff42-4749-8463-1ff07145ccbb,items
FALSE,B0DMVK5MSS,B0D7MDHWT9,fruit fly killer drain,11,sr_rc,93,90,3,0,0,-3,99,150,0,251,0,-3,93,81,4,180,0,-3,2,161,0,0,0,-3,0,2,90,2,6aa4f946-ff42-4749-8463-1ff07145ccbb,items
FALSE,B0DMVK5MSS,B0D7MDHWT9,gnat and fly traps for house indoor,12,sr_rc,15,83,2,0,0,-2,99,97,1,251,0,-2,15,82,2,24,0,-2,2,112,0,0,0,-2,0,2,90,2,6aa4f946-ff42-4749-8463-1ff07145ccbb,items
FALSE,B0DMVK5MSS,B0D7MDHWT9,gnat killer for inside house,13,sr_rc,69,48,5,0,0,-2,99,92,1,251,0,-2,96,32,11,199,0,-2,2,109,0,0,0,-2,0,2,90,2,6aa4f946-ff42-4749-8463-1ff07145ccbb,items
FALSE,B0DMVK5MSS,B0D7MDHWT9,kill fruit flies indoors fast,14,sr_rc,11,131,0,0,0,-3,99,132,0,251,0,-3,66,77,1,114,0,-3,2,149,0,0,0,-3,0,2,90,2,6aa4f946-ff42-4749-8463-1ff07145ccbb,items
FALSE,B0DMVK5MSS,B0D7MDHWT9,nat fly trap,15,sr_rc,20,142,1,0,0,-2,99,165,0,251,0,-2,20,141,1,32,0,-2,2,183,0,0,0,-2,0,2,90,2,6aa4f946-ff42-4749-8463-1ff07145ccbb,items
FALSE,B0DMVK5MSS,B0D7MDHWT9,nat killer,16,sr_rc,99,1,8302,0,3,0,95,85,4,192,0,-2,90,1,8302,168,0,-1,2,94,0,0,0,-2,0,2,90,2,6aa4f946-ff42-4749-8463-1ff07145ccbb,items
FALSE,B0DMVK5MSS,B0D7MDHWT9,nat killer for inside house,16,sr_rc,100,9,110,0,0,-1,99,95,1,251,0,-2,95,1,1878,192,0,-1,2,109,0,0,0,-2,0,2,90,2,6aa4f946-ff42-4749-8463-1ff07145ccbb,items
FALSE,B0DMVK5MSS,B0D7MDHWT9,nat killer indoor,16,sr_rc,100,64,13,0,0,-2,4,148,0,5,0,-2,100,51,20,317,0,-2,2,149,0,0,0,-2,0,2,90,2,6aa4f946-ff42-4749-8463-1ff07145ccbb,items
FALSE,B0DMVK5MSS,B0D7MDHWT9,reusable fruit fly traps for indoors,17,sr_rc,33,95,2,0,0,-3,97,141,0,210,0,-3,33,93,2,55,0,-3,2,153,0,0,0,-3,0,2,90,2,6aa4f946-ff42-4749-8463-1ff07145ccbb,items
TRUE,B0DSC8VMSY,B0DMFRCV2T,cockroach traps,1,kw,50,1,16818,0,131,0,100,18,260,131,0,-1,46,1,16818,46,3,-1,31,36,2,0,0,-2,0,1,90,2,6aa4f946-ff42-4749-8463-1ff07145ccbb,items
TRUE,B0DSC8VMSY,B0DMFRCV2T,cockroach trap,1,kw,60,6,7386,0,46,0,100,31,415,131,0,-1,60,1,69043,60,7,-1,2,48,0,0,0,-2,0,1,90,2,6aa4f946-ff42-4749-8463-1ff07145ccbb,items
TRUE,B0DSC8VMSY,B0DMFRCV2T,cockroach sticky trap,1,kw,64,1,2897,0,16,0,100,30,20,131,0,-2,54,1,2897,54,0,-1,10,50,0,0,0,-2,0,1,90,2,6aa4f946-ff42-4749-8463-1ff07145ccbb,items
FALSE,B0DSC8VMSY,B0DMFRCV2T,cockroaches trap,1,kw,58,1,1405,0,13,-1,100,24,13,131,0,-3,52,1,1405,52,0,-2,2,43,0,0,0,-3,0,1,90,2,6aa4f946-ff42-4749-8463-1ff07145ccbb,items
TRUE,B0DSC8VMSY,B0DMFRCV2T,german cockroach trap,1,kw,64,1,602,0,3,0,100,30,4,131,0,-2,57,1,602,57,0,-1,4,45,0,0,0,-2,0,1,90,2,6aa4f946-ff42-4749-8463-1ff07145ccbb,items
TRUE,B0DSC8VMSY,B0DMFRCV2T,sticky traps for cockroaches,1,kw,63,5,290,0,2,0,100,35,13,131,0,-2,60,1,2561,60,0,-1,2,56,0,0,0,-2,0,1,90,2,6aa4f946-ff42-4749-8463-1ff07145ccbb,items
FALSE,B0DSC8VMSY,B0DMFRCV2T,cockroach traps indoor,1,kw,45,26,39,0,0,-1,100,39,15,131,0,-2,100,7,298,131,0,-1,2,58,0,0,0,-2,0,1,90,2,6aa4f946-ff42-4749-8463-1ff07145ccbb,items
FALSE,B0DSC8VMSY,B0DMFRCV2T,cockroach bait traps,1,kw,57,22,32,0,0,-1,100,51,5,131,0,-2,100,3,486,131,0,-1,31,70,0,0,0,-2,0,1,90,2,6aa4f946-ff42-4749-8463-1ff07145ccbb,items
FALSE,B0DSC8VMSY,B0DMFRCV2T,cockroach bait and trap,1,kw,58,18,13,0,0,-1,100,57,1,131,0,-2,99,1,598,117,0,-1,4,74,0,0,0,-2,0,1,90,2,6aa4f946-ff42-4749-8463-1ff07145ccbb,items
FALSE,B0DSC8VMSY,B0DMFRCV2T,cockroach glue traps,1,kw,89,64,2,0,0,-1,100,110,0,131,0,-2,96,46,3,104,0,-2,2,129,0,0,0,-2,0,1,90,2,6aa4f946-ff42-4749-8463-1ff07145ccbb,items
FALSE,B0DSC8VMSY,B0DMFRCV2T,palmetto bug killer,2,kw,79,1,5710,0,33,-1,100,52,10,131,0,-3,74,1,5710,75,1,-2,10,65,0,0,0,-3,0,1,90,2,6aa4f946-ff42-4749-8463-1ff07145ccbb,items
FALSE,B0DSC8VMSY,B0DMFRCV2T,palmetto bug traps indoor,2,kw,72,1,473,0,2,-1,100,48,1,131,0,-3,63,1,473,63,0,-2,2,68,0,0,0,-3,0,1,90,2,6aa4f946-ff42-4749-8463-1ff07145ccbb,items
FALSE,B0DSC8VMSY,B0DMFRCV2T,acido borico para cucarachas,3,sr_rc,99,82,1,0,0,-1,100,90,1,131,0,-2,100,69,2,131,0,-2,3,102,0,0,0,-2,0,1,90,2,6aa4f946-ff42-4749-8463-1ff07145ccbb,items
FALSE,B0DSC8VMSY,B0DMFRCV2T,best cockroach killer indoor home,4,sr_rc,3,102,0,0,0,-1,100,88,0,131,0,-2,3,102,0,2,0,-2,31,105,0,0,0,-2,0,1,90,2,6aa4f946-ff42-4749-8463-1ff07145ccbb,items
FALSE,B0DSC8VMSY,B0DMFRCV2T,cockroach killer,4,sr_rc,87,107,45,0,0,-1,100,148,10,131,0,-2,100,88,74,131,0,-1,30,166,0,0,0,-2,0,1,90,2,6aa4f946-ff42-4749-8463-1ff07145ccbb,items
FALSE,B0DSC8VMSY,B0DMFRCV2T,cockroach killer indoor home,4,sr_rc,6,165,16,0,0,-1,100,152,54,131,0,-2,6,165,16,5,0,-2,32,171,0,0,0,-2,0,1,90,2,6aa4f946-ff42-4749-8463-1ff07145ccbb,items
FALSE,B0DSC8VMSY,B0DMFRCV2T,best german cockroach killer,5,sr_rc,100,82,0,0,0,-2,100,135,0,131,0,-3,100,66,1,131,0,-3,30,151,0,0,0,-3,0,1,90,2,6aa4f946-ff42-4749-8463-1ff07145ccbb,items
FALSE,B0DSC8VMSY,B0DMFRCV2T,german cockroach killer,5,sr_rc,95,67,13,0,0,-2,100,117,2,131,0,-3,100,49,24,131,0,-3,31,134,0,0,0,-3,0,1,90,2,6aa4f946-ff42-4749-8463-1ff07145ccbb,items
FALSE,B0DSC8VMSY,B0DMFRCV2T,german cockroaches killer,5,sr_rc,93,76,2,0,0,-2,100,118,0,131,0,-3,100,59,3,131,0,-3,33,135,0,0,0,-3,0,1,90,2,6aa4f946-ff42-4749-8463-1ff07145ccbb,items
FALSE,B0DSC8VMSY,B0DMFRCV2T,best roach killer on market,6,sr_rc,8,104,1,0,0,-2,100,100,2,131,0,-3,8,104,1,7,0,-3,32,116,0,0,0,-3,0,1,90,2,6aa4f946-ff42-4749-8463-1ff07145ccbb,items
FALSE,B0DSC8VMSY,B0DMFRCV2T,cockroach bait,7,sr_rc,19,152,10,0,0,-1,100,168,4,131,0,-2,23,145,12,22,0,-2,32,183,0,0,0,-2,0,1,90,2,6aa4f946-ff42-4749-8463-1ff07145ccbb,items
FALSE,B0DSC8VMSY,B0DMFRCV2T,cockroach bombs indoor infestation,8,sr_rc,68,42,0,0,0,-1,100,72,0,131,0,-2,100,27,1,131,0,-2,31,88,0,0,0,-2,0,1,90,2,6aa4f946-ff42-4749-8463-1ff07145ccbb,items
FALSE,B0DSC8VMSY,B0DMFRCV2T,cockroach killer infestation,9,sr_rc,3,129,0,0,0,-1,100,117,0,131,0,-2,3,129,0,2,0,-2,9,133,0,0,0,-2,0,1,90,2,6aa4f946-ff42-4749-8463-1ff07145ccbb,items
FALSE,B0DSC8VMSY,B0DMFRCV2T,cockroach killer powder,10,sr_rc,85,61,2,0,0,-2,100,112,0,131,0,-3,99,45,3,117,0,-3,10,128,0,0,0,-3,0,1,90,2,6aa4f946-ff42-4749-8463-1ff07145ccbb,items
FALSE,B0DSC8VMSY,B0DMFRCV2T,cockroach spray,11,sr_rc,18,158,2,0,0,-2,100,167,1,131,0,-3,100,96,15,131,0,-3,9,183,0,0,0,-3,0,1,90,2,6aa4f946-ff42-4749-8463-1ff07145ccbb,items
FALSE,B0DSC8VMSY,B0DMFRCV2T,cockroach spray indoor home,11,sr_rc,12,140,0,0,0,-2,100,140,0,131,0,-3,12,140,0,11,0,-3,9,156,0,0,0,-3,0,1,90,2,6aa4f946-ff42-4749-8463-1ff07145ccbb,items
FALSE,B0DSC8VMSY,B0DMFRCV2T,eliminate roaches permanently,12,sr_rc,10,149,0,0,0,-2,100,150,0,131,0,-3,10,149,0,9,0,-3,31,164,0,0,0,-3,0,1,90,2,6aa4f946-ff42-4749-8463-1ff07145ccbb,items
FALSE,B0DSC8VMSY,B0DMFRCV2T,german roach killer indoor infestation,13,sr_rc,12,126,0,0,0,-2,100,121,0,131,0,-3,14,124,0,13,0,-3,9,138,0,0,0,-3,0,1,90,2,6aa4f946-ff42-4749-8463-1ff07145ccbb,items
FALSE,B0DSC8VMSY,B0DMFRCV2T,get rid of roaches permanently,14,sr_rc,6,180,0,0,0,-2,100,176,0,131,0,-3,6,180,0,5,0,-3,31,189,0,0,0,-3,0,1,90,2,6aa4f946-ff42-4749-8463-1ff07145ccbb,items
FALSE,B0DSC8VMSY,B0DMFRCV2T,glue traps for roaches,15,sr_rc,10,170,0,0,0,-2,99,163,0,117,0,-3,10,169,0,9,0,-3,2,184,0,0,0,-3,0,1,90,2,6aa4f946-ff42-4749-8463-1ff07145ccbb,items
FALSE,B0DSC8VMSY,B0DMFRCV2T,roach trap,15,sr_rc,4,91,2,0,0,-1,100,77,12,131,0,-2,46,62,28,46,0,-2,31,95,0,0,0,-2,0,1,90,2,6aa4f946-ff42-4749-8463-1ff07145ccbb,items
FALSE,B0DSC8VMSY,B0DMFRCV2T,roach traps,15,sr_rc,7,110,22,0,0,-1,100,100,54,131,0,-2,7,110,23,6,0,-2,31,119,1,0,0,-2,0,1,90,2,6aa4f946-ff42-4749-8463-1ff07145ccbb,items
FALSE,B0DSC8VMSY,B0DMFRCV2T,large roach traps indoor,16,sr_rc,9,47,10,0,0,-2,100,37,24,131,0,-3,100,10,241,131,0,-2,31,58,0,0,0,-3,0,1,90,2,6aa4f946-ff42-4749-8463-1ff07145ccbb,items
FALSE,B0DSC8VMSY,B0DMFRCV2T,roach traps indoor,16,sr_rc,8,130,29,0,1,-1,100,118,83,131,0,-1,8,130,29,7,0,-2,31,138,1,0,0,-2,0,1,90,2,6aa4f946-ff42-4749-8463-1ff07145ccbb,items
FALSE,B0DSC8VMSY,B0DMFRCV2T,mata cucarachas para dentro de casa efectivo,17,sr_rc,100,102,7,0,0,-1,100,158,1,131,0,-2,100,85,11,131,0,-2,30,175,0,0,0,-2,0,1,90,2,6aa4f946-ff42-4749-8463-1ff07145ccbb,items
FALSE,B0DSC8VMSY,B0DMFRCV2T,pegamento para cucarachas,18,sr_rc,97,120,0,0,0,-1,100,119,0,131,0,-2,100,102,0,131,0,-2,3,137,0,0,0,-2,0,1,90,2,6aa4f946-ff42-4749-8463-1ff07145ccbb,items
FALSE,B0DSC8VMSY,B0DMFRCV2T,producto para eliminar las cucarachas,19,sr_rc,100,117,0,0,0,-1,100,116,0,131,0,-2,100,102,0,131,0,-2,4,131,0,0,0,-2,0,1,90,2,6aa4f946-ff42-4749-8463-1ff07145ccbb,items
FALSE,B0DSC8VMSY,B0DMFRCV2T,roach baits indoor infestation,20,sr_rc,8,107,0,0,0,-1,100,104,1,131,0,-2,8,107,1,7,0,-2,4,122,0,0,0,-2,0,1,90,2,6aa4f946-ff42-4749-8463-1ff07145ccbb,items
FALSE,B0DSC8VMSY,B0DMFRCV2T,roach bombs indoor infestation,21,sr_rc,9,149,0,0,0,-1,100,142,1,131,0,-2,9,148,0,8,0,-2,31,157,0,0,0,-2,0,1,90,2,6aa4f946-ff42-4749-8463-1ff07145ccbb,items
FALSE,B0DSC8VMSY,B0DMFRCV2T,roach killer bait stations,22,sr_rc,15,60,3,0,0,-2,100,73,1,131,0,-3,16,58,4,15,0,-3,5,89,0,0,0,-3,0,1,90,2,6aa4f946-ff42-4749-8463-1ff07145ccbb,items
FALSE,B0DSC8VMSY,B0DMFRCV2T,roach killing bait,23,sr_rc,17,103,2,0,0,-2,100,112,1,131,0,-3,17,102,2,16,0,-3,5,130,0,0,0,-3,0,1,90,2,6aa4f946-ff42-4749-8463-1ff07145ccbb,items
FALSE,B0DSC8VMSY,B0DMFRCV2T,roach sticky traps,24,sr_rc,15,91,1,0,0,-1,100,83,2,131,0,-2,50,64,4,50,0,-2,2,105,0,0,0,-2,0,1,90,2,6aa4f946-ff42-4749-8463-1ff07145ccbb,items
FALSE,B0DSC8VMSY,B0DMFRCV2T,roach sticky traps indoor for home,24,sr_rc,13,52,1,0,0,-1,100,43,2,131,0,-2,100,18,13,131,0,-2,4,66,0,0,0,-2,0,1,90,2,6aa4f946-ff42-4749-8463-1ff07145ccbb,items
FALSE,B0DSC8VMSY,B0DMFRCV2T,roach traps for car,25,sr_rc,48,22,5,0,0,-2,100,37,2,131,0,-3,100,4,64,131,0,-2,31,55,0,0,0,-3,0,1,90,2,6aa4f946-ff42-4749-8463-1ff07145ccbb,items
FALSE,B0DSC8VMSY,B0DMFRCV2T,roach traps indoor infestation,26,sr_rc,11,52,1,0,0,-1,100,45,1,131,0,-2,100,21,6,131,0,-2,31,64,0,0,0,-2,0,1,90,2,6aa4f946-ff42-4749-8463-1ff07145ccbb,items
FALSE,B0DSC8VMSY,B0DMFRCV2T,scorpion traps for inside your home,27,sr_rc,72,27,8,0,0,-2,99,69,1,117,0,-3,100,9,38,131,0,-2,2,87,0,0,0,-3,0,1,90,2,6aa4f946-ff42-4749-8463-1ff07145ccbb,items
FALSE,B0DSC8VMSY,B0DMFRCV2T,spider traps for inside your home,28,sr_rc,21,125,1,0,0,-2,100,137,0,131,0,-3,65,87,2,65,0,-3,2,156,0,0,0,-3,0,1,90,2,6aa4f946-ff42-4749-8463-1ff07145ccbb,items
FALSE,B0DSC8VMSY,B0DMFRCV2T,trampas para cucarachas,29,sr_rc,100,45,20,0,0,-1,100,89,2,131,0,-2,100,28,43,131,0,-1,4,106,0,0,0,-2,0,1,90,2,6aa4f946-ff42-4749-8463-1ff07145ccbb,items
FALSE,B0FCMR4Z1N,B0DZDR98GK,keep wasp away,1,kw,52,1,3531,0,37,-1,93,29,16,104,0,-3,47,1,3531,47,1,-2,2,39,0,0,0,-3,0,2,90,2,6aa4f946-ff42-4749-8463-1ff07145ccbb,items
FALSE,B0FCMR4Z1N,B0DZDR98GK,wasp nest decoy waterproof,2,kw,7,1,2122,0,22,0,100,6,123,164,0,-1,7,1,2122,6,3,-1,2,10,2,0,0,-2,0,2,90,2,6aa4f946-ff42-4749-8463-1ff07145ccbb,items
FALSE,B0FCMR4Z1N,B0DZDR98GK,bee repellent outdoor,3,sr_rc,67,45,18,0,0,-2,100,87,2,164,0,-2,100,34,30,164,0,-2,2,98,0,0,0,-2,0,2,90,2,6aa4f946-ff42-4749-8463-1ff07145ccbb,items
FALSE,B0FCMR4Z1N,B0DZF2S49B,fake wasp nest,1,kw,7,1,8814,0,147,0,13,12,25,12,0,-2,7,1,8814,6,19,-1,2,13,3,0,0,-2,0,1,90,2,6aa4f946-ff42-4749-8463-1ff07145ccbb,items
TRUE,B0FCMR4Z1N,B0DZF2S49B,fake wasp nests,1,kw,5,1,1186,0,21,0,28,9,12,28,0,-2,5,1,1186,4,4,-1,2,10,1,0,0,-2,0,1,90,2,6aa4f946-ff42-4749-8463-1ff07145ccbb,items
TRUE,B0FCMR4Z1N,B0DZF2S49B,wasp nest,1,kw,8,1,835,0,13,0,20,12,8,19,0,-2,8,1,835,7,2,-1,2,15,0,0,0,-2,0,1,90,2,6aa4f946-ff42-4749-8463-1ff07145ccbb,items
FALSE,B0FCMR4Z1N,B0DZF2S49B,wasp nest decoy,2,kw,10,1,8046,0,125,0,84,17,58,89,0,-1,9,1,8046,8,13,-1,2,21,1,0,0,-2,0,1,90,2,6aa4f946-ff42-4749-8463-1ff07145ccbb,items
TRUE,B0FCMR4Z1N,B0DZF2S49B,wasp decoy nest,2,kw,7,1,1418,0,32,0,28,10,8,28,0,-2,7,1,1418,6,4,-1,2,11,1,0,0,-2,0,1,90,2,6aa4f946-ff42-4749-8463-1ff07145ccbb,items
TRUE,B0FCMR4Z1N,B0DZF2S49B,wasp decoy,2,kw,6,1,773,0,16,0,100,7,34,164,0,-2,6,1,773,5,2,-1,2,12,0,0,0,-2,0,1,90,2,6aa4f946-ff42-4749-8463-1ff07145ccbb,items
FALSE,B0FCMR4Z1N,B0DZF2S49B,paper wasp nest decoys,2,kw,8,1,926,0,15,-1,100,10,21,164,0,-3,8,1,926,7,2,-2,2,14,0,0,0,-3,0,1,90,2,6aa4f946-ff42-4749-8463-1ff07145ccbb,items
FALSE,B0FCMR4Z1N,B0DZF2S49B,bee and wasp repellent outdoor,3,sr_rc,46,4,45,0,1,-1,100,27,2,164,0,-2,52,1,255,53,0,-1,2,41,0,0,0,-2,0,1,90,2,6aa4f946-ff42-4749-8463-1ff07145ccbb,items
FALSE,B0FCMR4Z1N,B0DZF2S49B,bee repellent outdoor,3,sr_rc,68,19,42,0,0,-1,100,62,2,164,0,-2,100,8,148,164,0,-1,3,73,0,0,0,-2,0,1,90,2,6aa4f946-ff42-4749-8463-1ff07145ccbb,items
FALSE,B0FCMR4Z1N,B0DZF2S49B,wasp repellent,3,sr_rc,54,23,15,0,0,-1,100,51,2,164,0,-2,100,10,58,164,0,-1,2,64,0,0,0,-2,0,1,90,2,6aa4f946-ff42-4749-8463-1ff07145ccbb,items
FALSE,B0FCMR4Z1N,B0DZF2S49B,wasp repellent outdoor,3,sr_rc,42,38,52,0,1,0,100,56,14,164,0,-2,42,36,61,42,0,-1,2,69,0,0,0,-2,0,1,90,2,6aa4f946-ff42-4749-8463-1ff07145ccbb,items
FALSE,B0FCMR4Z1N,B0DZF2S49B,bee deterrent for patio,4,sr_rc,59,1,296,0,2,0,100,34,1,164,0,-2,55,1,299,56,0,-1,2,47,0,0,0,-2,0,1,90,2,6aa4f946-ff42-4749-8463-1ff07145ccbb,items
FALSE,B0FCMR4Z1N,B0DZF2S49B,bee deterrent for pool,5,sr_rc,17,1,1108,0,18,-1,93,18,11,104,0,-3,16,1,1108,15,1,-2,2,25,0,0,0,-3,0,1,90,2,6aa4f946-ff42-4749-8463-1ff07145ccbb,items
FALSE,B0FCMR4Z1N,B0DZF2S49B,bee repellent for pool,6,sr_rc,38,1,224,0,3,-1,91,34,1,100,0,-3,36,1,224,36,0,-2,2,41,0,0,0,-3,0,1,90,2,6aa4f946-ff42-4749-8463-1ff07145ccbb,items
FALSE,B0FCMR4Z1N,B0DZF2S49B,fake bee hive,7,sr_rc,25,1,2648,0,31,-1,100,14,46,164,0,-2,23,1,2648,22,1,-2,2,24,0,0,0,-3,0,1,90,2,6aa4f946-ff42-4749-8463-1ff07145ccbb,items
FALSE,B0FCMR4Z1N,B0DZF2S49B,fake hornet nest,8,sr_rc,39,1,3224,0,30,-1,19,45,1,18,0,-3,37,1,3224,37,1,-2,2,46,0,0,0,-3,0,1,90,2,6aa4f946-ff42-4749-8463-1ff07145ccbb,items
FALSE,B0FCMR4Z1N,B0DZF2S49B,fake hornets nest,8,sr_rc,19,1,1945,0,23,-1,19,33,1,18,0,-3,19,1,1945,18,1,-2,2,34,0,0,0,-3,0,1,90,2,6aa4f946-ff42-4749-8463-1ff07145ccbb,items
FALSE,B0FCMR4Z1N,B0DZF2S49B,hornet nest decoy,9,sr_rc,24,1,2090,0,25,0,83,30,5,88,0,-2,23,1,2090,22,1,-1,2,34,0,0,0,-2,0,1,90,2,6aa4f946-ff42-4749-8463-1ff07145ccbb,items
FALSE,B0FCMR4Z1N,B0DZF2S49B,hornets nest decoy,9,sr_rc,66,24,11,0,0,-1,28,84,0,28,0,-2,66,19,15,68,0,-2,2,86,0,0,0,-2,0,1,90,2,6aa4f946-ff42-4749-8463-1ff07145ccbb,items
FALSE,B0FCMR4Z1N,B0DZF2S49B,wasp deterrent,10,sr_rc,7,1,711,0,12,0,100,5,77,164,0,-1,7,1,711,6,2,-1,2,14,0,0,0,-2,0,1,90,2,6aa4f946-ff42-4749-8463-1ff07145ccbb,items
FALSE,B0FCMR4Z1N,B0DZF2S49B,wasp deterrent for patio,10,sr_rc,12,1,730,0,14,0,99,7,47,136,0,-1,12,1,730,11,1,-1,2,16,0,0,0,-2,0,1,90,2,6aa4f946-ff42-4749-8463-1ff07145ccbb,items
FALSE,B0FCMR4Z1N,B0DZF2S49B,wasp deterrent outdoor,10,sr_rc,35,1,3622,0,46,0,100,19,34,164,0,-2,33,1,3622,33,1,-1,2,28,0,0,0,-2,0,1,90,2,6aa4f946-ff42-4749-8463-1ff07145ccbb,items
FALSE,B0FCMR4Z1N,B0DZF2S49B,wasp nest spray,11,sr_rc,48,1,1906,0,19,-1,67,40,3,69,0,-3,43,1,1906,43,0,-2,2,46,0,0,0,-3,0,1,90,2,6aa4f946-ff42-4749-8463-1ff07145ccbb,items
FALSE,B0FCMR4Z1N,B0DZF2S49B,wasp repellent outdoor patio,12,sr_rc,49,6,142,0,2,0,100,22,14,164,0,-2,74,1,1348,77,0,-1,2,38,0,0,0,-2,0,1,90,2,6aa4f946-ff42-4749-8463-1ff07145ccbb,items
FALSE,,,,,,,,,,,,,,,,,,,,,,,,,,,,,,,,,,,
FALSE,,,,,,,,,,,,,,,,,,,,,,,,,,,,,,,,,,,
FALSE,,,,,,,,,,,,,,,,,,,,,,,,,,,,,,,,,,,
FALSE,,,,,,,,,,,,,,,,,,,,,,,,,,,,,,,,,,,
FALSE,,,,,,,,,,,,,,,,,,,,,,,,,,,,,,,,,,,
FALSE,,,,,,,,,,,,,,,,,,,,,,,,,,,,,,,,,,,
FALSE,,,,,,,,,,,,,,,,,,,,,,,,,,,,,,,,,,,
FALSE,,,,,,,,,,,,,,,,,,,,,,,,,,,,,,,,,,,
FALSE,,,,,,,,,,,,,,,,,,,,,,,,,,,,,,,,,,,
FALSE,,,,,,,,,,,,,,,,,,,,,,,,,,,,,,,,,,,
FALSE,,,,,,,,,,,,,,,,,,,,,,,,,,,,,,,,,,,
FALSE,,,,,,,,,,,,,,,,,,,,,,,,,,,,,,,,,,,
FALSE,,,,,,,,,,,,,,,,,,,,,,,,,,,,,,,,,,,
FALSE,,,,,,,,,,,,,,,,,,,,,,,,,,,,,,,,,,,
FALSE,,,,,,,,,,,,,,,,,,,,,,,,,,,,,,,,,,,
FALSE,,,,,,,,,,,,,,,,,,,,,,,,,,,,,,,,,,,
FALSE,,,,,,,,,,,,,,,,,,,,,,,,,,,,,,,,,,,
FALSE,,,,,,,,,,,,,,,,,,,,,,,,,,,,,,,,,,,
FALSE,,,,,,,,,,,,,,,,,,,,,,,,,,,,,,,,,,,
FALSE,,,,,,,,,,,,,,,,,,,,,,,,,,,,,,,,,,,
FALSE,,,,,,,,,,,,,,,,,,,,,,,,,,,,,,,,,,,
FALSE,,,,,,,,,,,,,,,,,,,,,,,,,,,,,,,,,,,
FALSE,,,,,,,,,,,,,,,,,,,,,,,,,,,,,,,,,,,
FALSE,,,,,,,,,,,,,,,,,,,,,,,,,,,,,,,,,,,
FALSE,,,,,,,,,,,,,,,,,,,,,,,,,,,,,,,,,,,
FALSE,,,,,,,,,,,,,,,,,,,,,,,,,,,,,,,,,,,
FALSE,,,,,,,,,,,,,,,,,,,,,,,,,,,,,,,,,,,
FALSE,,,,,,,,,,,,,,,,,,,,,,,,,,,,,,,,,,,
FALSE,,,,,,,,,,,,,,,,,,,,,,,,,,,,,,,,,,,
FALSE,,,,,,,,,,,,,,,,,,,,,,,,,,,,,,,,,,,
FALSE,,,,,,,,,,,,,,,,,,,,,,,,,,,,,,,,,,,
FALSE,,,,,,,,,,,,,,,,,,,,,,,,,,,,,,,,,,,
FALSE,,,,,,,,,,,,,,,,,,,,,,,,,,,,,,,,,,,
FALSE,,,,,,,,,,,,,,,,,,,,,,,,,,,,,,,,,,,
FALSE,,,,,,,,,,,,,,,,,,,,,,,,,,,,,,,,,,,
FALSE,,,,,,,,,,,,,,,,,,,,,,,,,,,,,,,,,,,
FALSE,,,,,,,,,,,,,,,,,,,,,,,,,,,,,,,,,,,
FALSE,,,,,,,,,,,,,,,,,,,,,,,,,,,,,,,,,,,
FALSE,,,,,,,,,,,,,,,,,,,,,,,,,,,,,,,,,,,
FALSE,,,,,,,,,,,,,,,,,,,,,,,,,,,,,,,,,,,
FALSE,,,,,,,,,,,,,,,,,,,,,,,,,,,,,,,,,,,
FALSE,,,,,,,,,,,,,,,,,,,,,,,,,,,,,,,,,,,
FALSE,,,,,,,,,,,,,,,,,,,,,,,,,,,,,,,,,,,
FALSE,,,,,,,,,,,,,,,,,,,,,,,,,,,,,,,,,,,
FALSE,,,,,,,,,,,,,,,,,,,,,,,,,,,,,,,,,,,
FALSE,,,,,,,,,,,,,,,,,,,,,,,,,,,,,,,,,,,
FALSE,,,,,,,,,,,,,,,,,,,,,,,,,,,,,,,,,,,
FALSE,,,,,,,,,,,,,,,,,,,,,,,,,,,,,,,,,,,
FALSE,,,,,,,,,,,,,,,,,,,,,,,,,,,,,,,,,,,
FALSE,,,,,,,,,,,,,,,,,,,,,,,,,,,,,,,,,,,
FALSE,,,,,,,,,,,,,,,,,,,,,,,,,,,,,,,,,,,
FALSE,,,,,,,,,,,,,,,,,,,,,,,,,,,,,,,,,,,
FALSE,,,,,,,,,,,,,,,,,,,,,,,,,,,,,,,,,,,
FALSE,,,,,,,,,,,,,,,,,,,,,,,,,,,,,,,,,,,
FALSE,,,,,,,,,,,,,,,,,,,,,,,,,,,,,,,,,,,
FALSE,,,,,,,,,,,,,,,,,,,,,,,,,,,,,,,,,,,
FALSE,,,,,,,,,,,,,,,,,,,,,,,,,,,,,,,,,,,
FALSE,,,,,,,,,,,,,,,,,,,,,,,,,,,,,,,,,,,
FALSE,,,,,,,,,,,,,,,,,,,,,,,,,,,,,,,,,,,
FALSE,,,,,,,,,,,,,,,,,,,,,,,,,,,,,,,,,,,
FALSE,,,,,,,,,,,,,,,,,,,,,,,,,,,,,,,,,,,
FALSE,,,,,,,,,,,,,,,,,,,,,,,,,,,,,,,,,,,
FALSE,,,,,,,,,,,,,,,,,,,,,,,,,,,,,,,,,,,
FALSE,,,,,,,,,,,,,,,,,,,,,,,,,,,,,,,,,,,
FALSE,,,,,,,,,,,,,,,,,,,,,,,,,,,,,,,,,,,
FALSE,,,,,,,,,,,,,,,,,,,,,,,,,,,,,,,,,,,
FALSE,,,,,,,,,,,,,,,,,,,,,,,,,,,,,,,,,,,
FALSE,,,,,,,,,,,,,,,,,,,,,,,,,,,,,,,,,,,
FALSE,,,,,,,,,,,,,,,,,,,,,,,,,,,,,,,,,,,
FALSE,,,,,,,,,,,,,,,,,,,,,,,,,,,,,,,,,,,
FALSE,,,,,,,,,,,,,,,,,,,,,,,,,,,,,,,,,,,
FALSE,,,,,,,,,,,,,,,,,,,,,,,,,,,,,,,,,,,
FALSE,,,,,,,,,,,,,,,,,,,,,,,,,,,,,,,,,,,
FALSE,,,,,,,,,,,,,,,,,,,,,,,,,,,,,,,,,,,
FALSE,,,,,,,,,,,,,,,,,,,,,,,,,,,,,,,,,,,
FALSE,,,,,,,,,,,,,,,,,,,,,,,,,,,,,,,,,,,
FALSE,,,,,,,,,,,,,,,,,,,,,,,,,,,,,,,,,,,
FALSE,,,,,,,,,,,,,,,,,,,,,,,,,,,,,,,,,,,
FALSE,,,,,,,,,,,,,,,,,,,,,,,,,,,,,,,,,,,
FALSE,,,,,,,,,,,,,,,,,,,,,,,,,,,,,,,,,,,
FALSE,,,,,,,,,,,,,,,,,,,,,,,,,,,,,,,,,,,
FALSE,,,,,,,,,,,,,,,,,,,,,,,,,,,,,,,,,,,
FALSE,,,,,,,,,,,,,,,,,,,,,,,,,,,,,,,,,,,
FALSE,,,,,,,,,,,,,,,,,,,,,,,,,,,,,,,,,,,
FALSE,,,,,,,,,,,,,,,,,,,,,,,,,,,,,,,,,,,
FALSE,,,,,,,,,,,,,,,,,,,,,,,,,,,,,,,,,,,
FALSE,,,,,,,,,,,,,,,,,,,,,,,,,,,,,,,,,,,
FALSE,,,,,,,,,,,,,,,,,,,,,,,,,,,,,,,,,,,
FALSE,,,,,,,,,,,,,,,,,,,,,,,,,,,,,,,,,,,
FALSE,,,,,,,,,,,,,,,,,,,,,,,,,,,,,,,,,,,
FALSE,,,,,,,,,,,,,,,,,,,,,,,,,,,,,,,,,,,
FALSE,,,,,,,,,,,,,,,,,,,,,,,,,,,,,,,,,,,
FALSE,,,,,,,,,,,,,,,,,,,,,,,,,,,,,,,,,,,
FALSE,,,,,,,,,,,,,,,,,,,,,,,,,,,,,,,,,,,
FALSE,,,,,,,,,,,,,,,,,,,,,,,,,,,,,,,,,,,
FALSE,,,,,,,,,,,,,,,,,,,,,,,,,,,,,,,,,,,
FALSE,,,,,,,,,,,,,,,,,,,,,,,,,,,,,,,,,,,
FALSE,,,,,,,,,,,,,,,,,,,,,,,,,,,,,,,,,,,
FALSE,,,,,,,,,,,,,,,,,,,,,,,,,,,,,,,,,,,
FALSE,,,,,,,,,,,,,,,,,,,,,,,,,,,,,,,,,,,
FALSE,,,,,,,,,,,,,,,,,,,,,,,,,,,,,,,,,,,
FALSE,,,,,,,,,,,,,,,,,,,,,,,,,,,,,,,,,,,
FALSE,,,,,,,,,,,,,,,,,,,,,,,,,,,,,,,,,,,
FALSE,,,,,,,,,,,,,,,,,,,,,,,,,,,,,,,,,,,
FALSE,,,,,,,,,,,,,,,,,,,,,,,,,,,,,,,,,,,
FALSE,,,,,,,,,,,,,,,,,,,,,,,,,,,,,,,,,,,
FALSE,,,,,,,,,,,,,,,,,,,,,,,,,,,,,,,,,,,
FALSE,,,,,,,,,,,,,,,,,,,,,,,,,,,,,,,,,,,
FALSE,,,,,,,,,,,,,,,,,,,,,,,,,,,,,,,,,,,
FALSE,,,,,,,,,,,,,,,,,,,,,,,,,,,,,,,,,,,
FALSE,,,,,,,,,,,,,,,,,,,,,,,,,,,,,,,,,,,
FALSE,,,,,,,,,,,,,,,,,,,,,,,,,,,,,,,,,,,
FALSE,,,,,,,,,,,,,,,,,,,,,,,,,,,,,,,,,,,
FALSE,,,,,,,,,,,,,,,,,,,,,,,,,,,,,,,,,,,
FALSE,,,,,,,,,,,,,,,,,,,,,,,,,,,,,,,,,,,
FALSE,,,,,,,,,,,,,,,,,,,,,,,,,,,,,,,,,,,
FALSE,,,,,,,,,,,,,,,,,,,,,,,,,,,,,,,,,,,
FALSE,,,,,,,,,,,,,,,,,,,,,,,,,,,,,,,,,,,
FALSE,,,,,,,,,,,,,,,,,,,,,,,,,,,,,,,,,,,
FALSE,,,,,,,,,,,,,,,,,,,,,,,,,,,,,,,,,,,
FALSE,,,,,,,,,,,,,,,,,,,,,,,,,,,,,,,,,,,
FALSE,,,,,,,,,,,,,,,,,,,,,,,,,,,,,,,,,,,
FALSE,,,,,,,,,,,,,,,,,,,,,,,,,,,,,,,,,,,
FALSE,,,,,,,,,,,,,,,,,,,,,,,,,,,,,,,,,,,
FALSE,,,,,,,,,,,,,,,,,,,,,,,,,,,,,,,,,,,
FALSE,,,,,,,,,,,,,,,,,,,,,,,,,,,,,,,,,,,
FALSE,,,,,,,,,,,,,,,,,,,,,,,,,,,,,,,,,,,
FALSE,,,,,,,,,,,,,,,,,,,,,,,,,,,,,,,,,,,
FALSE,,,,,,,,,,,,,,,,,,,,,,,,,,,,,,,,,,,
FALSE,,,,,,,,,,,,,,,,,,,,,,,,,,,,,,,,,,,
FALSE,,,,,,,,,,,,,,,,,,,,,,,,,,,,,,,,,,,
FALSE,,,,,,,,,,,,,,,,,,,,,,,,,,,,,,,,,,,
FALSE,,,,,,,,,,,,,,,,,,,,,,,,,,,,,,,,,,,
FALSE,,,,,,,,,,,,,,,,,,,,,,,,,,,,,,,,,,,
FALSE,,,,,,,,,,,,,,,,,,,,,,,,,,,,,,,,,,,
FALSE,,,,,,,,,,,,,,,,,,,,,,,,,,,,,,,,,,,
FALSE,,,,,,,,,,,,,,,,,,,,,,,,,,,,,,,,,,,
FALSE,,,,,,,,,,,,,,,,,,,,,,,,,,,,,,,,,,,
FALSE,,,,,,,,,,,,,,,,,,,,,,,,,,,,,,,,,,,
FALSE,,,,,,,,,,,,,,,,,,,,,,,,,,,,,,,,,,,
FALSE,,,,,,,,,,,,,,,,,,,,,,,,,,,,,,,,,,,
FALSE,,,,,,,,,,,,,,,,,,,,,,,,,,,,,,,,,,,
FALSE,,,,,,,,,,,,,,,,,,,,,,,,,,,,,,,,,,,
FALSE,,,,,,,,,,,,,,,,,,,,,,,,,,,,,,,,,,,
FALSE,,,,,,,,,,,,,,,,,,,,,,,,,,,,,,,,,,,
FALSE,,,,,,,,,,,,,,,,,,,,,,,,,,,,,,,,,,,
FALSE,,,,,,,,,,,,,,,,,,,,,,,,,,,,,,,,,,,
FALSE,,,,,,,,,,,,,,,,,,,,,,,,,,,,,,,,,,,
FALSE,,,,,,,,,,,,,,,,,,,,,,,,,,,,,,,,,,,
FALSE,,,,,,,,,,,,,,,,,,,,,,,,,,,,,,,,,,,
FALSE,,,,,,,,,,,,,,,,,,,,,,,,,,,,,,,,,,,
FALSE,,,,,,,,,,,,,,,,,,,,,,,,,,,,,,,,,,,
FALSE,,,,,,,,,,,,,,,,,,,,,,,,,,,,,,,,,,,
FALSE,,,,,,,,,,,,,,,,,,,,,,,,,,,,,,,,,,,
FALSE,,,,,,,,,,,,,,,,,,,,,,,,,,,,,,,,,,,
FALSE,,,,,,,,,,,,,,,,,,,,,,,,,,,,,,,,,,,
FALSE,,,,,,,,,,,,,,,,,,,,,,,,,,,,,,,,,,,
FALSE,,,,,,,,,,,,,,,,,,,,,,,,,,,,,,,,,,,
FALSE,,,,,,,,,,,,,,,,,,,,,,,,,,,,,,,,,,,
FALSE,,,,,,,,,,,,,,,,,,,,,,,,,,,,,,,,,,,
FALSE,,,,,,,,,,,,,,,,,,,,,,,,,,,,,,,,,,,
FALSE,,,,,,,,,,,,,,,,,,,,,,,,,,,,,,,,,,,
FALSE,,,,,,,,,,,,,,,,,,,,,,,,,,,,,,,,,,,
FALSE,,,,,,,,,,,,,,,,,,,,,,,,,,,,,,,,,,,
FALSE,,,,,,,,,,,,,,,,,,,,,,,,,,,,,,,,,,,
FALSE,,,,,,,,,,,,,,,,,,,,,,,,,,,,,,,,,,,
FALSE,,,,,,,,,,,,,,,,,,,,,,,,,,,,,,,,,,,
FALSE,,,,,,,,,,,,,,,,,,,,,,,,,,,,,,,,,,,
FALSE,,,,,,,,,,,,,,,,,,,,,,,,,,,,,,,,,,,
FALSE,,,,,,,,,,,,,,,,,,,,,,,,,,,,,,,,,,,
FALSE,,,,,,,,,,,,,,,,,,,,,,,,,,,,,,,,,,,
FALSE,,,,,,,,,,,,,,,,,,,,,,,,,,,,,,,,,,,
FALSE,,,,,,,,,,,,,,,,,,,,,,,,,,,,,,,,,,,
FALSE,,,,,,,,,,,,,,,,,,,,,,,,,,,,,,,,,,,
FALSE,,,,,,,,,,,,,,,,,,,,,,,,,,,,,,,,,,,
FALSE,,,,,,,,,,,,,,,,,,,,,,,,,,,,,,,,,,,
FALSE,,,,,,,,,,,,,,,,,,,,,,,,,,,,,,,,,,,
FALSE,,,,,,,,,,,,,,,,,,,,,,,,,,,,,,,,,,,
FALSE,,,,,,,,,,,,,,,,,,,,,,,,,,,,,,,,,,,
FALSE,,,,,,,,,,,,,,,,,,,,,,,,,,,,,,,,,,,
FALSE,,,,,,,,,,,,,,,,,,,,,,,,,,,,,,,,,,,
FALSE,,,,,,,,,,,,,,,,,,,,,,,,,,,,,,,,,,,
FALSE,,,,,,,,,,,,,,,,,,,,,,,,,,,,,,,,,,,
FALSE,,,,,,,,,,,,,,,,,,,,,,,,,,,,,,,,,,,
FALSE,,,,,,,,,,,,,,,,,,,,,,,,,,,,,,,,,,,
FALSE,,,,,,,,,,,,,,,,,,,,,,,,,,,,,,,,,,,
FALSE,,,,,,,,,,,,,,,,,,,,,,,,,,,,,,,,,,,
FALSE,,,,,,,,,,,,,,,,,,,,,,,,,,,,,,,,,,,
FALSE,,,,,,,,,,,,,,,,,,,,,,,,,,,,,,,,,,,
FALSE,,,,,,,,,,,,,,,,,,,,,,,,,,,,,,,,,,,
FALSE,,,,,,,,,,,,,,,,,,,,,,,,,,,,,,,,,,,
FALSE,,,,,,,,,,,,,,,,,,,,,,,,,,,,,,,,,,,
FALSE,,,,,,,,,,,,,,,,,,,,,,,,,,,,,,,,,,,
FALSE,,,,,,,,,,,,,,,,,,,,,,,,,,,,,,,,,,,
FALSE,,,,,,,,,,,,,,,,,,,,,,,,,,,,,,,,,,,
FALSE,,,,,,,,,,,,,,,,,,,,,,,,,,,,,,,,,,,
FALSE,,,,,,,,,,,,,,,,,,,,,,,,,,,,,,,,,,,
FALSE,,,,,,,,,,,,,,,,,,,,,,,,,,,,,,,,,,,
FALSE,,,,,,,,,,,,,,,,,,,,,,,,,,,,,,,,,,,
FALSE,,,,,,,,,,,,,,,,,,,,,,,,,,,,,,,,,,,
FALSE,,,,,,,,,,,,,,,,,,,,,,,,,,,,,,,,,,,
FALSE,,,,,,,,,,,,,,,,,,,,,,,,,,,,,,,,,,,
FALSE,,,,,,,,,,,,,,,,,,,,,,,,,,,,,,,,,,,
FALSE,,,,,,,,,,,,,,,,,,,,,,,,,,,,,,,,,,,
FALSE,,,,,,,,,,,,,,,,,,,,,,,,,,,,,,,,,,,
FALSE,,,,,,,,,,,,,,,,,,,,,,,,,,,,,,,,,,,
FALSE,,,,,,,,,,,,,,,,,,,,,,,,,,,,,,,,,,,
FALSE,,,,,,,,,,,,,,,,,,,,,,,,,,,,,,,,,,,
FALSE,,,,,,,,,,,,,,,,,,,,,,,,,,,,,,,,,,,
FALSE,,,,,,,,,,,,,,,,,,,,,,,,,,,,,,,,,,,
FALSE,,,,,,,,,,,,,,,,,,,,,,,,,,,,,,,,,,,
FALSE,,,,,,,,,,,,,,,,,,,,,,,,,,,,,,,,,,,
FALSE,,,,,,,,,,,,,,,,,,,,,,,,,,,,,,,,,,,
FALSE,,,,,,,,,,,,,,,,,,,,,,,,,,,,,,,,,,,
FALSE,,,,,,,,,,,,,,,,,,,,,,,,,,,,,,,,,,,
FALSE,,,,,,,,,,,,,,,,,,,,,,,,,,,,,,,,,,,
FALSE,,,,,,,,,,,,,,,,,,,,,,,,,,,,,,,,,,,
FALSE,,,,,,,,,,,,,,,,,,,,,,,,,,,,,,,,,,,
FALSE,,,,,,,,,,,,,,,,,,,,,,,,,,,,,,,,,,,
FALSE,,,,,,,,,,,,,,,,,,,,,,,,,,,,,,,,,,,
FALSE,,,,,,,,,,,,,,,,,,,,,,,,,,,,,,,,,,,
FALSE,,,,,,,,,,,,,,,,,,,,,,,,,,,,,,,,,,,
FALSE,,,,,,,,,,,,,,,,,,,,,,,,,,,,,,,,,,,
FALSE,,,,,,,,,,,,,,,,,,,,,,,,,,,,,,,,,,,
FALSE,,,,,,,,,,,,,,,,,,,,,,,,,,,,,,,,,,,
FALSE,,,,,,,,,,,,,,,,,,,,,,,,,,,,,,,,,,,
FALSE,,,,,,,,,,,,,,,,,,,,,,,,,,,,,,,,,,,
FALSE,,,,,,,,,,,,,,,,,,,,,,,,,,,,,,,,,,,
FALSE,,,,,,,,,,,,,,,,,,,,,,,,,,,,,,,,,,,
FALSE,,,,,,,,,,,,,,,,,,,,,,,,,,,,,,,,,,,
FALSE,,,,,,,,,,,,,,,,,,,,,,,,,,,,,,,,,,,
FALSE,,,,,,,,,,,,,,,,,,,,,,,,,,,,,,,,,,,
FALSE,,,,,,,,,,,,,,,,,,,,,,,,,,,,,,,,,,,
FALSE,,,,,,,,,,,,,,,,,,,,,,,,,,,,,,,,,,,
FALSE,,,,,,,,,,,,,,,,,,,,,,,,,,,,,,,,,,,
FALSE,,,,,,,,,,,,,,,,,,,,,,,,,,,,,,,,,,,
FALSE,,,,,,,,,,,,,,,,,,,,,,,,,,,,,,,,,,,
FALSE,,,,,,,,,,,,,,,,,,,,,,,,,,,,,,,,,,,
FALSE,,,,,,,,,,,,,,,,,,,,,,,,,,,,,,,,,,,
FALSE,,,,,,,,,,,,,,,,,,,,,,,,,,,,,,,,,,,
FALSE,,,,,,,,,,,,,,,,,,,,,,,,,,,,,,,,,,,
FALSE,,,,,,,,,,,,,,,,,,,,,,,,,,,,,,,,,,,
FALSE,,,,,,,,,,,,,,,,,,,,,,,,,,,,,,,,,,,
FALSE,,,,,,,,,,,,,,,,,,,,,,,,,,,,,,,,,,,
FALSE,,,,,,,,,,,,,,,,,,,,,,,,,,,,,,,,,,,
FALSE,,,,,,,,,,,,,,,,,,,,,,,,,,,,,,,,,,,
FALSE,,,,,,,,,,,,,,,,,,,,,,,,,,,,,,,,,,,
FALSE,,,,,,,,,,,,,,,,,,,,,,,,,,,,,,,,,,,
FALSE,,,,,,,,,,,,,,,,,,,,,,,,,,,,,,,,,,,
FALSE,,,,,,,,,,,,,,,,,,,,,,,,,,,,,,,,,,,
FALSE,,,,,,,,,,,,,,,,,,,,,,,,,,,,,,,,,,,
FALSE,,,,,,,,,,,,,,,,,,,,,,,,,,,,,,,,,,,
FALSE,,,,,,,,,,,,,,,,,,,,,,,,,,,,,,,,,,,
FALSE,,,,,,,,,,,,,,,,,,,,,,,,,,,,,,,,,,,
FALSE,,,,,,,,,,,,,,,,,,,,,,,,,,,,,,,,,,,
FALSE,,,,,,,,,,,,,,,,,,,,,,,,,,,,,,,,,,,
FALSE,,,,,,,,,,,,,,,,,,,,,,,,,,,,,,,,,,,
FALSE,,,,,,,,,,,,,,,,,,,,,,,,,,,,,,,,,,,
FALSE,,,,,,,,,,,,,,,,,,,,,,,,,,,,,,,,,,,
FALSE,,,,,,,,,,,,,,,,,,,,,,,,,,,,,,,,,,,
FALSE,,,,,,,,,,,,,,,,,,,,,,,,,,,,,,,,,,,
FALSE,,,,,,,,,,,,,,,,,,,,,,,,,,,,,,,,,,,
FALSE,,,,,,,,,,,,,,,,,,,,,,,,,,,,,,,,,,,
FALSE,,,,,,,,,,,,,,,,,,,,,,,,,,,,,,,,,,,
FALSE,,,,,,,,,,,,,,,,,,,,,,,,,,,,,,,,,,,
FALSE,,,,,,,,,,,,,,,,,,,,,,,,,,,,,,,,,,,
FALSE,,,,,,,,,,,,,,,,,,,,,,,,,,,,,,,,,,,
FALSE,,,,,,,,,,,,,,,,,,,,,,,,,,,,,,,,,,,
FALSE,,,,,,,,,,,,,,,,,,,,,,,,,,,,,,,,,,,
FALSE,,,,,,,,,,,,,,,,,,,,,,,,,,,,,,,,,,,
FALSE,,,,,,,,,,,,,,,,,,,,,,,,,,,,,,,,,,,
FALSE,,,,,,,,,,,,,,,,,,,,,,,,,,,,,,,,,,,
FALSE,,,,,,,,,,,,,,,,,,,,,,,,,,,,,,,,,,,
FALSE,,,,,,,,,,,,,,,,,,,,,,,,,,,,,,,,,,,
FALSE,,,,,,,,,,,,,,,,,,,,,,,,,,,,,,,,,,,
FALSE,,,,,,,,,,,,,,,,,,,,,,,,,,,,,,,,,,,
FALSE,,,,,,,,,,,,,,,,,,,,,,,,,,,,,,,,,,,
FALSE,,,,,,,,,,,,,,,,,,,,,,,,,,,,,,,,,,,
FALSE,,,,,,,,,,,,,,,,,,,,,,,,,,,,,,,,,,,
FALSE,,,,,,,,,,,,,,,,,,,,,,,,,,,,,,,,,,,
FALSE,,,,,,,,,,,,,,,,,,,,,,,,,,,,,,,,,,,
FALSE,,,,,,,,,,,,,,,,,,,,,,,,,,,,,,,,,,,
FALSE,,,,,,,,,,,,,,,,,,,,,,,,,,,,,,,,,,,
FALSE,,,,,,,,,,,,,,,,,,,,,,,,,,,,,,,,,,,
FALSE,,,,,,,,,,,,,,,,,,,,,,,,,,,,,,,,,,,
FALSE,,,,,,,,,,,,,,,,,,,,,,,,,,,,,,,,,,,
FALSE,,,,,,,,,,,,,,,,,,,,,,,,,,,,,,,,,,,
FALSE,,,,,,,,,,,,,,,,,,,,,,,,,,,,,,,,,,,
FALSE,,,,,,,,,,,,,,,,,,,,,,,,,,,,,,,,,,,
FALSE,,,,,,,,,,,,,,,,,,,,,,,,,,,,,,,,,,,
FALSE,,,,,,,,,,,,,,,,,,,,,,,,,,,,,,,,,,,
FALSE,,,,,,,,,,,,,,,,,,,,,,,,,,,,,,,,,,,
FALSE,,,,,,,,,,,,,,,,,,,,,,,,,,,,,,,,,,,
FALSE,,,,,,,,,,,,,,,,,,,,,,,,,,,,,,,,,,,
FALSE,,,,,,,,,,,,,,,,,,,,,,,,,,,,,,,,,,,
FALSE,,,,,,,,,,,,,,,,,,,,,,,,,,,,,,,,,,,
FALSE,,,,,,,,,,,,,,,,,,,,,,,,,,,,,,,,,,,
FALSE,,,,,,,,,,,,,,,,,,,,,,,,,,,,,,,,,,,
FALSE,,,,,,,,,,,,,,,,,,,,,,,,,,,,,,,,,,,
FALSE,,,,,,,,,,,,,,,,,,,,,,,,,,,,,,,,,,,
FALSE,,,,,,,,,,,,,,,,,,,,,,,,,,,,,,,,,,,
FALSE,,,,,,,,,,,,,,,,,,,,,,,,,,,,,,,,,,,
FALSE,,,,,,,,,,,,,,,,,,,,,,,,,,,,,,,,,,,
FALSE,,,,,,,,,,,,,,,,,,,,,,,,,,,,,,,,,,,
FALSE,,,,,,,,,,,,,,,,,,,,,,,,,,,,,,,,,,,
FALSE,,,,,,,,,,,,,,,,,,,,,,,,,,,,,,,,,,,
FALSE,,,,,,,,,,,,,,,,,,,,,,,,,,,,,,,,,,,
FALSE,,,,,,,,,,,,,,,,,,,,,,,,,,,,,,,,,,,
FALSE,,,,,,,,,,,,,,,,,,,,,,,,,,,,,,,,,,,
FALSE,,,,,,,,,,,,,,,,,,,,,,,,,,,,,,,,,,,
FALSE,,,,,,,,,,,,,,,,,,,,,,,,,,,,,,,,,,,
FALSE,,,,,,,,,,,,,,,,,,,,,,,,,,,,,,,,,,,
FALSE,,,,,,,,,,,,,,,,,,,,,,,,,,,,,,,,,,,
FALSE,,,,,,,,,,,,,,,,,,,,,,,,,,,,,,,,,,,
FALSE,,,,,,,,,,,,,,,,,,,,,,,,,,,,,,,,,,,
FALSE,,,,,,,,,,,,,,,,,,,,,,,,,,,,,,,,,,,
FALSE,,,,,,,,,,,,,,,,,,,,,,,,,,,,,,,,,,,
FALSE,,,,,,,,,,,,,,,,,,,,,,,,,,,,,,,,,,,
FALSE,,,,,,,,,,,,,,,,,,,,,,,,,,,,,,,,,,,
FALSE,,,,,,,,,,,,,,,,,,,,,,,,,,,,,,,,,,,
FALSE,,,,,,,,,,,,,,,,,,,,,,,,,,,,,,,,,,,
FALSE,,,,,,,,,,,,,,,,,,,,,,,,,,,,,,,,,,,
FALSE,,,,,,,,,,,,,,,,,,,,,,,,,,,,,,,,,,,
FALSE,,,,,,,,,,,,,,,,,,,,,,,,,,,,,,,,,,,
FALSE,,,,,,,,,,,,,,,,,,,,,,,,,,,,,,,,,,,
FALSE,,,,,,,,,,,,,,,,,,,,,,,,,,,,,,,,,,,
FALSE,,,,,,,,,,,,,,,,,,,,,,,,,,,,,,,,,,,
FALSE,,,,,,,,,,,,,,,,,,,,,,,,,,,,,,,,,,,
FALSE,,,,,,,,,,,,,,,,,,,,,,,,,,,,,,,,,,,
FALSE,,,,,,,,,,,,,,,,,,,,,,,,,,,,,,,,,,,
FALSE,,,,,,,,,,,,,,,,,,,,,,,,,,,,,,,,,,,
FALSE,,,,,,,,,,,,,,,,,,,,,,,,,,,,,,,,,,,
FALSE,,,,,,,,,,,,,,,,,,,,,,,,,,,,,,,,,,,
FALSE,,,,,,,,,,,,,,,,,,,,,,,,,,,,,,,,,,,
FALSE,,,,,,,,,,,,,,,,,,,,,,,,,,,,,,,,,,,
FALSE,,,,,,,,,,,,,,,,,,,,,,,,,,,,,,,,,,,
FALSE,,,,,,,,,,,,,,,,,,,,,,,,,,,,,,,,,,,
FALSE,,,,,,,,,,,,,,,,,,,,,,,,,,,,,,,,,,,
FALSE,,,,,,,,,,,,,,,,,,,,,,,,,,,,,,,,,,,
FALSE,,,,,,,,,,,,,,,,,,,,,,,,,,,,,,,,,,,
FALSE,,,,,,,,,,,,,,,,,,,,,,,,,,,,,,,,,,,
FALSE,,,,,,,,,,,,,,,,,,,,,,,,,,,,,,,,,,,
FALSE,,,,,,,,,,,,,,,,,,,,,,,,,,,,,,,,,,,
FALSE,,,,,,,,,,,,,,,,,,,,,,,,,,,,,,,,,,,
FALSE,,,,,,,,,,,,,,,,,,,,,,,,,,,,,,,,,,,
FALSE,,,,,,,,,,,,,,,,,,,,,,,,,,,,,,,,,,,
FALSE,,,,,,,,,,,,,,,,,,,,,,,,,,,,,,,,,,,
FALSE,,,,,,,,,,,,,,,,,,,,,,,,,,,,,,,,,,,
FALSE,,,,,,,,,,,,,,,,,,,,,,,,,,,,,,,,,,,
FALSE,,,,,,,,,,,,,,,,,,,,,,,,,,,,,,,,,,,
FALSE,,,,,,,,,,,,,,,,,,,,,,,,,,,,,,,,,,,
FALSE,,,,,,,,,,,,,,,,,,,,,,,,,,,,,,,,,,,
FALSE,,,,,,,,,,,,,,,,,,,,,,,,,,,,,,,,,,,
FALSE,,,,,,,,,,,,,,,,,,,,,,,,,,,,,,,,,,,
FALSE,,,,,,,,,,,,,,,,,,,,,,,,,,,,,,,,,,,
FALSE,,,,,,,,,,,,,,,,,,,,,,,,,,,,,,,,,,,
FALSE,,,,,,,,,,,,,,,,,,,,,,,,,,,,,,,,,,,
FALSE,,,,,,,,,,,,,,,,,,,,,,,,,,,,,,,,,,,
FALSE,,,,,,,,,,,,,,,,,,,,,,,,,,,,,,,,,,,
FALSE,,,,,,,,,,,,,,,,,,,,,,,,,,,,,,,,,,,
FALSE,,,,,,,,,,,,,,,,,,,,,,,,,,,,,,,,,,,
FALSE,,,,,,,,,,,,,,,,,,,,,,,,,,,,,,,,,,,
FALSE,,,,,,,,,,,,,,,,,,,,,,,,,,,,,,,,,,,
FALSE,,,,,,,,,,,,,,,,,,,,,,,,,,,,,,,,,,,
FALSE,,,,,,,,,,,,,,,,,,,,,,,,,,,,,,,,,,,
FALSE,,,,,,,,,,,,,,,,,,,,,,,,,,,,,,,,,,,
FALSE,,,,,,,,,,,,,,,,,,,,,,,,,,,,,,,,,,,
FALSE,,,,,,,,,,,,,,,,,,,,,,,,,,,,,,,,,,,
FALSE,,,,,,,,,,,,,,,,,,,,,,,,,,,,,,,,,,,
FALSE,,,,,,,,,,,,,,,,,,,,,,,,,,,,,,,,,,,
FALSE,,,,,,,,,,,,,,,,,,,,,,,,,,,,,,,,,,,
FALSE,,,,,,,,,,,,,,,,,,,,,,,,,,,,,,,,,,,
FALSE,,,,,,,,,,,,,,,,,,,,,,,,,,,,,,,,,,,
FALSE,,,,,,,,,,,,,,,,,,,,,,,,,,,,,,,,,,,
FALSE,,,,,,,,,,,,,,,,,,,,,,,,,,,,,,,,,,,
FALSE,,,,,,,,,,,,,,,,,,,,,,,,,,,,,,,,,,,
FALSE,,,,,,,,,,,,,,,,,,,,,,,,,,,,,,,,,,,
FALSE,,,,,,,,,,,,,,,,,,,,,,,,,,,,,,,,,,,
FALSE,,,,,,,,,,,,,,,,,,,,,,,,,,,,,,,,,,,
FALSE,,,,,,,,,,,,,,,,,,,,,,,,,,,,,,,,,,,
FALSE,,,,,,,,,,,,,,,,,,,,,,,,,,,,,,,,,,,
FALSE,,,,,,,,,,,,,,,,,,,,,,,,,,,,,,,,,,,
FALSE,,,,,,,,,,,,,,,,,,,,,,,,,,,,,,,,,,,
FALSE,,,,,,,,,,,,,,,,,,,,,,,,,,,,,,,,,,,
FALSE,,,,,,,,,,,,,,,,,,,,,,,,,,,,,,,,,,,
FALSE,,,,,,,,,,,,,,,,,,,,,,,,,,,,,,,,,,,
FALSE,,,,,,,,,,,,,,,,,,,,,,,,,,,,,,,,,,,
FALSE,,,,,,,,,,,,,,,,,,,,,,,,,,,,,,,,,,,
FALSE,,,,,,,,,,,,,,,,,,,,,,,,,,,,,,,,,,,
FALSE,,,,,,,,,,,,,,,,,,,,,,,,,,,,,,,,,,,
FALSE,,,,,,,,,,,,,,,,,,,,,,,,,,,,,,,,,,,
FALSE,,,,,,,,,,,,,,,,,,,,,,,,,,,,,,,,,,,
FALSE,,,,,,,,,,,,,,,,,,,,,,,,,,,,,,,,,,,
FALSE,,,,,,,,,,,,,,,,,,,,,,,,,,,,,,,,,,,
FALSE,,,,,,,,,,,,,,,,,,,,,,,,,,,,,,,,,,,
FALSE,,,,,,,,,,,,,,,,,,,,,,,,,,,,,,,,,,,
FALSE,,,,,,,,,,,,,,,,,,,,,,,,,,,,,,,,,,,
FALSE,,,,,,,,,,,,,,,,,,,,,,,,,,,,,,,,,,,
FALSE,,,,,,,,,,,,,,,,,,,,,,,,,,,,,,,,,,,
FALSE,,,,,,,,,,,,,,,,,,,,,,,,,,,,,,,,,,,
FALSE,,,,,,,,,,,,,,,,,,,,,,,,,,,,,,,,,,,
FALSE,,,,,,,,,,,,,,,,,,,,,,,,,,,,,,,,,,,
FALSE,,,,,,,,,,,,,,,,,,,,,,,,,,,,,,,,,,,
FALSE,,,,,,,,,,,,,,,,,,,,,,,,,,,,,,,,,,,
FALSE,,,,,,,,,,,,,,,,,,,,,,,,,,,,,,,,,,,
FALSE,,,,,,,,,,,,,,,,,,,,,,,,,,,,,,,,,,,
FALSE,,,,,,,,,,,,,,,,,,,,,,,,,,,,,,,,,,,
FALSE,,,,,,,,,,,,,,,,,,,,,,,,,,,,,,,,,,,
FALSE,,,,,,,,,,,,,,,,,,,,,,,,,,,,,,,,,,,
FALSE,,,,,,,,,,,,,,,,,,,,,,,,,,,,,,,,,,,
FALSE,,,,,,,,,,,,,,,,,,,,,,,,,,,,,,,,,,,
FALSE,,,,,,,,,,,,,,,,,,,,,,,,,,,,,,,,,,,
FALSE,,,,,,,,,,,,,,,,,,,,,,,,,,,,,,,,,,,
FALSE,,,,,,,,,,,,,,,,,,,,,,,,,,,,,,,,,,,
FALSE,,,,,,,,,,,,,,,,,,,,,,,,,,,,,,,,,,,
FALSE,,,,,,,,,,,,,,,,,,,,,,,,,,,,,,,,,,,
FALSE,,,,,,,,,,,,,,,,,,,,,,,,,,,,,,,,,,,
FALSE,,,,,,,,,,,,,,,,,,,,,,,,,,,,,,,,,,,
FALSE,,,,,,,,,,,,,,,,,,,,,,,,,,,,,,,,,,,
FALSE,,,,,,,,,,,,,,,,,,,,,,,,,,,,,,,,,,,
FALSE,,,,,,,,,,,,,,,,,,,,,,,,,,,,,,,,,,,
FALSE,,,,,,,,,,,,,,,,,,,,,,,,,,,,,,,,,,,
FALSE,,,,,,,,,,,,,,,,,,,,,,,,,,,,,,,,,,,
FALSE,,,,,,,,,,,,,,,,,,,,,,,,,,,,,,,,,,,
FALSE,,,,,,,,,,,,,,,,,,,,,,,,,,,,,,,,,,,
FALSE,,,,,,,,,,,,,,,,,,,,,,,,,,,,,,,,,,,
FALSE,,,,,,,,,,,,,,,,,,,,,,,,,,,,,,,,,,,
FALSE,,,,,,,,,,,,,,,,,,,,,,,,,,,,,,,,,,,
FALSE,,,,,,,,,,,,,,,,,,,,,,,,,,,,,,,,,,,
FALSE,,,,,,,,,,,,,,,,,,,,,,,,,,,,,,,,,,,
FALSE,,,,,,,,,,,,,,,,,,,,,,,,,,,,,,,,,,,
FALSE,,,,,,,,,,,,,,,,,,,,,,,,,,,,,,,,,,,
FALSE,,,,,,,,,,,,,,,,,,,,,,,,,,,,,,,,,,,
FALSE,,,,,,,,,,,,,,,,,,,,,,,,,,,,,,,,,,,
FALSE,,,,,,,,,,,,,,,,,,,,,,,,,,,,,,,,,,,
FALSE,,,,,,,,,,,,,,,,,,,,,,,,,,,,,,,,,,,
FALSE,,,,,,,,,,,,,,,,,,,,,,,,,,,,,,,,,,,
FALSE,,,,,,,,,,,,,,,,,,,,,,,,,,,,,,,,,,,
FALSE,,,,,,,,,,,,,,,,,,,,,,,,,,,,,,,,,,,
FALSE,,,,,,,,,,,,,,,,,,,,,,,,,,,,,,,,,,,
FALSE,,,,,,,,,,,,,,,,,,,,,,,,,,,,,,,,,,,
FALSE,,,,,,,,,,,,,,,,,,,,,,,,,,,,,,,,,,,
FALSE,,,,,,,,,,,,,,,,,,,,,,,,,,,,,,,,,,,
FALSE,,,,,,,,,,,,,,,,,,,,,,,,,,,,,,,,,,,
FALSE,,,,,,,,,,,,,,,,,,,,,,,,,,,,,,,,,,,
FALSE,,,,,,,,,,,,,,,,,,,,,,,,,,,,,,,,,,,
FALSE,,,,,,,,,,,,,,,,,,,,,,,,,,,,,,,,,,,
FALSE,,,,,,,,,,,,,,,,,,,,,,,,,,,,,,,,,,,
FALSE,,,,,,,,,,,,,,,,,,,,,,,,,,,,,,,,,,,
FALSE,,,,,,,,,,,,,,,,,,,,,,,,,,,,,,,,,,,
FALSE,,,,,,,,,,,,,,,,,,,,,,,,,,,,,,,,,,,
FALSE,,,,,,,,,,,,,,,,,,,,,,,,,,,,,,,,,,,
FALSE,,,,,,,,,,,,,,,,,,,,,,,,,,,,,,,,,,,
FALSE,,,,,,,,,,,,,,,,,,,,,,,,,,,,,,,,,,,
FALSE,,,,,,,,,,,,,,,,,,,,,,,,,,,,,,,,,,,
FALSE,,,,,,,,,,,,,,,,,,,,,,,,,,,,,,,,,,,
FALSE,,,,,,,,,,,,,,,,,,,,,,,,,,,,,,,,,,,
FALSE,,,,,,,,,,,,,,,,,,,,,,,,,,,,,,,,,,,
FALSE,,,,,,,,,,,,,,,,,,,,,,,,,,,,,,,,,,,
FALSE,,,,,,,,,,,,,,,,,,,,,,,,,,,,,,,,,,,
FALSE,,,,,,,,,,,,,,,,,,,,,,,,,,,,,,,,,,,
FALSE,,,,,,,,,,,,,,,,,,,,,,,,,,,,,,,,,,,
FALSE,,,,,,,,,,,,,,,,,,,,,,,,,,,,,,,,,,,
FALSE,,,,,,,,,,,,,,,,,,,,,,,,,,,,,,,,,,,
FALSE,,,,,,,,,,,,,,,,,,,,,,,,,,,,,,,,,,,
FALSE,,,,,,,,,,,,,,,,,,,,,,,,,,,,,,,,,,,
FALSE,,,,,,,,,,,,,,,,,,,,,,,,,,,,,,,,,,,
FALSE,,,,,,,,,,,,,,,,,,,,,,,,,,,,,,,,,,,
FALSE,,,,,,,,,,,,,,,,,,,,,,,,,,,,,,,,,,,
FALSE,,,,,,,,,,,,,,,,,,,,,,,,,,,,,,,,,,,
FALSE,,,,,,,,,,,,,,,,,,,,,,,,,,,,,,,,,,,
FALSE,,,,,,,,,,,,,,,,,,,,,,,,,,,,,,,,,,,
FALSE,,,,,,,,,,,,,,,,,,,,,,,,,,,,,,,,,,,
FALSE,,,,,,,,,,,,,,,,,,,,,,,,,,,,,,,,,,,
FALSE,,,,,,,,,,,,,,,,,,,,,,,,,,,,,,,,,,,
FALSE,,,,,,,,,,,,,,,,,,,,,,,,,,,,,,,,,,,
FALSE,,,,,,,,,,,,,,,,,,,,,,,,,,,,,,,,,,,
FALSE,,,,,,,,,,,,,,,,,,,,,,,,,,,,,,,,,,,
FALSE,,,,,,,,,,,,,,,,,,,,,,,,,,,,,,,,,,,
FALSE,,,,,,,,,,,,,,,,,,,,,,,,,,,,,,,,,,,
FALSE,,,,,,,,,,,,,,,,,,,,,,,,,,,,,,,,,,,
FALSE,,,,,,,,,,,,,,,,,,,,,,,,,,,,,,,,,,,
FALSE,,,,,,,,,,,,,,,,,,,,,,,,,,,,,,,,,,,
FALSE,,,,,,,,,,,,,,,,,,,,,,,,,,,,,,,,,,,
FALSE,,,,,,,,,,,,,,,,,,,,,,,,,,,,,,,,,,,
FALSE,,,,,,,,,,,,,,,,,,,,,,,,,,,,,,,,,,,
FALSE,,,,,,,,,,,,,,,,,,,,,,,,,,,,,,,,,,,
FALSE,,,,,,,,,,,,,,,,,,,,,,,,,,,,,,,,,,,
FALSE,,,,,,,,,,,,,,,,,,,,,,,,,,,,,,,,,,,
FALSE,,,,,,,,,,,,,,,,,,,,,,,,,,,,,,,,,,,
FALSE,,,,,,,,,,,,,,,,,,,,,,,,,,,,,,,,,,,
FALSE,,,,,,,,,,,,,,,,,,,,,,,,,,,,,,,,,,,
FALSE,,,,,,,,,,,,,,,,,,,,,,,,,,,,,,,,,,,
FALSE,,,,,,,,,,,,,,,,,,,,,,,,,,,,,,,,,,,
FALSE,,,,,,,,,,,,,,,,,,,,,,,,,,,,,,,,,,,
FALSE,,,,,,,,,,,,,,,,,,,,,,,,,,,,,,,,,,,
FALSE,,,,,,,,,,,,,,,,,,,,,,,,,,,,,,,,,,,
FALSE,,,,,,,,,,,,,,,,,,,,,,,,,,,,,,,,,,,
FALSE,,,,,,,,,,,,,,,,,,,,,,,,,,,,,,,,,,,
FALSE,,,,,,,,,,,,,,,,,,,,,,,,,,,,,,,,,,,
FALSE,,,,,,,,,,,,,,,,,,,,,,,,,,,,,,,,,,,
FALSE,,,,,,,,,,,,,,,,,,,,,,,,,,,,,,,,,,,
FALSE,,,,,,,,,,,,,,,,,,,,,,,,,,,,,,,,,,,
FALSE,,,,,,,,,,,,,,,,,,,,,,,,,,,,,,,,,,,
FALSE,,,,,,,,,,,,,,,,,,,,,,,,,,,,,,,,,,,
FALSE,,,,,,,,,,,,,,,,,,,,,,,,,,,,,,,,,,,
FALSE,,,,,,,,,,,,,,,,,,,,,,,,,,,,,,,,,,,
FALSE,,,,,,,,,,,,,,,,,,,,,,,,,,,,,,,,,,,
FALSE,,,,,,,,,,,,,,,,,,,,,,,,,,,,,,,,,,,
FALSE,,,,,,,,,,,,,,,,,,,,,,,,,,,,,,,,,,,
FALSE,,,,,,,,,,,,,,,,,,,,,,,,,,,,,,,,,,,
FALSE,,,,,,,,,,,,,,,,,,,,,,,,,,,,,,,,,,,
FALSE,,,,,,,,,,,,,,,,,,,,,,,,,,,,,,,,,,,
FALSE,,,,,,,,,,,,,,,,,,,,,,,,,,,,,,,,,,,
FALSE,,,,,,,,,,,,,,,,,,,,,,,,,,,,,,,,,,,
FALSE,,,,,,,,,,,,,,,,,,,,,,,,,,,,,,,,,,,
FALSE,,,,,,,,,,,,,,,,,,,,,,,,,,,,,,,,,,,
FALSE,,,,,,,,,,,,,,,,,,,,,,,,,,,,,,,,,,,
FALSE,,,,,,,,,,,,,,,,,,,,,,,,,,,,,,,,,,,
FALSE,,,,,,,,,,,,,,,,,,,,,,,,,,,,,,,,,,,
FALSE,,,,,,,,,,,,,,,,,,,,,,,,,,,,,,,,,,,
FALSE,,,,,,,,,,,,,,,,,,,,,,,,,,,,,,,,,,,
FALSE,,,,,,,,,,,,,,,,,,,,,,,,,,,,,,,,,,,
FALSE,,,,,,,,,,,,,,,,,,,,,,,,,,,,,,,,,,,
FALSE,,,,,,,,,,,,,,,,,,,,,,,,,,,,,,,,,,,
FALSE,,,,,,,,,,,,,,,,,,,,,,,,,,,,,,,,,,,
FALSE,,,,,,,,,,,,,,,,,,,,,,,,,,,,,,,,,,,
FALSE,,,,,,,,,,,,,,,,,,,,,,,,,,,,,,,,,,,
FALSE,,,,,,,,,,,,,,,,,,,,,,,,,,,,,,,,,,,
FALSE,,,,,,,,,,,,,,,,,,,,,,,,,,,,,,,,,,,
FALSE,,,,,,,,,,,,,,,,,,,,,,,,,,,,,,,,,,,
FALSE,,,,,,,,,,,,,,,,,,,,,,,,,,,,,,,,,,,
FALSE,,,,,,,,,,,,,,,,,,,,,,,,,,,,,,,,,,,
FALSE,,,,,,,,,,,,,,,,,,,,,,,,,,,,,,,,,,,
FALSE,,,,,,,,,,,,,,,,,,,,,,,,,,,,,,,,,,,
FALSE,,,,,,,,,,,,,,,,,,,,,,,,,,,,,,,,,,,
FALSE,,,,,,,,,,,,,,,,,,,,,,,,,,,,,,,,,,,
FALSE,,,,,,,,,,,,,,,,,,,,,,,,,,,,,,,,,,,
FALSE,,,,,,,,,,,,,,,,,,,,,,,,,,,,,,,,,,,
FALSE,,,,,,,,,,,,,,,,,,,,,,,,,,,,,,,,,,,
FALSE,,,,,,,,,,,,,,,,,,,,,,,,,,,,,,,,,,,
FALSE,,,,,,,,,,,,,,,,,,,,,,,,,,,,,,,,,,,
FALSE,,,,,,,,,,,,,,,,,,,,,,,,,,,,,,,,,,,
FALSE,,,,,,,,,,,,,,,,,,,,,,,,,,,,,,,,,,,
FALSE,,,,,,,,,,,,,,,,,,,,,,,,,,,,,,,,,,,
FALSE,,,,,,,,,,,,,,,,,,,,,,,,,,,,,,,,,,,
FALSE,,,,,,,,,,,,,,,,,,,,,,,,,,,,,,,,,,,
FALSE,,,,,,,,,,,,,,,,,,,,,,,,,,,,,,,,,,,
FALSE,,,,,,,,,,,,,,,,,,,,,,,,,,,,,,,,,,,