product_id,parent_product_id,title,description,features
B0FL1LT35Z,B0FL1LT35Z,"2pcs Ear Care Drops Gentle Formula, Tinnitus Relief for Ringing Ears, Botanical Extracts, Unblocking Secretions, Easy to Use & Portable for Men & Women(30ML)",,"【Multi-effect Care】This ear care drops in response to the triple need for a balanced ear environment, regular use can effectively dissolve earwax, clear blocked secretions, and reduce the sensation of tinnitus or buzzing.; 【Gentle Formula】nature ear care drops are formulated with gentle botanical ingredients, hypoallergenic and non-irritating, provide a gentle experience for your ears.; 【Dropper Design】The humanized long-necked dropper tip combined with an anti-slip handle allows for precise control of the amount used with one hand, preventing liquid from dripping.; 【Portable Companion】Mini bottle body, can be put into a cosmetic bag, a commuter bag or even a pocket. When traveling by air or staying during business trips, always keep your ears clean and bid farewell to the trouble of earwax accumulation.; 【Suitable for All Ages】Ear Care Drops are suitable for all ages, providing effective ear cleaning without causing discomfort or sensitivity."
B0DT2C45KS,B0DT2C45KS,"Alpha & Omega Nutrition Hair, Skin & Nails with Biotin, Vitamin Supplement, Lustrous Hair, Healthy Nails and Vibrant Skin for Women, 5000mcg, 120 Gummies, Gluten Free, All Natural, 2 Month Supply",,"Alpha & Omega Nutrition for Hair, Skin & Nails, the supplement in gummy form is formulated to enhance your beauty routine with great ingredients; Supports Beautiful Hair, Glowing Skin and Health Nails, All Natural flavored gummies contain biotin to support healthy hair; skin and nails plus antioxidants C and E; With Beauty Supporting BIOTIN: Alpha & Omega Nutrition Hair, Skin & Nails Gummies contain beauty-supporting biotin, a vital nutrient that helps to maintain healthy hair while supporting overall beauty; Dietary Compliant ---- Made without gluten, dairy, & soy. Free of synthetic colors and artificial flavors.; How To Use ---- Just take 2 Alpha & Omega Nutritions Gummies each day at anytime, as part of your daily wellness regimen."
B0FDL2XVQB,B0FDL2XVQB,"Anitiate Tinnitus Relief for Ringing Ears, Tinnitus Relief Spray Effective for Tinnitus Treatment, Relieve Ear Ringing & Reduce Noise, Improve Hearing & Discomfort for Women & Men, 1 FL.OZ 1Pack",,"Tinnitus Relief for Ringing Ears: Specifically formulated for tinnitus relief, this spray targets buzzing, clicking, or hissing sounds directly, echofree, ear wax removal, easing the persistent noise to restore quiet moments in your daily routine; Tinnitus Relief Spray: Crafted with gentle herbal extracts, like ginseng and licorice root, it focuses on ear tinnitus treatment without harsh chemicals. Soothes discomfort and supports ear health, suitable for sensitive ears to use daily; Tinnitus Relief: The ear ringing relief tinnitus acts quickly to reduce tinnitus symptoms—minimizing ear noise interference to help you stay focused on work, conversations, or tasks, with less risk of memory strain; Relieva for Tinnitus: Beyond quick relief, can be improves ear circulation, calms nighttime ringing for better sleep, ear wax removal, earache and supports long-term ear wellness; Tinnitus Relief Device: Compact, easy to use spray design, simply spray lightly into the ear. Fits in pockets or purses for on-the-go tinnitus relief whenever you need it"
B0CHX7H2FW,B0CHX7H2FW,"Arches Tinnitus Stress Formula – B-Complex Vitamin for Tinnitus Related Stress, 180 Count Bottle, 3 Month Supply","For Stress due to Tinnitus This high potency, B-Complex vitamin can help alleviate the frustration due to the effects of tinnitus related stress. Stress is the number one aggravator of tinnitus. B Vitamins are consumed by the body at an accelerated rate when under stress. B-Vitamins are water soluble and must be replaced on a daily basis to manage stress and to enhance your use of Arches Tinnitus Formula. Should be taken with Arches Tinnitus B12 Formula for a full range of B-vitamins. Each bottle has 180 high-potency, stress relieving capsules. A 90-day supply – at recommended dosage of 2 capsules daily.","This high quality supplement is great for anyone who deals with tinnitus, stress, or B-Vitamin deficiency; Alleviates tinnitus related stress from ringing ears; Improves mood and outlook, and supports healthy hearing; High potency B-Complex vitamin; Replenishes depleted b vitamins"
B0FHRNVRNT,B0FJV3QBT2,Audio Calm Night (120 Caps) | Natural Tinnitus Relief Supplement for Sleep | Eases Nighttime Ear Ringing and Hearing Discomfort | Non-Habit Forming Sleep Aid,,"Gentle Relief for Nighttime Ear Ringing: If ear ringing keeps you up at night, Audio Calm Night can help. This natural formula supports relief from tinnitus symptoms while promoting a calm, quiet mind so you can drift off easier.; Sleep Better and Wake Up Refreshed: Fall asleep faster and enjoy deeper, more restful sleep. This supplement is made to help you relax, unwind, and stay asleep through the night—without feeling groggy in the morning.; Comfort for Sensitive Ears: Whether you struggle with sensitivity to sound or hearing discomfort that interferes with sleep, Audio Calm Night helps lower noise sensitivity and supports hearing wellness while you rest.; Made with Organic Ingredients and No Harsh Additives: Our formula is 100% organic, non-habit forming, and free from artificial fillers. It’s safe to use nightly and designed to work with your body—not against it.; Easy-to-Take Capsules with 1-Month Supply: Each bottle contains 60 capsules, enough for 30 nights of support. Just take two before bed and let the calming blend do the rest."
B0CYQGD9T3,B0CYQL2XP9,"Biotin 5000mcg Gummies with VIT A, B12, C, D3, E + Folic Acid (Vegan Biotin)","Why supplement gummies might be a great addition to your routine: - Delicious and Convenient: Gummies come in a variety of flavors and are like little treats you can enjoy every day. They're much more enjoyable to take than traditional pills or tablets. - Easy to Swallow: For those who have trouble swallowing pills or capsules, gummies offer a tasty alternative. They're soft and chewable. - On-the-Go Support: Gummies are easy to take with you wherever you go. Whether you're traveling, at work, or just out and about, you can conveniently carry your supplements with you and take them whenever you need a little extra support. - Overall, supplement gummies offer a convenient, tasty, and effective way to support your life and well-being. So why not give them a try and see the difference they can make in your daily routine? - Quality You Can Trust: Formulated with high-quality ingredients and manufactured in a state-of-the-art facility, our gummies are non-GMO, gluten-free, and free from artificial colors and flavors. - OhGummi is proudly USA owned company. - Legal Disclaimer: - Statements regarding dietary supplements have not been evaluated by the FDA and are not intended to diagnose, treat, cure, or prevent any disease or health condition.",Dietary Supplement Gummies; Vegan Gummies; Non-GMO; Natural Ingredients; USA Certified Brand; Nails and Hair Growth; Anti-Aging; Antioxidant; Pectin Gummies; Vitamin c
B096M7MD5Q,B096M7MD5Q,"Biotin Gummies for Hair Growth 5100 mcg - Hair, Skin, and Nails Vitamins for Men & Women - with Folic Acid, Vitamins A, C, E & D and Extra Strength for Faster Hair and Nail Growth, 60 Gummies",,"NUTRITION EXPERTS: Our biotin hair gummies, containing 5100 mcg for hair, skin, and nails, have gained the approval of a vast majority, with an equally high percentage willing to recommend them to clients. Our supplements are crafted using only pure, genuine ingredients.; OPTIMAL DOSAGE: Nothing But the dose you need in a hair, skin, and nails gummy for faster hair growth. Our biotin gummies for hair growth have a powerful formula that blends 630 g of vitamin A, 20 mg of vitamin C & 7.4 mg of vitamin E to combat damage from free radicals.; BIOAVAILABLE WITH SKIN-BOOST: Our Skin-Boost formula combines biotin hair gummies with retinyl acetate (vitamin A) and dl-alpha-tocopherol-acetate (vitamin E). These BOOST BIOTIN ABSORPTION faster skin regeneration.; POTENT FORMULA WITH BIO-BOOST: Our biotin hair growth gummies formula combines the benefits of folic acid and biotin. As cell reproduction lowers folic acid and biotin work synergistically to increase cell reproduction.; CLEANER FORMULA: Our hair biotin gummies use only NATURAL STRAWBERRY and carrot JUICE, unlike brands that use artificial colors and flavors. Ours has a sugar content of only 3g per serving, while others use up to 8g. We don't use animal gelatin, silicon dioxide, or cellulose."
B0FQ29S1KS,B0FQ29S1KS,"CMAINZE Tinnitus Relief for Ringing Ears, Tinnitus Treatment for Ear Ringing Relief, Natural Tinnitus Relief Spray, Reduce Ear Noise & Improve Hearing, 30 ml","How To Use 1. Shake well before each use to ensure proper mixing of the ingredients. 2. Remove the cap from the bottle. Hold the bottle upright and carefully place the nozzle near the entrance of the affected ear. 3. Squeeze the bottle gently to release a few drops of the solution into your ear canal. Do not insert the nozzle too deeply into the ear.Notes 1. For external use only. 2. Please perform a skin test before use. 3. If allergy or other adverse reactions occur after use, please stop use immediately. 4. Do not apply to wounds or skin ulcers to prevent infection. 5. Keep out of the reach of children.","NATURAL TINNITUS RELIEF: Say goodbye to annoying noises in your ears! Our tinnitus relief spray for ringing ears works effectively to reduce the ringing, buzzing and roaring. The best tinnitus relief spray for men and women.; EFFECTIVE EAR CARE: Our tinnitus treatment spray is specially designed to protect your ear's health. It helps relieve tinnitus symptoms and leaves your ears feeling refreshed and comfortable.; HERBAL SUPPORT FORMULA: This ear ringing relief liquid is formulated with a variety of natural plant extracts such as Ginkgo Biloba, Licorice Root and Ginseng. The herbal formula is mild and safe, so there is no need to worry about irritation.; BRING LONG-LASTING PEACE: Experience tranquility and ear relaxation with our product. Our spray protects you from being disturbed by noise, giving you long-lasting peace and concentration.; EASY TO USE SPRAY: With a spray bottle design, our ear pain relief product is easy to use. Simply spray to the affected ear daily to maintain ear comfort."
B0DK5X2VC4,B0DK5X2VC4,"Cleartone Tinnitus Relief for Ringing Ears Capsules, Cleartone Ear Pills Supplement, Clear Tone Tinnitus Treatment, Calming Ear Ringing Relief - Maximum Strength, Cleartone Reviews (60 Capsules)","Cleartone Tinnitus Treatment Capsule, Cleartone Ear Pills for Tinnitus, Clear Tone Tinnitus for Ringing Ears, Calming Ear Ringing Relief - Maximum Strength, Cleartone Capsules Reviews",Cleartone Tinnitus Treatment Capsule; Cleartone Ear Pills for Tinnitus; Clear Tone Tinnitus for Ringing Ears; Calming Ear Ringing Relief - Maximum Strength; Cleartone Capsules Reviews
B0FC5LXZ73,B0FNWMNQSS,"Crislan Tinnitus Rêliêf for Ringing Ears, Tinnitus Rêliêf Spray for Tinnitus Treatment, Effectively Ear Wax Removal Spray for Tinnitus, Ear Back, Ear Discomfort, Earache and Improve Hearing, 1 Fl Oz","Are you sensitive to sound and suffering from tinnitus?
Do you have earache due to blocked ear canal?
Ear health is important to everyone, and we must protect our ears in all aspects. If you have the above problems, please try our tinnitus rêliêf spray for ear care. It can effectively rêliêvê tinnitus, ear back, ear discomfort, earache and improve hêaring.
Why Choose Us?
1.Tinnitus rêliêf for ringing ears, get rid of all kinds of noise
2. Mild herbal formula to reduce ear sensitivity
3.1 oz large capacity tinnitus rêliêf spray, more cost-effective
4. The spray is easy to absorb, ear ringing rêliêf quickly
5.Ear wax removal to keep the ear canal hygienic and healthy
6. Nozzle design, easy and faster to use
How to Use?
Step 1: Shake bottle well before each use to ensure ingredients are fully mixed
Step 2: Remove the cap from the bottle and carefully place the nozzle close to the entrance of the affected ear
Step 3: Gently squeeze the bottle and place a few drops of solution into the ear canal. Do not insert the nozzle too far into your ear
Applicable Situations:
1. People suffering from tinnitus, ear back, ear discomfort, earache and other problems
2. People whose ears are not healthy and affect their mood, life and work
3. Suitable for men and women
Warm Tips:
1.This product is a professional and effective herbal tinnitus rêliêf spray, please insist on using it to achieve the best results.
2. If you have any questions or are not satisfied with this herbal tinnitus rêliêf spray, please contact us immediately and our professional customer service team will answer you as soon as possible.","[Tinnitus Rêlief] The tinnitus rêlief spray for tinnitus treatment can help you get rid of all kinds of uncomfortable sounds, so that your tinnitus problem will no longer trouble your mood, life and work.; [Comprehensive Ear Protection] Soften and eliminate ear wax, ear wax removal spray effectively prevent ear infections, keep your ear canal healthy and hygienic, and rêlieve tinnitus, earache, and helps improve hêaring and concentration.; [Gentle Herbal Ingredients] It is made from a variety of natural herbal ingredients, including golden leaf extract, licorice root extract, ginseng extract, etc. You can use this tinnitus rêlief spray with confidence for ear ringing rêlief.; [Easy to Absorb] Quickly promote blood circulation in the ears, Our high-quality tinnitus rêlief spray absorbs faster than drops and patches.; [Convenient Nozzle Design] The tinnitus rêlief spray has a specially designed nozzle, which is more convenient for you to use. You can control the volume of the solution at will."
B0FG91R7B7,B0FT16YT2L,"DQQI Tinnitus Relief for Ringing Ears, 120 Capsules Supplement with Vitamin C & B Complex, Supports Ear Health, Reduces Ringing in Ears, Promotes Hearing Wellness & Comfort","HOW TO USE:

Take 2 capsules per day, 60 Day Supply

Can be taken at any time of the day - before, during or after meals

CAUTION:

Keep out of reach of children. Always speak to your physician before using any dietary supplement. Do not use if tamper-proof seal is broken or missing.","Relieves Tinnitus - Tinnitus relief supplement can effectively relieve tinnitus and reduce buzzing, clicking, and other tinnitus symptoms. You will no longer have to endure the effects of inexplicable sounds in your ears; Enhances Focus and Memory - Tinnitus relief for ringing ears supplement can improve your memory and concentration so you won't be interrupted in your thinking by tinnitus, reducing your risk of memory impairment; Calms Your Nervous System - The advanced formula tinnitus treatment supplement improve blood circulation, relieve headaches, and reduce sensitivity to ear noise; Gentle & Effective Formula - Our tinnitus relief supplement contains a variety of natural vitamins and provides antioxidant support to protect the ear nerve, bringing you into a realm of potential tinnitus relief; Recommend - Simply take 2 capsules daily for a 60-day supply, providing consistent support for your hearing health"
B0FGCQ1DW1,B0FGCQ1DW1,"DankTips Tinnitus Relief for Ringing Ears, Tinnitus Relief Spray, Ringing Treatment for Ear Noise & Interference, Improves Hearing",Tinnitus Relief: The tinnitus relief for ringing ears spray is effective in relieving your symptoms of ear noise such as tinnitus; buzzing & tapping; Let you no longer fidget because of tinnitus; bring you quiet,Tinnitus Relief: The tinnitus relief for ringing ears spray is effective in relieving your symptoms of ear noise such as tinnitus; buzzing & tapping; Let you no longer fidget because of tinnitus; bring you quiet; Natural & Mild: Tinnitus treatment spray work by acting directly on the skin deep inside the ear & diffusing the active ingredients; all derived from natural plants; to gently relieve tinnitus; Improving Attention: Reduce tinnitus interference; improve attention; make you more focused on work; reduce the ear is sensitivity to noise; reduce the risk of memory damage; Fast & Comfortable: Tinnitus spray is designed to help you quickly relieve tinnitus by acting deep inside the ear; quickly acting on key points to instantly relieve tinnitus symptoms; Easy to Use: This tinnitus relief comes in spray form; and the compact bottle makes it easy for you to carry & use; All you need to do is lightly spray it in your ear
B0FJQZZSH6,B0FJQZZSH6,"Deepure Tinnitus Auditory Support Capsules-Day & Night Formula with Magnesium Ginkgo and Ashwagandha for Focus,Sleep,Inner Ear Comfort Promote Quieter Mental Clarity Non-GMO Vegan Formula 120 Count",,"Dual-Action Support Tinnitus: Our unique system offers tailored support for both morning and night. Start your day with capsules that spark focus and clarity, then unwind in the evening with L-Theanine capsules that invite truly restorative sleep; Swallow Easy: With two handy bottles to keep things organized, these small, odorless capsules are a breeze to take and perfect for life on the go. Soothe and support your inner ear health for peaceful, quieter days wherever you are; Maintain Inner Ear Health: Nurture your inner ear with a blend of Ginkgo Biloba and Magnesium, crafted to boost circulation, enhance comfort, and gently quiet your response to everyday sounds for a more peaceful auditory experience; Natural & Effective: A powerful blend of essential vitamins (B12, C), minerals (Zinc, Mg), and botanicals (Ginkgo, ALA) works in harmony to silence noisy ears at the root, revitalizing nerves and shielding you from discomfort caused by inflammation; Customer-Proven Formula: Carefully crafted, Deepure blends powerful bioflavonoids with vital nutrients to create a standout tinnitus supplement. It is vegan, gluten-free, and non-GMO, making it a thoughtful choice for a wide range of dietary preferences"
B0F2T5H6JT,B0F93BSLN1,"Ear Pressure Relief Device for Alleviating Migraine, Tension, and Tinnitus - Ringing Ears Solution, Headache Relief Cap, Airplane-Friendly, Includes 3 Sizes of Soft Earplugs - Sleek Gray (Black)",,"Instant Relief-Quickly alleviate ear pressure with this tool that gently stimulates the inner ear using light air pressure. It provides immediate relief from discomfort caused by ear ringing, motion sickness, or pressure changes.; Natural & Safe-Experience a natural, drug-free solution to relieve tension, stress, insomnia, and migraines. This device uses gentle pressure stimulation, offering effective relief without medication or invasive procedures.; Soft & Comfortable-Crafted from soft silicone, this ear pressure regulator fits comfortably in the ear canal, ensuring no irritation to the eardrum. Its gentle touch guarantees a soothing experience with no side effects.; Portable & Convenient-Designed for on-the-go relief, this compact ear pressure tool is easy to carry. Perfect for travel, it’s your ideal companion whether you're on a plane, in a car, or at home – providing instant relief whenever needed.; Versatile & Effective*This ear pressure adjuster is perfect for relieving discomfort from conditions like tinnitus, motion sickness, airplane ear pressure, and boat rides. Its versatility makes it a must-have for various situations."
B0F24M2RBK,B0F24M2RBK,"Ear Pressure Relief Device for Migraines & Headaches - Suction Tool for Tinnitus & Airplane Ear, with Premium Travel Pouch | Inner Ear Balance, Natural Tension Relief",,"Naturally Reduces Tension: Gently stimulates the inner ear using a non-invasive air-based method to naturally reduce built-up pressure and tension in the head. Experience a calming sensation within minutes of use.; Support for Migraine & Headache Discomfort: Designed to help ease pressure-related symptoms commonly associated with migraines and general head tightness. A natural complement to your daily comfort routine.; Inner Ear Balance Tool: Promotes natural balance within the inner ear by regulating subtle air pressure shifts—ideal for users sensitive to pressure changes or prone to ringing in the ears.; Contact the seller via Amazon to secure a 90-day risk-free trial and 1-year warranty for the Ear Pressure Device; for optimal results, use it 3-5 times daily for 3-4 weeks, referencing the user manual before use.; Velvet Storage Pouch Included: Comes with a premium velvet storage bag for easy organization and portability. Whether used at home or on the go, your relief tool is always protected and ready."
B0FD9B1DDK,B0FLJS7MLP,"Ear Pressure Relief Device, Tinnitus Relief for Ringing Ears, Ideal for Flights, Portable & Effective Ear Wax Removal Tool, Grey",,"Tinnitus Relief for Ringing Ears: This ear pressure relief device, a best tinnitus relief option, helps reduce ear tension and offers quick ear tinnitus relief by gently stimulating the ear with slight air pressure. It relieves discomfort from ear pressure, symptoms of tinnitus or motion sickness; Soft & Gentle: Crafted from soft silicone, this ear pressure relief device fits comfortably in the outer ear. Its gentle touch ensures a soothing experience for ear tinnitus relief, easing both pressure and tinnitus, related discomfort; Easy to Carry: Designed for portability, this compact ear pressure relief device is ideal for travel and daily use. Whether flying, driving, or at home, it helps quickly provide tinnitus relief and ease ear pressure whenever needed; Versatile Use: This ear pressure relief device helps ease discomfort from tinnitus, motion sickness, related ear pressure, or discomfort caused by air travel and boat rides, making it a practical choice for tinnitus relief in various situations; Perfect Gift Choice: An ideal gift for family and friends, this ear pressure relief device helps ease ear pressure, provide tinnitus relief ear, and offer relief migraine, enabling them to enjoy daily activities with greater comfort"
B0F8BFWZVV,B0FJSFNSG2,"Ear Pressure Relief Suction Device, Migraine Ear Pressure Relief Products, Airplane Ear Tinnitus Relief Through Inner Ear Pressure Balance, Reduces Tension with 3 Sizes Earplugs",,"【Instant relief】This reduce tension ear pressure tool provides immediate relief by gently stimulating the inner ear with slight air pressure. It effectively alleviates discomfort caused by ear ringing or motion sickness-related inner ear pressure.; 【Natural and safe】The ear pressure relief device offers a natural and safe solution to reduce tension, stress, and symptoms like insomnia and migraines. It achieves this through gentle pressure stimulation, without the need for medication or invasive procedures.; 【Soft and gentle】Made from soft silicone material, the ear pressure regulator is designed to fit snugly in the ear canal without irritating the eardrum. Its gentle touch ensures a comfortable experience, and it does not have any side effects.; 【Convenient and portable】The inner ear pressure relief tool is highly portable and convenient to carry. Its compact size makes it perfect for travel and everyday use. Whether you're on a plane, in a car, or at home, you can easily relieve inner ear pressure whenever needed.; 【Versatile application】This ear pressure adjuster is versatile and can be used for various purposes. It effectively relieves ear pressure caused by conditions like tinnitus, motion sickness and air travel or boat rides."
B0F842T9CS,B0F842T9CS,"Ear Pressure Relief Suction Device, Migraine and Headache Relief Products, Airplane Ear Pressure Relief Through Inner Ear Pressure Balance, Reduces Tension, with 3 Sizes of Earplugs",,"【Instant relief】This reduce tension ear pressure tool provides immediate relief by gently stimulating the inner ear with slight air pressure. It effectively alleviates discomfort caused by ear ringing or motion sickness-related inner ear pressure.; 【Natural and safe】The ear pressure relief device offers a natural and safe solution to reduce tension, stress, and symptoms like insomnia and migraines. It achieves this through gentle pressure stimulation, without the need for medication or invasive procedures.; 【Soft and gentle】Made from soft silicone material, the ear pressure regulator is designed to fit snugly in the ear canal without irritating the eardrum. Its gentle touch ensures a comfortable experience, and it does not have any side effects.; 【Convenient and portable】The inner ear pressure relief tool is highly portable and convenient to carry. Its compact size makes it perfect for travel and everyday use. Whether you're on a plane, in a car, or at home, you can easily relieve inner ear pressure whenever needed.; 【Versatile application】This ear pressure adjuster is versatile and can be used for various purposes. It effectively relieves ear pressure caused by conditions like tinnitus, motion sickness and air travel or boat rides."
B0DV5SJ78Z,B0DV5SJ78Z,Ear Ringing Neuro Quiet Pro - Improved Formula - Our Best Hearing Improvement Supplement - Tinnitus Relief for Ringing Ears - Stop Ear Ringing Remedy - Ear Health Supplements Clear Tinnitus Ear Pills,"Ear Ringing Neuro Quiet Pro is a premium neuro quiet supplement designed to support ear health and promote ringing in ears relief for those experiencing buzzing or hissing sounds. Our best supplements for ear ringing relief contain ingredients to promote auditory wellness. Whether seeking a ear hissing treatment, hear all supplement, hearing repair supplements, supplements for hearing loss, vision and hearing supplement, or an ear herbal supplement, our holistic formula can help support your goals. For those looking at various things for tinnitus treatment options these neuro quiet pills provide a natural approach to supporting inner ear function.

Tittinus ear ringing pills are an easy addition to any wellness routine. This hearing loss supplement for buzzing in ears tinnitus control is formulated with nutrients to help maintain healthy hearing. Whether you're looking for lipoflavonoid for tinnitus ears ringing or hearing health supplements, choose our best tinnitus relief for ringing ears gummies capsules. These ear ringing tinnitus pills support healthy circulation while helping reduce swelling and oxidative stress.

These tinnitus supplements for buzzing or hissing in ears contain a blend of vitamins, minerals, herbs, and antioxidants. Whether you're seeking anti tinnitus ear ringing vitamins, homeopathic tinnitus relief products, or asking how i cured my tinnitus buzzing ears, this bioflavonoids for tinnitus help formula is designed to support your journey. These hissing ear tinnitus relief pills promote clear auditory function.","COMPREHENSIVE EAR & HEARING SUPPORT - Ear Ringing Neuro Quiet Pro is our best ear supplement, designed for individuals experiencing persistent ringing, buzzing or hissing in ears. These inner ear health supplements for adults provide essential nutrients to help support auditory health, maintain inner ear function, and promote long-term hearing wellness.; PROMOTE INNER EAR HEALTH - With a well-balanced formula, this inner ear plus supplement delivers key vitamins, minerals, and botanicals to nourish auditory health and maintain circulation to the ears. Our hearing care supplement for ears works to maintain ear health and clarity while providing nutrients found in a lipo-flavonoid night ear health supplement for optimal support.; HELP REDUCE EAR RINGING - These ultimate tinnitus relief stop ear ringing natural remedy capsules are formulated with ingredients that help reduce oxidative stress and optimal inner ear balance. Whether you need a nutritional supplement for tinnitus relief for ringing ears, a natural tinnitus blocker ear supplement, or gaba tinnitus ringing ear supplement for hearing this formula works to support overall ear wellness. With its targeted blend of nutrients, these ear tone supplement pills for ears ringing help maintain a balance auditory system.; EASY TO TAKE FOR DAILY SUPPORT - These convenient hearing support supplements fit seamlessly into any wellness routine. Simply take pastillas tinnitus as directed to experience the benefits of supplements to stop ear ringing & hissing in my ears with natural ingredients for long-term auditory health support. These ear supplements are meant to be taken consistently to help maintain optimal hearing and inner ear health.; MADE IN THE USA - Our best lipo-flavonoid advanced inner ear balance support dietary supplement is designed and manufactured in the United States, adhering to strict quality standards to ensure the quality, consistency, safety, and efficacy while supporting local businesses."
B0DTLRS6NP,B0DTLRS6NP,Ear Ringing Silence Guardian Pro - Improved Advanced Ear Ringing Support Formula - Tinnitus Relief for Ringing Ears - Tinnitus Pills - Hearing Loss Supplement Ringing in Ears Relief Tinnitus Treatment,"Ear Ringing Silence Guardian Pro are our best supplements for ear ringing relief designed to support ear health and help with ringing, buzzing, or hissing sounds. The silence guardian advanced ear formula provides key nutrients to promote auditory wellness. If you experience ongoing noise, these silence guardian capsules are made to support healthy hearing. Formulated with essential vitamins, minerals, and botanical extracts, this homeopathic tinnitus relief supplement is for those looking for natural ear support. It's easy to add tinnitus supplements to stop ear ringing & hissing to your wellness routine. If you're searching for tinnitus ear ringing pills, bioflavonoids for tinnitus control, or a buzz tinnitus relief for ringing ears gummies alternative, choose silence guardian pills to support your goals. These clear tinnitus capsules are designed to complement daily hearing care. If you need a hear all supplement for buzzing or hissing in ears, stop tinnitus hissing ear pills, or ear tinnitus relief pills, this formula supports overall auditory health. These ear health supplements for hearing support are designed for those asking how i cured my tinnitus hissing in my ears, making it a ideal ear supplement for hearing loss ear ringing for women and men option. If you’re looking for lipoflavonoid for tinnitus buzzing in ears, tittinus ear ringing pills, or a GABA tinnitus ear ringing remedy, this supplement offers targeted support. It also serves as anti tinnitus help for those seeking natural options. As part of a balanced lifestyle, these tinnitus noise cancelling ear ringing vitamins support healthy hearing and inner ear health. For those researching things for tinnitus, buzzing ears tinnitus blocker, or vision and hearing supplement ear hissing treatment, this formula offers a well-rounded approach. Whether you need hearing health supplements to improve hearing loss or inner ear health supplements for adults, choose Ear Ringing Silence Guardian Pro. Order today!","COMPREHENSIVE HEARING SUPPORT - Ear Ringing Silence Guardian Supplement for hearing health is a premium ear pill designed for individuals looking to maintain optimal ear function and overall auditory wellness. This advanced hearing care supplement delivers targeted nutrients to support ear health.; RELIEF FOR RINGING & HISSING - Whether you experience occasional ringing or persistent noise disturbances, this formula works as an ear ringing tinnitus aid to support inner ear health. For those exploring ear ringing tinnitus relief products and hearing supplements to help stop hissing in my ear, this hearing improvement supplement contains ingredients to promote overall hearing and ear health.; ADVANCED EAR HEALTH FORMULA - This ear tone supplement provides a synergistic blend of vitamins, minerals, herbal extracts, and antioxidants to support auditory function. Our hearing support supplements for hearing loss capsules promote inner ear circulation and overall ear wellness.; EASY TO TAKE EAR RINGING SUPPLEMENTS - These pastillas tinnitus supplement for ears ringing is simple to incorporate into any routine. Designed for daily use, this ultimate tinnitus relief stop ear ringing natural remedy capsules formula supports long-term ear and hearing health.; MADE IN THE USA - Our best tinnitus relief for ringing ears supplement are designed and manufactured in the United States, adhering to strict quality standards to ensure the quality, consistency, safety, and efficacy while supporting local businesses."
B0D1R5YT2T,B0D1R5YT2T,"Elikadur 1500 MG Tinnitus for Ringing Ears, Tinnitus Supplement for Ear Ringing, Proprietary Herbal Blend, Ear Tinnitus for Women Men, (60 Caps, 2-Pack)",,"👂TRANSFORM YOUR AUDITORY WORLD (POWERFUL DOSE OF 1500 MG PER SERVING) - Elevate your senses with our 1500 MG powerhouse, a holistic approach to potential Tinnitus for Ringing Ears. With the confidence of a robust 1500 mg per serving, Elikadur Tinnitus Supplement stands as an outstanding choice for individuals seeking a reliable and powerful solution to manage and mitigate the challenges posed by tinnitus.; 👂AMPLIFY YOUR AUDITORY WELLNESS (COMPREHENSIVE HERBAL BLEND). With our natural herbal blend formula, you can feel confident that you're giving your body the gentle care it deserves, working towards real from bothersome tinnitus symptoms. Our formula helps to reduce the perception of phantom noises like ringing, buzzing, or humming in the ears.; 👂THE GIFT OF PEACEFUL SILENCE (BIOFLAVONOID COMPLEX) - Enriched with a specialized blend of bioflavonoids, Elikadur Tinnitus Supplement offers enhanced antioxidant properties and reduces the condition of ear ringing, contributing to a comprehensive approach to alleviating tinnitus symptoms. Harness the power of bioflavonoids and embrace the potential for reduced tinnitus volume.; 👂YOUR PATH TO AUDITORY SERENITY (ESSENTIAL VITAMINS AND MINERALS) - Embrace the potential of Vitamins C, B1, B2, B6, B12, Niacin, Pantothenic Acid, and Zinc for holistic Ear Tinnitus. Our Supplement is one of the over-the-counter tinnitus products for those suffering from tinnitus. Let the harmony of ingredients usher you into a realm of potential tinnitus.; 👂GENTLE YET EFFECTIVE (NATURAL FORMULA) - Our natural formula is meticulously curated to potentially ease tinnitus symptoms, supporting your well-being with nature's touch. It is designed to provide reliable and effective for individuals experiencing tinnitus, offering a natural solution to manage and alleviate its symptoms."
B0F1LY3MCS,B0F1LY3MCS,"Eustachian Ear Pressure Balancer, Tinnitus Relief for Ringing Ears | Air, Dive and Altitude Use | Safe Ear Relief | White","Eustachian Ear Pressure Balancer, Tinnitus Relief for Ringing Ears | Air, Dive and Altitude Use | Safe Ear Relief | White

Product Overview
The Eustachian Ear Pressure Balancer is a portable device designed to help relieve ear
discomfort during air travel, diving, or altitude changes. Using a natural swallowing
mechanism, it assists in gently opening the Eustachian tubes to promote ear pressure
balance. This drug-free solution is quick and easy to use—simply swallow to activate.
Its compact design with carrying case makes it ideal for travelers, swimmers, and
outdoor enthusiasts. For best results, follow
instructions carefully.

Natural Ear Pressure Relief
‌ A gentle, drug-free way to help balance ear pressure during flights, diving, or altitude changes,
tinnitus relief for ringing ears
‌Easy-to-Use Design
‌ Simply swallow to activate the natural ear-clearing process—no complicated steps required.

‌Trusted by Travelers & Divers
‌ Popular among frequent flyers, swimmers, and outdoor enthusiasts for quick ear comfort.

‌Compact & Portable
‌ Comes with a convenient carrying case—perfect for travel and outdoor activities.

‌Battery-Powered Convenience
‌ Rechargeable durable for reliable use anywhere.","ALL-NATURAL & DRUG-FREE: A safe, natural solution to unclog your ears without medication, tinnitus relief for ringing ears; QUICK, SAFE & EASY TO USE: Trusted by physicians, parents, chiropractors, airline pilots, scuba instructors, and allergy sufferers. This Eustachian Ear Pressure Balancer helps unblock plugged ears by naturally exercising the Eustachian tubes—just swallow! It’s fast, safe, and effortless.; EUSTACHIAN EAR PRESSURE BALANCER: This Ear Pressure Balancer works with your body’s natural ear-clearing mechanism, tinnitus relief for ringing ears. Swallowing or yawning normally opens the Eustachian tubes.; PORTABLE & RECHARGEABLE: Ideal for air travel, swimming, and allergy season. Equiped with a rechargeable battery, long last working life.; USAGE: This Eustachian Tube is a eustachian tube unclogger device designed to treat negative middle ear pressure. As with any health-related product, consult your health care provider beforeuse this eustachian tube unclogger advice."
B0FFMY84YZ,B0FK2BQ83M,Graclin Tinnitus Relief Drops for Ringing Ears – Natural Tinnitus Relief | Reduce Buzzing/Clicking Noise & Relieve Ringing Ears | Support Hearing Health | Bottle of 60ml,,"【Stop the Ringing Now!】 Instant Relief for Ringing Ears – our fast-acting drops calm tinnitus noise (ringing, buzzing, humming) in minutes! Ideal for daily use, they support healthy hearing while providing temporary relief.; 【Gentle & Trustworthy】 Natural Relief You Can Count On. Made with 100% natural ingredients, our chemical-free ear drops offer peace of mind. Mild and perfect for sensitive ears—no harsh irritants, no artificial additives—just gentle, pure relief for everyday use.; 【Sleep Support】 Reduces disruptive nighttime sounds and enhances circulation of the inner ear through vasodilation. Designed to help you fall asleep effortlessly and experience deeper rest in a quiet, comfortable state.; 【Boosts Daytime Concentration】 This formula not only relieves tinnitus symptoms but also helps improve mental focus and maintain clarity during daily activities.; 【Directions for Use】 Includes a 60ml bottle with dropper. For quick relief, place 3 drops in the affected ear directly."
B0F8BBWY5F,B0F8BBWY5F,"Green Hills Tinnitus Relief for Ringing Ears, Natural Ear Ringing Relief for Clogged Ears,Improve Hearing & Reduce Ear Noise, Purple, 60ml","Tinnitus Relief for Ringing Ears, Purple, 60ml","Ear Ringing Relief - Effectively relieves tinnitus and ear discomfort, instantly reduces buzzing, ringing, clicking and hissing in the ears. Significantly improve a person's quality of life.; Effective Ear Protection - It helps alleviate the unpleasant and annoying symptoms of tinnitus, so you no longer have to suffer the effects of inexplicable sounds in your ears!; Natural & Powerful - Our tinnitus relief liquid made from organic plant extracts, the gentle formula provides natural and temporary relief from tinnitus symptoms.; Tranquility & Focus - Tinnitus relief luquid helps to reduce the annoying tinnitus and soothe the ears, while preventing your thinking from being interrupted by tinnitus"
B0FJRKCKLV,B0FMRNM3R4,"Gyumolics Flavonoid Supplement Gummies 3000mg – Bioflavonoid Complex with Hesperidin, Quercetin, Lemon Bioflavonoids & Vitamin C – 60 Gummies",,"3000mg Bioflavonoid Complex: Each serving provides 3000mg of Bioflavonoid Complex, including Hesperidin, Quercetin, and Lemon Bioflavonoids, known for their role in ear balance and circulation.; 8-In-1 Plant-Based Form: Formulated with 8 plant-based ingredients, including Vitamin B12, Vitamin C, Folate, Magnesium, and Zinc, to overall ear wellness and circulation.; Absorbing Flavonoids in a Fun Gummy: Our bear-shaped gummies, featuring a delicious mixed berry flavor, provide necessary flavonoids in a form that's not only enjoyable for all ages but also designed for optimal absorption.; Clean Plant-Based Ingredients: Vegan, gluten-free, and made with no artificial additives, preservatives, or added sugars for a pure and wellness supplement.; 60 Gummies Per Bottle: Each bottle contains 60 gummies, offering a 30-day supply of flavonoids (2 gummies per day)."
B0DRDYKYG2,B0DRDYKYG2,"Hair Growth Gummies with Biotin 5000mcg + Vitamins C, E & Zinc - Helps Prevent Hair Thinning & Loss - Stronger Hair, Skin & Nails - Vegan, Non-GMO - 60 Strawberry Gummies for Women & Men",,"START TO LOOK AND FEEL CONFIDENT: Feel radiant from the inside out by supporting your body’s natural processes for healthy hair growth, glowing skin, and stronger nails. Taking care of your hair, skin, and nails has never been easier with Bright Gummies providing the nutrients they need most; AN ALL-IN-ONE SOLUTION FOR HAIR, SKIN & NAILS: Packed with 5,000 mcg of Biotin, plus vitamins C, E, Zinc, and Folic Acid, this beauty blend supports hair growth, strengthens nails, and promotes glowing skin while delivering antioxidants and essential nutrients for overall health.; PACKED WITH ESSENTIAL VITAMINS: Bright Gummies include Biotin, Vitamin A, C, E, B5, B6, and Zinc to provide your body with the critical nutrients it craves to maintain vibrant skin, thick hair, and resilient nails.; NURTURE YOUR INNER BEAUTY: Bright Gummies are formulated to naturally revitalize your skin and nourish your body with a daily infusion of essential vitamins and Biotin. This potent beauty supplement supports youthful skin and a refreshed, radiant appearance.; EASY, DELICIOUS & MADE IN THE USA: Enjoy a naturally sweet strawberry flavor in every soft, chewable gummy, making your daily beauty routine enjoyable and effective. Proudly made in the USA in a GMP-certified facility, Bright Gummies are a high-quality supplement you can trust."
B0DKBCXD7R,B0DKBCXD7R,"Hair Growth Vitamins Liquid-Filled Gummies - Biotin 5000mcg, Hydrolyzed Collagen Peptides, Omega 3-6-9, Hyaluronic Acid, Methylfolate, Methylcobalamin -Healthy Hair, Skin & Nails Supplement for Women",,"[Hair Nourishment & Growth Support]: Our liquid-filled hair vitamin gummy delivers 5000 mcg Biotin, Collagen Complex (Types I, II, III, V), and vital nutrients for thicker, stronger, faster-growing hair. Biotin enhances keratin production, while the Collagen Complex, sourced from bovine, marine, chicken, and eggshell collagen, provides key amino acids to strengthen hair structure and improve elasticity. Perfect for those seeking healthy, vibrant, and fuller-looking hair from the inside out.; [Deep Hydration & Scalp Health]: A blend of Hyaluronic Acid, Omega-3, Omega-6, and Omega-9 Fatty Acids helps maintain deep hydration, reduce dryness, and support scalp nourishment. Hyaluronic Acid locks in moisture for stronger, shinier hair, while the essential fatty acids help soothe the scalp and enhance follicle health. This formula is ideal for individuals with brittle, frizzy, or dry hair, helping to maintain a healthy scalp envir✭nment for optimal hair growth.; [Antioxidant & Follicle Prote♥tion]: This formula, enriched with Vitamin C (Organic Acerola Cherry), Vitamin E (Mixed Tocopherols), and Zinc, combats oxidative str☻ss and envir☆nmental effect that lead to hair thinning. Vitamin C aids collagen synthesis, while Vitamin E and Zinc boost circulation and follicle strength to reduce shedding and breakage caused by str☻ss, aging, or poor nutrition.; [Comprehensive Nutrient Support for Hair & Body]: Our gummies doesn’t just nourish your hair—it supports your overall well-being. Vitamin A, Vitamin D3, Iron, and Folate (Methylfolate) work together to enhance scalp health, boost red bl♥od cell production, and improve oxygen delivery to hair follicles. The inclusion of Vitamin B6, Vitamin B12, and Niacin (B3) promotes healthy hair metab♥lism and cell regeneration, making it ideal for those with nutritional deficiencies causing hair thinning.; [GummieJel Technology – Max Absorption]: Experience superior nutrient retention with our Vitamin Supplement Gummies, powered by advanced GummieJel Technology. This innovative dual-layer design features a liquid-filled inner layer, securely encapsulated by a protective pectin outer layer, locking in nutrients like Hydrolyzed Collagen Peptides for optimal stability and enhanced absorption.The advanced delivery system support collagen remains potent, hair growth and strength."
B0D7PPG2B7,B0D7PPG2B7,"Hair Skin and Nails Vitamins, Hair Skin and Nails Gummies, Biotin Collagen Gummies, Biotin 5000mcg, Hair Vitamins, Collagen Supplements, Marine Collagen, Vitamin B12, Gifts for Women, GummBear",,"&#9989; [𝗕𝗘𝗦𝗧 𝗔𝗟𝗟-𝗜𝗡-𝗢𝗡𝗘 𝗦𝗢𝗟𝗨𝗧𝗜𝗢𝗡 - 𝗦𝗨𝗣𝗣𝗢𝗥𝗧𝗦 𝗛𝗘𝗔𝗟𝗧𝗛𝗬 𝗛𝗔𝗜𝗥, 𝗦𝗧𝗥𝗢𝗡𝗚 𝗡𝗔𝗜𝗟𝗦, 𝗔𝗡𝗗 𝗚𝗟𝗢𝗪𝗜𝗡𝗚 𝗦𝗞𝗜𝗡]: Your hair, nails, and skin deserve the best care, so it's crucial to give them the nutrients they need to stay healthy and vibrant with a powerful blend of Biotin, Marine Collagen and essential skin and hair vitamins like Vitamins A, B7, C, D, E, B6, B12, Folate, Folic Acid, Pantothenic Acid, Iodine, Biotin, Collagen & Zinc—nourishing your body with the vital nutrients your hair, skin, and nails crave to thrive.; &#9989; [𝗘𝗔𝗦𝗬, 𝗘𝗙𝗙𝗘𝗖𝗧𝗜𝗩𝗘 & 𝗗𝗘𝗟𝗜𝗖𝗜𝗢𝗨𝗦 𝗚𝗨𝗠𝗠𝗜𝗘𝗦]: Just Pop-2-Daily-Gummies and say goodbye to hard-to-swallow pills, messy powders, and disgusting yucky juices. Our delicious biotin gummies make it easy to elevate your beauty regimen, perfectly suited for your on-the-go lifestyle.; &#9989; [𝗦𝗨𝗣𝗣𝗢𝗥𝗧 𝗬𝗢𝗨𝗥 𝗕𝗘𝗔𝗨𝗧𝗬 𝗚𝗨𝗜𝗟𝗧-𝗙𝗥𝗘𝗘 𝗪𝗜𝗧𝗛 𝗢𝗨𝗥 𝟭𝟬𝟬% 𝗡𝗔𝗧𝗨𝗥𝗔𝗟 𝗙𝗢𝗥𝗠𝗨𝗟𝗔]: Each biotin supplement is made with non-GMO ingredients, natural botanicals, against animal testing and meets GMP quality standards, so you can indulge without remorse while enjoying your beauty guilt-free.; &#9989; [𝗦𝗢𝗢 𝗗𝗘𝗟𝗜𝗖𝗜𝗢𝗨𝗦, 𝗧𝗛𝗔𝗧 𝗬𝗢𝗨 𝗛𝗔𝗩𝗘 𝗧𝗢 𝗦𝗧𝗢𝗣 𝗬𝗢𝗨𝗥𝗦𝗘𝗟𝗙 𝗙𝗥𝗢𝗠 𝗘𝗔𝗧𝗜𝗡𝗚 𝗙𝗜𝗦𝗧𝗙𝗨𝗟𝗦 𝗢𝗙 𝗧𝗛𝗘𝗦𝗘 𝗚𝗨𝗠𝗠𝗜𝗘𝗦]: Our gluten-free gummies, crafted with natural flavors (pomegranate gummies) and natural colors are blissfully delicious, making your beauty journey a real treat!; &#9989; [𝗘𝗔𝗖𝗛 𝗕𝗜𝗧𝗘 𝗔 𝗦𝗧𝗘𝗣 𝗧𝗢𝗪𝗔𝗥𝗗𝗦 𝗔 𝗕𝗘𝗔𝗨𝗧𝗜𝗙𝗨𝗟 𝗬𝗢𝗨; 𝗘𝗡𝗝𝗢𝗬 𝗠𝗢𝗥𝗘 𝗖𝗢𝗠𝗣𝗟𝗜𝗠𝗘𝗡𝗧𝗦]: Experience the joy of receiving compliments and emotional validation from those around you as you reveal your stunning transformation! Infused with powerful ingredients, our gummies support you in your beautiful transformation from the inside-out."
B0CRGHD5JG,B0CRJSCBGJ,"Hair, Skin & Nails Vitamins for Women - Biotin 5000mcg to Support Hair Growth with Argan Oil, Collagen & Hyaluronic Acid, Beautiful, Stronger Skin, Hair & Nails Vitamin Supplement - 120 Softgels",,"THICKER & STRONGER HAIR: This hair growth supplement blends 5000mcg of Biotin, Collagen, Argan Oil, and Hyaluronic Acid to nourish follicles to support stronger, thicker strands; GLOW FROM WITHIN: These womens hair vitamins not only support hair growth, they also support skin hydration & elasticity along with strong nails for radiant beauty; NATURAL HAIR LOVE: Made with premium hair vitamins, this hair supplement for women supports shine, strength, and vibrancy for gorgeous, resilient hair; TRUSTED FORMULA: Our hair skin and nails softgels are formulated and manufactured following strict cGMP guidelines and third party tested to ensure the quality and consistency of each batch; HAIR SUPPLEMENTS: Hello Lovely! Hair vitamins for women with biotin 5000mcg extra strength hair growth support supplement best skin nails nail vitamin b7 e a c complex collagen 10000 10000mcg angel bear and products biotina para cabello groth dry faster gummies gummy keratin health men nature natures pills stronger non sugar thicker vitamina vitaminas womens"
B0F9MRK5H1,B0F9MRK5H1,"Health Thru Nutrition Skineu Hair, Skin & Nails+ Gummies | Biotin 5000mcg, Hyaluronic Acid, Retinyl Palmitate | Beauty Support - Strength & Hydration | Strawberry Piña Colada Flavor | 60 Gummies",,"Advanced Hair, Skin & Nail Formula – Designed with Biotin, Low Molecular Weight Hyaluronic Acid, and Retinyl Palmitate, essential nutrients that play a role in maintaining hair strength, skin hydration, and nail structure.; High-Potency Biotin (5,000mcg) – A crucial B-vitamin recognized for its role in keratin production, supporting hair texture and nail integrity in an easy-to-take gummy format.; Low Molecular Weight Hyaluronic Acid (120mg) for Skin Moisture – A key dermatologist-recommended ingredient commonly found in serums and creams, now available in a convenient, daily supplement.; Retinyl Palmitate (900mcg) – A Stabilized Form of Vitamin A – Often used in premium skincare, this ingredient supports nutrient replenishment for skin maintenance.; Delicious Strawberry Pina Colada Flavor – Gummies made without artificial colors, GMOs, or common allergens, perfect for those who prefer a tasty alternative to pills and capsules.; Scientifically Crafted, Intentionally Superior – Manufactured in a cGMP-certified facility, formulated with high-quality, bioavailable ingredients for optimal absorption and effectiveness."
B0DQVGFW6Z,B0DQVGFW6Z,"Hear Me + Tinnitus Relief for Ringing Ears Capsules, HearMe+ Ear Health Supplement, HearMe Plus - Maximum Strength, Hear Me Plus Advanced Support Formula Reviews (60 Capsules)",,Hear Me + Capsules; HearMe+ Supplement Ear Capsules; Hear Me Plus - Maximum Strength; Hear Me Advanced Support Formula Reviews
B0CQPD6TBS,B0CTT5CFGN,"Kanacoufce 1500MG Tinnitus for Ringing Ears, Tinnitus Supplemen, 120 Capsules",,Optimal Dosage - 1500 MG Per Serving; Natural Ingredients; Enhanced Potency; Easy-to-Swallow Capsules; High Quality
B0CQPD8PPF,B0CTT5CFGN,"Kanacoufce 1500MG Tinnitus for Ringing Ears, Tinnitus Supplemen, 60 Capsules",,Optimal Dosage - 1500 MG Per Serving; Natural Ingredients; Enhanced Potency; Easy-to-Swallow Capsules; High Quality
B0CQQ9TYP5,B0CQQ9TYP5,LVQINGHE Tinnitus Relief for Ringing Ears-Natural Herbal Tinnitus Patches-Effectively Relieves Hearing Loss,,
B0FJRYPVGX,B0FPXGTZJ5,"Lilymoon Tinnitus Relief for Ringing Ears, Powerful Tinnitus Relief Capsules to Reduce Ear Noise & Buzzing, Improves Your Concentration & Memory (120 Capsules)",,"Safe Formula: Our tinnitus relief for ringing ears capsule is made from a blend of natural vitamins and antioxidants, without harmful chemical substances, and the ingredients are healthy. They work together to improve your tinnitus problem; Tinnitus Relief: This tinnitus relief capsule can improve your hearing quality by relief supplement is designed to alleviate the constant ringing, buzzing, clicking, and other annoying sounds associated with tinnitus; Improve Rest Quality: The tinnitus relief for ringing ears capsule helps improve blood circulation and relieve tinnitus symptoms. This creates a quiet and comfortable state to help you fall asleep more easily; Enhances Focus and Memory: Not only does this tinnitus relief formula address ear noise, but it also helps improve memory and concentration. This can let you think more clearly without the annoying tinnitus sounds; Wide Applications: This tinnitus relief capsule is not only effective for tinnitus relief, but also suitable for people with hearing impairment, and other problems caused by work, life, and other reasons"
B00PQMM7JY,B00PQMM7JY,Lipo Flavanoid Unique Ear Health 500 Caplets,"Lipo Flavonoid Ear Ringing Relief is the #1 ENT doctor-recommended supplement for managing tinnitus, featuring the exclusive Tisina Complex, a proprietary blend clinically shown to help reduce ear ringing. Backed by 60+ years of clinical use, it contains essential vitamins like B1, B2, B6, B12, and Vitamin C to support inner ear health. In a study, users reported a 32% improvement after 60 days of use. Lipo Flavonoid offers a trusted solution for tinnitus relief.",#1 ENT Doctor-Recommended Supplement for Managing Tinnitus; Clinically Proven Tisina Complex to Help Reduce Ear Ringing; Backed by 60+ Years of Clinical Use for Inner Ear Health Support; 32% Symptom Improvement Reported in a 60-Day Study; Trusted Solution for Risk-Free Relief
B0D9YS9M2D,B0D9YS9M2D,"Lipo-Flavonoid Balance Support – Inner Ear Health – Helps Reduce Dizziness, Vertigo-Like Symptoms, Spinning & Swaying – with Ginkgo Biloba, Vitamin D & B Complex, (3 Pack, 30 Caplets)","Lipo Flavonoid Hearing Support. Ingredients clinically shown to promote optimal hearing and help reduce the risk of hearing decline. *THESE STATEMENTS HAVE NOT BEEN EVALUATED BY THE FOOD AND DRUG ADMINISTRATION. THIS PRODUCT IS NOT INTENDED TO DIAGNOSE, TREAT, CURE, OR PREVENT ANY DISEASE.","Effective Balance Support – The Lipo-Flavonoid Balance Support formula helps reduce vertigo-like symptoms, including dizziness, spinning, and swaying, often linked to poor inner ear health.; Clinically Proven Ingredients – Features a potent blend of Ginkgo Biloba, Vitamin D, Bioflavonoids, and B Vitamins, scientifically shown to enhance ear health and improve blood flow to the inner ear.; Doctor-Recommended Brand – Developed by the #1 ENT doctor-recommended brand for tinnitus relief, Lipo-Flavonoid brings over 60 years of clinical expertise in supporting ear health and managing dizziness.; Scientifically Formulated for Inner Ear Health – This unique formula supports nutrient absorption and promotes optimal inner ear function, making it ideal for those with Benign Paroxysmal Positional Vertigo (BPPV).; Safe & Easy to Use – Free from gluten, dairy, and artificial colors, this once-daily, easy-to-swallow caplet provides a safe and effective solution to support your balance and ear health."
B0DQ42B91R,B0DQ1K8MVP,Medilisk Tinnitus Relief Spray – Supports Tinnitus Relief for Ringing Ears – Herbal Ear Care Products – Non-Steroidal & Hypoallergenic – 1 Fl Oz​ – Pack of 1,,"HERBAL SUPPORT FOR EAR RINGING RELIEF: Formulated with natural ingredients like Ginkgo Biloba, American Ginseng, and Licorice Rootto, this spray may support ear ringing relief tinnitus, helping manage discomfort associated with tinnitus symptoms.; NON-STEROIDAL & SAFE FOR SENSITIVE EARS: Formulated without harsh chemicals, artificial preservatives, lanolin, parabens, and steroids, potentially helping with ear pressure relief and gentle relief for tinnitus symptoms.; EASY-TO-USE: Convenient and simple to apply. Our Medilisk Tinnitus spray is used twice daily as part of your routine to support quieter, more comfortable ears. Designed to help manage the perception of occasional and bothersome ear noises.; CALM IN THE EAR: Formulated to reduce distracting ear noises, this spray offers a calming effect that may help stop ears from ringing and lessen daily auditory disruptions.; PURE, CHEMICAL-FREE INGREDIENTS – Free from steroids, parabens, and artificial additives, this herbal ear ringing relief spray is crafted with 100% natural ingredients to support ear health in a gentle, non-irritating way."
B0F9F3KM5W,B0F9F3KM5W,"PUTRIZEN Hair Skin and Nails Gummies, Vegan 5000mcg Biotin Vitamins for Women & Men – Supports Hair Growth, Nail Strength & Skin Health – Non-GMO, 60 Gummies",,"High-Potency 5000 mcg Biotin Formula: Empower your natural beauty with a potent 5000 mcg dose of Biotin. This premium blend combines Vitamins A, C, D, E, B6, B12, and Iodine to support the health and vitality of your hair, skin, and nails; Delicious Vegan Gummies with a Purpose: Enjoy a truly guilt-free and tasty wellness experience. Our Hair, Skin & Nails Gummies are 100% vegan, non-GMO, and feature a delicious mixed fruit flavor, making your daily beauty routine both a pleasure and a priority; Recommended Usage: Chew 2 gummies twice daily. No water or food is required. Consult your healthcare professional before use, especially if you have underlying conditions. Not for children under 3 years old. Do not exceed the recommended dosage; Nourish Your Natural Radiance: Each gummy helps support healthy hair growth for fuller-looking locks, promotes stronger nails to reduce brittleness, and supports radiant, supple skin; Your Trusted Companion on a Beauty Journey: More than just a vitamin, this is a step toward your best self. Designed for those who seek wellness, these biotin gummies help you feel confident—supporting the natural beauty of your hair, skin, and nails"
B0CQKMHPG8,B0CQKMHPG8,Phytage Labs Tinnitus 911 - Tinnitus Relief Supplement - Ear Ringing Relief - 2 Pack,,"TINNITUS 911 - Made specifically for people who experience ringing, hissing, buzzing, chirping, whistling, or other types of tinnitus and are getting no relief; ALL NATURAL RELIEF - Tinnitus supplement that is as safe as taking a multivitamin. It is suitable for both men and women. If you currently have a medical condition or are taking medication, please consult a doctor prior to use; CREATES A WAVE OF CALM – Stop living with the noise and get back to enjoying life. Tinnitus 911 an all-natural supplement that supports calm and quietness; BETTER SLEEP – Tinnitus 911 offers antioxidant support and helps reduce tinnitus-related inflammation to offer quick and long-lasting relief. No more waking up in the middle of the night because of random sounds; Tinnitus 911 has a blend of synergistic ingredients. Grab yours today. It may very well be all you need, regardless of tinnitus severity or age"
B0CQKM4C71,B0CQKM4C71,Phytage Labs Tinnitus 911 - Tinnitus Relief Supplement - Ear Ringing Relief - 3 Pack,,"TINNITUS 911 - Made specifically for people who experience ringing, hissing, buzzing, chirping, whistling, or other types of tinnitus and are getting no relief; ALL NATURAL RELIEF - Tinnitus supplement that is as safe as taking a multivitamin. It is suitable for both men and women. If you currently have a medical condition or are taking medication, please consult a doctor prior to use; CREATES A WAVE OF CALM – Stop living with the noise and get back to enjoying life. Tinnitus 911 an all-natural supplement that supports calm and quietness; BETTER SLEEP – Tinnitus 911 offers antioxidant support and helps reduce tinnitus-related inflammation to offer quick and long-lasting relief. No more waking up in the middle of the night because of random sounds; Tinnitus 911 has a blend of synergistic ingredients. Grab yours today. It may very well be all you need, regardless of tinnitus severity or age"
B0DG6XSR6N,B0DG6XSR6N,"Pure Health Brands Mens Multi Hair and Beard Vitamin Gummies, 11-in-one 5000MCG Biotin Per Gummy Avanced Formula to Improve Thicker and Full Hair and Beard Growth, Non GMO, Gluten Free.","Mens Multi Hair And Beard Vitamin Gummies, 11-in-one 5000MCG Biotin Per Gummy Avanced Formula To Improve Thicker And Full Hair And Beard Growth, Non GMO, Gluten Free.","Advanced Beard Growth Formula:; Nutritious Beard Growth Gummies; Comprehensive Beard Supplements; Effective Beard Growth Pills: Harness the power of our beard pills growth formula, which are recognized as some of the best beard growth pills for men available. These beard vitamins deliver essential nutrients directly to hair follicles for optimal growth.; Premium Beard Growth Solution: Our beard vitamins are formulated for maximum efficacy, providing a reliable source of beard pills for hair growth for men. Achieve extreme beard growth with our extensive range of beard growth supplements.; CRAFTED FOR CLEAN LIVING: Free from artificial fillers, GMOs, and unnecessary additives, Pure Health’s gummies are created with your well-being in mind. Manufactured in the USA in a GMP-certified facility, they meet the highest standards of quality and safety."
B0F1NL7HSP,B0F1NL7HSP,"Quietum Plus Tinnitus Relief for Ringing Ears, Official Quietum Plus Tinnitus Relief Original Supplement Pills, Ring Clear Advanced Formula for Healthy Ear, QuietumPlus Reviews (2 Pack)",,Quietum Plus Tinnitus Relief for Ringing Ears; Official Quietum Plus Tinnitus Relief Original Supplement Pills; Ring Clear Advanced Formula for Healthy Ear; QuietumPlus Reviews
B0F1NM2BRK,B0F1NM2BRK,"Quietum Plus Tinnitus Relief for Ringing Ears, Official Quietum Plus Tinnitus Relief Original Supplement Pills, Ring Clear Advanced Formula for Healthy Ear, QuietumPlus Reviews (60 Capsules)",,Quietum Plus Tinnitus Relief for Ringing Ears; Official Quietum Plus Tinnitus Relief Original Supplement Pills; Ring Clear Advanced Formula for Healthy Ear; QuietumPlus Reviews
B0DRDRBF5S,B0DRDRBF5S,"Tinnifix Tinnitus Relief for Ringing Ears Capsules - Advanced Hearing Supplement Support Formula Pills, Tinnifix Pills Maintain Healthy Hearing, All Natural Ear Health, Tinni Fix Reviews (2 Pack)",,Tinnifix Capsules - Advanced Hearing Supplement Support Formula Pills; Tinnifix Pills to Maintain Healthy Hearing; All Natural Tinnifix for Complete Ear Health; Official Tinni Fix Reviews
B0DRDRDTYZ,B0DRDRDTYZ,"Tinnifix Tinnitus Relief for Ringing Ears Capsules - Advanced Hearing Supplement Support Formula Pills, Tinnifix Pills Maintain Healthy Hearing, All Natural Ear Health, Tinni Fix Reviews (3 Pack)",,Tinnifix Capsules - Advanced Hearing Supplement Support Formula Pills; Tinnifix Pills to Maintain Healthy Hearing; All Natural Tinnifix for Complete Ear Health; Official Tinni Fix Reviews
B0DRDQBQLL,B0DRDQBQLL,"Tinnifix Tinnitus Relief for Ringing Ears Capsules - Advanced Hearing Supplement Support Formula Pills, Tinnifix Pills Maintain Healthy Hearing, All Natural Ear Health, Tinni Fix Reviews (60 Capsules)",,Tinnifix Capsules - Advanced Hearing Supplement Support Formula Pills; Tinnifix Pills to Maintain Healthy Hearing; All Natural Tinnifix for Complete Ear Health; Official Tinni Fix Reviews
B0F6PXCMCJ,B0F6PXCMCJ,"Tinnitus & Liver Support Supplement | Dual-Action Formula for Ringing Ears, Focus, Detox & Digestion | Bioflavonoids, Milk Thistle, B12 & Herbs | Supports Auditory & Liver Health | 60 Capsules",,TWO-IN-ONE WELLNESS SUPPORT: Combines targeted tinnitus relief and full-spectrum liver detox in a single powerful supplement.; RELIEVES RINGING & EAR BUZZING: Bioflavonoids and B12 help reduce the intensity of tinnitus while supporting ear circulation and clarity.; CLEANSING LIVER DETOX FORMULA: Herbal blend with milk thistle and dandelion root naturally detoxifies and rejuvenates liver cells.; ENHANCES FOCUS & DIGESTION: Supports mental clarity and concentration while promoting smoother digestion and nutrient absorption.; GENTLE & NATURAL FORMULA: Made with non-GMO ingredients and free from harsh additives—safe for daily use to maintain overall vitality.
B0F6BT77MS,B0F6BT77MS,"Tinnitus Relief Patch Ear Pressure Relief Device – Suction Solution for Ringing Ears, Clogged Ears, Travel Tinnitus Treatment | Portable, Reusable and Safe",,"‌Fast Tinnitus Relief and Ear Pressure Balance‌: Experience rapid relief from ringing ears (tinnitus) and clogged ears using gentle air suction technology—ideal for altitude changes, allergies, or post-flight discomfort.; ‌Proven Tinnitus Treatment and Prevention‌: Designed to support long-term ear health, our medical-grade silicone patch may help reduce tinnitus symptoms while preventing swimmer’s ear and wax buildup.; ‌Discreet, Portable Tinnitus Relief Device‌: Ultra-soft, hypoallergenic silicone fits comfortably in any ear canal. Compact enough for travel, gym bags, or daily use—relief wherever you go!; Drug-Free and Non-Invasive‌: Avoid pills or risky methods! This natural pressure stimulation device eases ear tension, headaches, and motion sickness without side effects.; ‌Multi-Purpose Ear Wellness Tool‌: Tackle altitude adjustments, congestion, mild tinnitus*, and stress-induced ear pressure, reusable device."
B0FL1D4J3N,B0FSYGBS7J,Tinnitus Relief Ringing Ears Supplement - 120 Capsules Supports Ear Health & Hearing Comfort,"Our Tinnitus Relief Supplement is specially formulated with Vitamin to help support ear health and provide relief from ringing in the ears. Each bottle contains 120 capsules - a full 60-day supply when taken as directed.

Key Benefits:
Helps reduce ringing in ears
Supports healthy ear function
Easy-to-take capsule form

Suggested Use:
Take 2 capsules daily with water, preferably with a meal. For best results, use consistently as part of your daily wellness routine.

Caution:
Keep out of reach of children. Always speak to your physician before using any dietary supplement. Do not use if tamper-proof seal is broken or missing.

Give your ears the natural support they deserve with our Tinnitus Relief Supplement. Start your journey to more comfortable hearing today!","Targeted Tinnitus Relief - Our specially formulated supplement helps reduce ringing in ears and supports overall ear comfort; Key Ingredients - Contains Vitamin, known to support healthy circulation and nerve function in the ears; Supports Ear Health - Promotes healthy hearing function and helps maintain normal auditory system performance; 60-Day Supply - Just take 2 capsules daily for consistent support - easy to incorporate into your daily routine; Great for On-the-Go - Perfect for home, work, or travel—stay refreshed and energized anytime"
B0F9DR3NB4,B0FQP76C4L,"Tinnitus Relief Supplement 1200mg - 120 Capsules (60-Day Supply) | Natural Ear Ringing Support, Reduce Ear Noise & Improve Hearing Health for Men & Women","Tinnitus Relief Supplement - Effectively relieve tinnitus and give you a quiet world!
Features:
1. Effectively relieve all kinds of tinnitus and say goodbye to annoying noises in the ears.
2. The natural and safe formula is mild and non-irritating, allowing your ears to receive a comfortable treatment.
3. Improve blood circulation and reduce sensitivity to ear noise.
4. Easy to absorb and can effectively reduce ear itching and discomfort.
5. Tinnitus relief supplements are simple to use.
How to Use:
Take 2 capsules per day, 60 Day Supply
Can be taken at any time of the day - before, during or after meals
Warm Tips:
1. Keep out of reach of children.
2. Always speak to your physician before using any dietary supplement.
3. Do not use if tamper-proof seal is broken or missing.","【No More Tinnitus】--Say goodbye to annoying noises in your ears such as buzzing, clicking, hissing, etc. Our tinnitus relief supplements can effectively relieve all kinds of tinnitus.; 【Focus and Quiet】--Our tinnitus relief supplements improve blood circulation and reduce sensitivity to ear noise. Prevent tinnitus from interfering with your thinking, reduce the risk of memory impairment, and allow you to focus more on the present moment.; 【Gentle and Safe】--A tinnitus relief supplement formulated with a variety of natural vitamins, the natural and safe formula is mild and non-irritating, allowing your ears to be treated comfortably.; 【Easy to Absorb】--Our tinnitus relief supplements have been tested to be easy to absorb and effective in reducing ear itching and discomfort, providing comprehensive care for your ears.; 【Suggested Daily Dosagee】--Tinnitus relief supplements can relieve discomfort by taking just 2 capsules a day for 60 days and are simple to use."
B0FJXCGY1X,B0FQP76C4L,"Tinnitus Relief Supplement, Natural Treatment for Reduce Ear Noise & Improve Hearing, Tinnitus Relief for Ringing Ears, 120 Capsules (2-Mon Supply)","Tinnitus Relief Supplement - Effectively relieve tinnitus and give you a quiet world!
Features:
1. Effectively relieve all kinds of tinnitus and say goodbye to annoying noises in the ears.
2. The natural and safe formula is mild and non-irritating, allowing your ears to receive a comfortable treatment.
3. Improve blood circulation and reduce sensitivity to ear noise.
4. Easy to absorb and can effectively reduce ear itching and discomfort.
5. Tinnitus relief supplements are simple to use.
How to Use:
Take 2 capsules per day, 60 Day Supply
Can be taken at any time of the day - before, during or after meals
Warm Tips:
1. Keep out of reach of children.
2. Always speak to your physician before using any dietary supplement.
3. Do not use if tamper-proof seal is broken or missing.","【No More Tinnitus】--Say goodbye to annoying noises in your ears such as buzzing, clicking, hissing, etc. Our tinnitus relief supplements can effectively relieve all kinds of tinnitus.; 【Focus and Quiet】--Our tinnitus relief supplements improve blood circulation and reduce sensitivity to ear noise. Prevent tinnitus from interfering with your thinking, reduce the risk of memory impairment, and allow you to focus more on the present moment.; 【Gentle and Safe】--A tinnitus relief supplement formulated with a variety of natural vitamins, the natural and safe formula is mild and non-irritating, allowing your ears to be treated comfortably.; 【Easy to Absorb】--Our tinnitus relief supplements have been tested to be easy to absorb and effective in reducing ear itching and discomfort, providing comprehensive care for your ears.; 【Suggested Daily Dosagee】--Tinnitus relief supplements can relieve discomfort by taking just 2 capsules a day for 60 days and are simple to use."
B0F6MT8V2J,B0FS1Z55J6,"Tinnitus Relief for Ringing Ears Effectively,Natural Ingredients Ear Ringing Relief Drops, Soothes Headache and Improves Hearing Tinnitus Oil","Are you still feeling annoyed by the buzzing sound?
Our tinnitus drops can not only soothe tinnitus and back, but also soothe headache, will be your best choice.

Features
1. Help sleep, improve memory.
2. Quickly soothe tinnitus, suitable for all people.
3. Strong effect, soothe tinnitus, buzzing, hissing.
4. Natural herbs contain a variety of plant extracts, mild.

How to Use
Step1. Gently shake before use.
Step2. Take approximately 6 drops each time, twice a day.
Step3. Swallow under the tongue or mix with beverages for optimal results.

Warm Tips
Please store in a cool and dry place.","Soothe Tinnitus:Our tinnitus relief for ringing ears drops can effectively soothe all kinds of tinnitus, such as ringing, buzzing, clicking and hissing; Reduce Ear Noise:This tinnitus drops improves your memory and concentration, your thinking will not be interrupted by tinnitus; Focus & Tranquility:Reduce tinnitus conditions, making you more focused and you will no longer need to endure the distress caused by strange sounds in your ears; Natural Ingredients:Natural herbal blend formula, helping you absorb powerful ingredients faster, making you more focused & no longer interrupted by tinnitus; Easy to Absorb:The upgraded liquid has a faster absorption rate than patches or capsules. Simple & convenient"
B0FP1CFD7P,B0FP1CFD7P,"Tinnitus Relief for Ringing Ears Supplement, Promotes Ear Comfort & Healthy Hearing, Helps Reduce Ear Ringing, 120 Capsules 60-Day Supply for Adults","Tinnitus Relief for Ringing Ears - Tinnitus Supplement Fast Relief Ear Tinnitus, Enjoy a ""Quiet"" Moment

Features:
--Effectively Relieve Various Tinnitus Symptoms
--Calms Your Nervous System
--Improve Your Memory and Concentration
--All Natural & Effective Formula
--Promote Sleeping Quality

Use Methods:
1. Take 2 capsules per day, 60-day supply.
2. Can be taken at any time of the day - before, during, or after meals.

Cautions:
Keep out of reach of children. Always consult with your physician before using any dietary supplement. Do not use it if the tamper-proof seal is broken or missing.",
B0F19FN6F4,B0F9BZP6QX,"Tinnitus Relief for Ringing Ears Supplement: Natural Hearing Health Formula – Flavonoid-Free, with Vitamins, Melatonin, Ginkgo Biloba & Magnesium – for Men & Women, 120 Capsules, Made in USA",,"Natural Tinnitus Support for Seniors & Adults. This advanced ear health supplement helps maintain inner ear wellness and auditory clarity. Formulated with clinically studied ingredients like Ginkgo Biloba, Magnesium, and Omega-3, it helps maintain healthy circulation and nerve function for better hearing wellness.; Flavonoid-Free & Scientifically Studied Ingredients. Unlike some other ear health supplements, our formula contains Vitamin B12, NAC, and Alpha Lipoic Acid, which are known for their role in nerve health, provides antioxidant support, and hearing support.; Perfect for Seniors, Men & women with Hearing Sensitivities. Designed for seniors, adults, and individuals with tinnitus, hearing sensitivities, or chronic noise exposure (e.g., musicians, factory/construction workers), this supplement promotes inner ear circulation, supports cellular health & antioxidant protection, and supports long-term ear wellness.; Promotes Relaxation & Restful Sleep. Melatonin and N-Acetyl Cysteine (NAC) work together to support restful sleep, reducing nighttime disturbances caused by tinnitus. Wake up refreshed and enjoy better focus throughout the day.; Made in USA, Quality You Can Trust. Manufactured in a GMP-certified facility in the USA, our tinnitus support capsules are third-party tested to ensure purity, potency, and safety for daily use"
B0CV4H6F9G,B0CV4H6F9G,"Tinnitus Relief for Ringing Ears – Natural Ear Ringing Drops for Tinnitus Treatment – Sooth Discomfort, Reduce Ear Noise – Ear Cleaner Ear Wax Removal Drops Improve Hearing & Ear Health, Made in USA","introducing our premium Ear Drops for Tinnitus Relief, your ultimate solution to annoying buzzing, ringing, and discomfort in the ears. Designed to provide comprehensive relief, our formula is packed with natural ingredients to soothe, protect, and maintain ear health. Say goodbye to frustrating tinnitus symptoms and hello to peace and tranquility!
Ingredients: Garlic - Natural defense properties that calm and relieve earaches. Mullein - Healing floral extract; breaks up wax, boosts circulation, reduces inflammation. Calendula - Powerful flower extract shown to holistically help tinnitus (""ear ringing""). Olive Oil - Old folk remedy for clogged ears; loosens wax, unclogs & cleanses ear canal. Vitamin E - Nourishes skin in & around ear; helps extend shelf life of the earache drops. St. John's Wort - Natural effective remedy commonly used for earaches & ear pain. Ginkgo Biloba - Enhances circulation to the inner ear, reducing ringing and buzzing. Ginger Root - Promotes relaxation aiding in tinnitus relief and overall well-being.
Features:
Experience ultimate relief from annoying ringing and buzzing with our Ear Drops for Tinnitus Relief. Crafted with natural ingredients it provides comprehensive care for your ears. Say goodbye to discomfort and hello to peace with our effective ear care. Our ear drops not only offer tinnitus relief for ringing ears but also aid ear wax removal, thanks to ingredients like Olive Oil and Garlic. With our drops for tinnitus, you can enjoy holistic tinnitus treatment. Trust our ear cleaner to gently unclog and cleanse your ear canal, promoting overall well-being. Try our ear wax removal drops today and experience the soothing power of nature.","SPECIALIZED TINNITUS RELIEF: Our ear drops for ringing ears offer specialized relief, targeting the root cause of tinnitus discomfort. Infused with bioactive ingredients like Mullein Flower and St. John's Wort, our formula aids in ear wax removal while promoting tranquility and attention.; EFFECTIVE EAR RINGING RELIEF: Experience effective relief from tinnitus discomfort with our soothing drops. Enriched with Ginko and Ginger, our liquid formula not only reduces buzzing and roaring sensations but also supports overall ear health and tinnitus treatment.; NATURAL TINNITUS SOLUTION: Discover a natural solution for tinnitus with our ear drops. Crafted with Olive and Garlic extracts, our formula ensures quick absorption, relieving bothersome sounds and promoting ear wax removal without any side effects.; HERBAL TINNITUS RELIEF SPRAY: Our herbal tinnitus relief spray offers targeted relief from ear ringing. Formulated with potent herbal ingredients, it effectively reduces ringing, buzzing, and chirping discomfort, providing a non-invasive alternative for tinnitus treatment.; QUICK-ACTING EAR DROPS: Experience quick relief from tinnitus discomfort with our easy-to-use drops. Our bioactive blend, including Calendula and Olive oil, ensures rapid absorption, delivering fast relief for ringing ears and supporting overall ear health."
B0FDKWH4G5,B0FDKWH4G5,"Tinnitus Relief for Ringing Ears, (50Pcs) Tinnitus Relief Patches, Natural Herbal Blend, Support Ear Tinnitus Relief for Women Men","Tinnitus relief for ringing ears patches that will stop you from being bothered by tinnitus

Features:
1. The natural extracts in the tinnitus patches can quickly spread to the skin, and the ingredients are mild & effective
2. Breathable & comfortable materials; which are not stuffy or irritating when used
3. Improve the blood circulation of ears; relieve & relax more
4. Small & portable; it can be carried anywhere at any time

How to Use:
1. Keep skin clean & dry
2. Stick the tinnitus relief patch behind the ear
3. Replace every 8-12 hours

Tips:
1. If allergy or other adverse reactions occur after use, please stop using the tinnitus relief patches immediately
2. Do not apply tinnitus relief patch on wound or skin ulcer to prevent infection",Tinnitus Relief: Tinnitus relief for ringing ears patches can help you relieve the symptoms of ear noise such as tinnitus; buzzing & tapping; Let you say goodbye to the baffling sound in your ears; bring you quiet comfort; Natural & Mild: Tinnitus relief patches are made from natural extracts; healthy & effective. No discomfort in the use process; please rest assured to use; High Permeability: Tinnitus treatment patches work by acting directly on the surface of the skin to diffuse the active ingredient; relieve discomfort; reduce the ear's sensitivity to noise; Comfort & Focus: Tinnitus relief patches allows you to completely not be interrupted by tinnitus your thinking; very good to improve your concentration; let you more focused on your work; Easy to Use: You simply need to apply the tinnitus relief patches to the skin under the ear for tinnitus treatment; The compact package allows you to carry it anywhere & anytime
B0FJ8V5V6Q,B0FJ8V5V6Q,"Tinnitus Relief for Ringing Ears, 120 Capsules Natural Tinnitus Relief for Ear Health, Support Hearing Wellness, 2-Month Supply",,"TINNITUS RELIEF: Natural formula of our Tinnitus Supplement reduces ear ringing, buzzing, and clicking, allowing you to enjoy peaceful moments without constant distracting sounds; NATURAL FORMULA: Our Tinnitus Relief for Ringing Ears contains with essential vitamins and minerals that nourish inner ear structures, protecting hearing health while addressing root causes; COGNITIVE IMPROVEMENT: Reduces auditory distractions and enhance concentration and memory, helping you regain mental clarity and focus throughout the day; COMFORT EARS: Calms overactive auditory pathways while improving circulation around ears, creating lasting comfort; HOW TO USE: Two capsules daily delivers advanced ear support in a convenient once-a-day dose, providing 60 full days of continuous relief with each bottle"
B0FC5K6LSJ,B0FSL8LX59,"Tinnitus Relief for Ringing Ears, 120 Capsules(60-Day Supply), Tinnitus Relief Supplement, Effective Reduce Ear Ringing & Noise, Helps Ease Ear Discomfort, Non-GMO, Gluten-Free, Enjoy The Quiet",,"Tinnitus Relieves: Tinnitus relief supplements can help you effectively relieve tinnitus such as buzzing and tapping, so that you can say goodbye to inexplicable tinnitus and live a quieter and more comfortable life; Promotes Blood Circulation: This tinnitus treatment capsules help to improve local blood flow, increase circulation, reduce sensitivity to tinnitus, and reduce tinnitus discomfort; Effective and Focused: Ear tinnitus relief supplement prevent you from being distracted by tinnitus, allowing you to focus on your work, school and hobbies, reducing the impact of tinnitus on you; Safe and Mild Ingredients: Tinnitus relief for ringing ears capsules have a variety of safe and effective ingredients that help gently and effectively support ear health, care for ear health, and provide effective tinnitus reduce and ear protection; Recommendation: Take 2 capsules daily for 60 days to provide continuous support for your hearing health, help you manage tinnitus more effectively and improve your overall quality of life"
B0FKMMZ2DX,B0FKMMZ2DX,"Tinnitus Relief for Ringing Ears, 2 OZ, Tinnitus Relief Ear Drops, Natural Tinnitus Treatment for Ear Ringing Relief, Effectively Reduce Ear Noise & Promote Healthy Hearing","Usage 1. Tilt your head to one side and squeeze 3 drops into the affected ear. 2. Maintain this position for 3-5 minutes before moving the head upright. 3. Use twice daily as required. Cautions 1. Stop using if you feel uncomfortable. 2. For use in the ear only. 3. Do not insert the tip of the dropper into the ear canal. 4. Keep out of the reach of children. 5. Store in a cool, dry place.",
B0D4DWCP5T,B0D4F34VJW,"Tinnitus Relief for Ringing Ears, Acupeace Tinnitus Relief Device, Acupeace Anti Tinnitus Relief Ear Clip, Device for Stop Ear Ringing (1Pair)","Product Description
Acupeace Tinnitus Relief Device, Auricalm Tinnitus Relief Device, 2023 premium Tinnitus Relief for Ringing Ears-Device Inflammation of the sinuses can lead to earaches and headaches.
When air is unable to move freely in the nasal passages, you may experience feelings of ear fullness or headaches in the area.
Acupressure and massage have been utilized for centuries as a means to alleviate pain and pressure in the ears and head.
1. Soft inner layer for a secure, comfortable fit
2. Durable outer layer to protect against wear and tear
3. Fully adjustable - find the perfect setting for you
4. Made from extra comfortable non-slip silicone
5. Works using the ancient chinese medicine of magnetic therapy
Specifications Name: Auricalm Tinnitus Relief Device
Material: Silicone
Color: Transparent
Weight: Approx 0.81 Ounces
Size: 3 x 2.95 x 0.5 inches
Package Included: 1/2/3/4 pairs x Tinnitus Relief Device
1/2 pairs Earplugs
Note: 1. Due to the different monitor and light effect, the actual color of the item might be slightly different from the color showed on the pictures. 2. Please allow 2-3% measuring deviation due to manual measurement.","【Auricalm Tinnitus Relief Device】Auricalm uses gentle pressure and magnetic therapy to ease tinnitus symptoms. The device is designed to be easily molded and fitted to the auditory palace (SI19) area, while gentle pressure is applied to the tragus during sleep using adjustable clips. This reduces jaw and ear pressure, providing relief from ringing, ear pain, and headaches.; 【Easy to Use】Tinnitus Relief Device is composed of two magnetic main parts and works by smoothing the sound and reducing stressful frequencies within the ear, instead of simply lowering the volume, thereby reducing noise and promoting a sense of calmness.; 【High-quality material】Secure and comfortable fit, protection against wear and tear, fully adjustable for personalized comfort, harnessing ancient chinese medicine, utilizing a rare earth magnet with 800+ gauss, extra comfort with non-slip silicone.; 【Effortless Ease】Tinnitus Relief Device takes the complexity out of getting started, offering a straightforward setup process that requires minimal effort. With user-friendly instructions and intuitive design, you can quickly begin your journey towards tinnitus relief with ease.; 【Simple and Efficient】The acupeace tinnitus relief device magnetic clip provides a convenient solution to alleviate tinnitus and improve hearing clarity. it is designed to be hassle-free and can be worn for months at a time, 24 hours a day. what's more, it does not require any maintenance or battery replacements, making it an easy and cost-effective option for tinnitus relief."
B0FK4DDS8P,B0FK4DDS8P,"Tinnitus Relief for Ringing Ears, Best-Ear Ringing Relief Drops, Natural Herbal Blend, Effective Tinnitus Treatment to Reduce Ear Noise, Improve Hearing for Men & Women","Are you still feeling annoyed by the buzzing sound
An excellent way to alleviate tinnitus: Topicy tinnitus relief or Ringing Ears
Advantages:
Relieve tinnitus; buzzing; hissing; tapping
Natural herbal blend formula; vegetarian friendly; hormone free
Contains various vitamins & natural minerals
Reduce tinnitus symptoms; enhance attention",Tinnitus Relief for Ringing Ears: Helps you alleviate tinnitus; buzzing; hissing; tapping; Let you bid farewell to the confusing sounds in your ears; Natural & Powerful: Natural herbal blend formula; rich in pure natural vitamins & minerals; vegetarian friendly; making you more focused & no longer interrupted by tinnitus; Protecting Auditory Health: Tinnitus relief help reduce tinnitus conditions & help comprehensively alleviate tinnitus; protect your ear health; Tranquility & Focus: Allowing you to completely avoid being interrupted by tinnitus; beneficial for improving your attention & making you more focused on your work; Easy to Use: Tinnitus relief for ringing ears provide you with the most convenient way & bring you peace
B0FH4M9DTQ,B0FH4M9DTQ,"Tinnitus Relief for Ringing Ears, Ear Care Drops Promote Ear Comfort and Clarity, Effective Tinnitus Treatment Reduces Ears Noise and Improves Hearing in Both Men and Women, GQLJ",,"Ear Ringing Relief: Precisely targets the root cause of tinnitus, quickly reducing various abnormal sounds in the ear such as buzzing, ringing, and clicking, and effectively alleviating the discomfort caused thereby. It helps you get rid of the trouble of ""ear noise"" completely and regain the quiet state of a peaceful ear; Best Ear Ringing Relief Drops: Ear drops can soften earwax for easy cleaning, relieve ear canal itching to let you stop scratching, provide moisturizing protection for dry ear canals, and solve the problem of water accumulation in the ear canal after swimming, greatly simplifying your care process; Gentle and Comfortable: The ear care drops are carefully made with natural ingredients, with a texture that is easy to absorb quickly. they can nourish the ear canal, promote healthy blood circulation in the ear canal, and thus soothe tinnitus symptoms. The mild nature makes you feel comfortable during use without worrying about irritation; Easy to Use: The tinnitus relief ear drops are equipped with a special dropper design, which is very convenient to use and can accurately control the dosage. Both the elderly and children can operate and use it independently, and it is easy to carry during business trips and travels, taking care of ear health anytime and anywhere; Improve Quality of Life: Effective tinnitus treatment brings more than just quiet ears. It can help you stay highly focused at work, fully engaged in conversations with others, and let you sleep soundly without being disturbed by noise. It allows you to regain clear hearing, enjoy every moment to the fullest, and embrace a wonderful life free from tinnitus"
B0FNRNC75D,B0FNRNC75D,"Tinnitus Relief for Ringing Ears, Ear Drops for Clogged Ears & Ear Ringing Relief, Effectively Reduce Noise in Ears & & Improve Hearing, 60ml",,"STOP RINGING IN YOUR EARS: Our tinnitus relief drops for ringing ears provide temporary relief from ear noise and discomfort. It helps effectively combat all types of annoying sounds and supports a healthy hearing system.; PROTECT HEARING SYSTEM: The best tinnitus relief drops will help you alleviate noise symptoms such as ringing, buzzing, roaring and chirping. Protect your ear and stop being bothered by your tinnitus problem with our ear drops for clogged ears.; NATURAL ACTIVE INGREDIENTS: Our ear ringing relief drops are made with high quality herbal ingredients such as mullein flower and calendula. This gentle formula is free of harsh chemicals, so there are no side effects or irritation to worry about.; ENJOY A PEACEFUL LIFE: The ear ache drops quickly increase blood circulation and soothe the noise in your ears. Tinnitus will no longer interfere with your mood, work and daily life.; CONVENIENT DROPPER DESIGN: Our liquid is packaged in a 60ml bottle with a convenient dropper. Simply squeeze 3 drops into the affected ear for quick relief."
B0DVYFQ3VP,B0DVYFQ3VP,"Tinnitus Relief for Ringing Ears, Ear Drops for Clogged Ears & Ear Ringing Relief, Natural Ingredients, Effectively Reduce",,"Tinnitus Relief for Ringing Ears - Quickly reduce buzzing, ringing, clicking and hissing in the ears, effectively relieve the discomfort and worry caused by tinnitus, free you from the inexplicable sounds in the ears; Enhancing Quality of Life - By improving blood circulation and enhancing vitality, the ear ringing relief helps protect the health of the ears and prevent problems caused by tinnitus, thus significantly improving one's quality of life; Natural Ingredients - Tinnitus relief for ringing ears is refined with organic plant extracts and enriched with all-natural vitamins and minerals. Gentle formula for your peace of mind"
B0FJXRXX9N,B0FJXRXX9N,"Tinnitus Relief for Ringing Ears, Ear Drops for Clogged Ears & Tinnitus Treatment, Natural Herbal Ear Ringing Relief, Reduce Ear Noise & Improve Hearing for Men & Women, 60 ml","Do you suffer from ringing in your ears? Our tinnitus relief drops for ringing ears are specially formulated to relieve all types of tinnitus, providing you with tranquility. Effectively reduce the ringing, buzzing, roaring, chirping and discomfort in your ears. HOW TO USE 1、Tilt the head to one side and squeeze 3 drops into the affected ear. 2、Hold this position for 3-5 minutes before moving the head upright. 3、Use twice a day as needed. CAUTIONS 1. Stop using it if you feel uncomfortable. 2. For use in the ear only. 3. The tip of the dropper should never enter the ear canal. 4. Keep out of the reach of children. 5. Store in a cool, dry place.",
B0FKGT5SPC,B0FT192734,"Tinnitus Relief for Ringing Ears, Ear Ringing Relief Drops, Drops for Clogged - Reduce Tinnitus Noise & Enhance Hearing, Drops for Men & Women, 2 FL. OZ","These drops for ear ringing relief will not only help you reduce the symptoms of tinnitus, they will also help you reduce ear sensitivity and remove earwax. They are made up of 100% natural ingredients and we are dedicated to taking care of your ear health. DIRECTIONS 1. For use in the ear only. 2. Apply 3 drops into ear twice daily or as directed by a doctor. 3. Tilt head to one side and allow liquid to sit in ear for 3-5 minutes. 4. The tip of the dropper should never enter the ear canal. WARNINGS 1. Stop using if you feel uncomfortable. 2. For external use only. 3. Never insert the tip of the dropper into the ear canal. 4. Keep out of the reach of children. 5. Store in a cool, dry place. 6. If you are pregnant or breastfeeding, consult a healthcare professional before use.",
B0FDG56978,B0FDG56978,"Tinnitus Relief for Ringing Ears, Effective Ear Ringing Relief Drops, Improving Hearing for Men and Women-60ML （1pc）",How to Use? Step 1: Shake bottle well before each use to ensure ingredients are fully mixed Step 2: Remove the cap from the bottle and carefully place the nozzle close to the entrance of the affected ear Step 3: Gently squeeze the bottle and place a few drops of solution into the ear canal. Do not insert the nozzle too far into your ear,"Easy to use and carry: Our tinnitus relief solutions are easy to use and small enough to use anytime, anywhere. Only 15 drops (1ml) are consumed at a time and applied twice a day for continuous support; Gentle & Non-Irritating: Our ear drops are easily absorbed and easy to use; Tinnitus Relief: This tinnitus drops can help you relieve ear noise such as buzzing, mental breakdown, upset and ear tightness. say goodbye to strange sounds in your ears, and reduce the annoyance caused by tinnitus; Improve Concentration: This ear ringing relief drops can relieve tinnitus and create a quiet environment for you, allowing you to concentrate more on your work; Natural Ingredients: This tinnitus drops is made from natural herbal extracts. It’s safe and effective to reduce tinnitus problems and protect your ear health"
B0FH7357V5,B0FRFSSN1M,"Tinnitus Relief for Ringing Ears, Natural Herbal Blend, Effective Tinnitus Support for Men & Women",,"【Helps Ease Ear Noise Discomfort】Formulated to quickly help ease the sensation of ringing, buzzing, clicking, and hissing sounds. Our tinnitus relief drops reduce discomfort and anxiety caused by ear noise, helping you reclaim quiet moments.; 【Holistic Ear Care Support】Promotes healthy circulation and vitality in the ear area. This ear tinnitus relief drop is crafted to support your overall ear wellness and the body's natural response to occasional ringing.; 【Soothing Plant-Based Formula】Crafted with gentle botanicals for safe, effective relief without harsh side effects. Your natural solution for tinnitus relief for ringing ears.; 【Enhanced Daily Focus】Minimizes distractions from ear noise so you can concentrate better at work or daily tasks.; 【Fast-Absorbing & Convenient】Liquid tinnitus relief drops absorb faster than pills or patches. Portable for on-the-go use anytime, anywhere."
B0FPLCK62P,B0FT14NLN8,"Tinnitus Relief for Ringing Ears, Natural Herbal Drops for Tinnitus Treatment, Noise Reduction & Ear Ringing Relief, Supports Ear Health & Relieves Ringing Sensation","Tinnitus Relief for Ringing Ears Provides fast relief from tinnitus symptoms (ringing, buzzing, clicking in ears) Soothes irritated ear canals & reduces discomfort Supports inner ear health with natural ingredients Helps improve focus & sleep by reducing ear noise distractions

Features: Natural formula with herbal extracts & essential vitamins Fast-absorbing liquid for quicker results than capsules Gentle and safe, no harsh chemicals or side effects Easy-to-use dropper for precise dosing

How to Use: Shake gently before use Take 3-6 drops daily (under the tongue or mixed with water) Best taken consistently for long-term ear health support

Specification: The package includes: tinnitus relief drops Net: 60 ML / 2 Fl.oz Suitable for: Tinnitus Relief for Ringing Ears","Fast-Acting Tinnitus Relief for Ringing Ears: The premium tinnitus relief drops provide quick and effective relief from persistent ear ringing, buzzing, clicking and hissing sounds. These drops work to soothe irritated ear canals and reduce the intensity of tinnitus symptoms, helping you regain your peace of mind and focus throughout the day; Natural & Gentle Ear Support Formula: These gentle yet powerful ringing ear relief drops combine traditional herbal extracts with essential vitamins and minerals to nourish your inner ear. Our all-natural formula is free from harsh chemicals, providing safe and effective tinnitus support without unwanted side effects for long-term ear health maintenance; Restore Mental Clarity & Daily Focus: By effectively reducing the constant distraction of ear ringing, our tinnitus relief solution helps restore your ability to concentrate on work, conversations and daily activities; High Absorption Liquid Formula: The advanced liquid tinnitus treatment delivers active ingredients directly to your system for faster absorption and quicker results. The convenient dropper bottle ensures precise dosing for consistent relief whenever needed; Easy-to-Use Daily Ear Wellness: Simply use the included dropper to place drops under your tongue or mix with water for fast relief. Our tinnitus relief for ringing ears is designed for convenient daily use at home, work or while traveling. The compact bottle fits easily in your bag for relief whenever symptoms occur"
B0FNN2BN9T,B0FNN2BN9T,"Tinnitus Relief for Ringing Ears, Natural Herbal Formula Ear Ringing Relief Tinnitus Drops to Help Stop Ears Ringing, 60 ML Ear Drops for Clogged Ears, Effectively Reduce Ear Noise & Improve Hearing",,"EAR RINGING RELIEF: Our ear drops for clogged ears are highly effective in tinnitus relief for ringing ears. They allow you to say goodbye to buzzing, clicking, hissing, etc. in your ears. Thus, they can reduce the burden of tinnitus.; GENTLE & SECURE: These ear drops are made up of natural ingredients. They do not contain any chemicals so you can use them with confidence. Moreover, they are mild and non-irritating, suitable even for sensitive people.; CLEAN & RECOVER: Our ear ache drops not only help you with tinnitus, they also have the effect of removing earwax. Choose our drops to restore your ear health.; CALM & FOCUS: These drops are effective in relieving tinnitus, and thus reducing ear sensitivity. This helps to prevent tinnitus from causing you disruption and reduces the risk of memory impairment, allowing you to work with more focus.; FASTER ABSORPTION: Our product comes in liquid drop form for easier absorption. Furthermore, it is convenient to use and will help your ears get rid of discomfort easily. We are dedicated to providing total care for your ears."
B0FN7C6KX5,B0FSWWYR49,"Tinnitus Relief for Ringing Ears, Natural Tinnitus Relief Spray, Tinnitus Treatment for Ear Noise & Tinnitus Interference, Improves Hearing for Women Men",,Tinnitus Relief: The tinnitus relief for ringing ears spray is effective in relieving your symptoms of ear noise such as tinnitus; buzzing & tapping; Let you no longer fidget because of tinnitus; bring you quiet; Natural & Mild: Tinnitus treatment spray work by acting directly on the skin deep inside the ear & diffusing the active ingredients; all derived from natural plants; to gently relieve tinnitus; Improving Attention: Reduce tinnitus interference; improve attention; make you more focused on work; reduce the ear is sensitivity to noise; reduce the risk of memory damage; Fast & Comfortable: Tinnitus spray is designed to help you quickly relieve tinnitus by acting deep inside the ear; quickly acting on key points to instantly relieve tinnitus symptoms; Easy to Use: This tinnitus relief comes in spray form; and the compact bottle makes it easy for you to carry & use; All you need to do is lightly spray it in your ear
B0FDKX77J9,B0FDKX77J9,"Tinnitus Relief for Ringing Ears, Tinnitus Relief Patches, Effective Tinnitus Treatment can Reduce Tinnitus, Relieve Hearing Loss, and Improve Ear discomfort, 50PCS",,"Best Tinnitus Relief: Tinnitus relief patches can help you effectively reduce tinnitus and say goodbye to the inexplicable sounds in your ears; Gentle and comfortable: Tinnitus relief patches are made of soft and comfortable materials, fit the skin, and bring gentle care to the ears; Improve concentration: Tinnitus patches can improve your memory and concentration, allowing you to focus on work, study and hobbies; Easy to use: Tinnitus relief devices do not require complicated steps. After tearing off the backing film, stick it on the skin behind the ear. It fits firmly and is not easy to fall off. You can easily enjoy a quiet life; Improve sleep: Tinnitus patches can reduce the interference of tinnitus on sleep at night, create a quiet sleeping environment, help you relax your body and mind, and fall into sweet dreams faster"
B0DXBK6YMY,B0DXBK6YMY,"Tinnitus Relief for Ringing Ears, Tinnitus Relief for Ringing Ears, Ear Drops for Clogged Ears & Ear Ringing Relief, Effectively Reduce Noise in Ears & & Improve Hearing, 2floz","Our tinnitus relief drops help you get rid of all kinds of unpleasant noises in your ears. Protect your ear health and improve your quality of life. ""Ingredients Mullein Flower, Calendula, St. John's Wort, Olive, Garlic, Tea Tree"" ""Notes 1. For use in the ear only. 2. If you experience any allergy or discomfort during use, please stop using the product. 3. Keep out of the reach of children. 4. Store at room temperature.""","STOP RINGING IN YOUR EARS: Our tinnitus relief drops for ringing ears provide temporary relief from ear noise and discomfort. It helps effectively combat all types of annoying sounds and supports a healthy hearing system.; PROTECT HEARING SYSTEM: The best tinnitus relief drops will help you alleviate noise symptoms such as ringing, buzzing, roaring and chirping. Protect your ear and stop being bothered by your tinnitus problem with our ear drops for clogged ears.; NATURAL ACTIVE INGREDIENTS: Our ear ringing relief drops are made with high quality herbal ingredients such as mullein flower and calendula. This gentle formula is free of harsh chemicals, so there are no side effects or irritation to worry about.; ENJOY A PEACEFUL LIFE: The ear ache drops quickly increase blood circulation and soothe the noise in your ears. Tinnitus will no longer interfere with your mood, work and daily life.; CONVENIENT DROPPER DESIGN: Our liquid is packaged in a 60ml bottle with a convenient dropper. Simply squeeze 3 drops into the affected ear for quick relief."
B0DKJ9Q1RX,B0DKJ9Q1RX,"Tinnitus Relief for Ringing Ears, a",1,1
B0DKFP7G1L,B0DKFP7G1L,"Tinnitus Relief for Ringing Ears,120PCS Tinnitus Patches,Effectively Relieves Hearing Loss 3BOX",,Natural extraction; Easy to carry; Use safety; Care for the ears
B0FL1SM7C6,B0FSZLDZYW,"Topffy Tinnitus Relief for Ringing Ears Supplement 1200MG,Supports Hearing Loss & Ear Health- Help Ringing in The Ears & Tinnitus Symptoms,120 Capsules(60-Day Supply)","Features:
1. Effectively relieves all types of tinnitus and says goodbye to annoying noises in the ears.
2. The natural and safe formula is gentle and non-irritating, giving your ears a comfortable treatment.
3. Improves blood circulation and sensitivity to ear noise.
4. Easy to absorb, effectively relieves ear itching and discomfort.
5. Tinnitus relief supplement is simple to use.
Directions:
Take 2 capsules per day for 60 days
Can be taken at any time of the day - before, during or after meals
Precautions:
Keep out of reach of children. Always consult your doctor before using any dietary supplement. Do not use if tamper-proof seal is broken or missing","【Relieve Tinnitus Symptoms】Our tinnitus relief for ringing supplement can temporarily relieve the symptoms of ear noise, such as tinnitus, buzzing, roaring, and knocking.; 【Improves Concentration】Tinnitus relief supplement will reduce the impact of external factors on your concentration, make you more focused on your work, reducing your risk of memory impairment.; 【Nature Formula】Our tinnitus relief for ringing ears supplements are rich in natural vitamins and natural herbal extract that can stabilize the nervous system, and potentially relieve tinnitus.; 【Calms and Rebalances the Nervous System】Powerful ingredients promote blood circulation and reduce the ear's sensitivity to noise. By calming the nervous system, it restores balance and help the health effects of tinnitus.; 【Daily Health Supplement】Take 2 capsules daily for a 60-day supply, providing consistent support for your hearing health."
B0DNTWQMK5,B0DNTWQMK5,Treble Health - Day & Night Tinnitus Relief Kit - 24/7 Sound Therapy for Tinnitus Relief,"Soothing Sound Therapy: Specifically designed for tinnitus relief, 24/7 Find relief from tinnitus all day and night with this complete sound therapy solution. Sound Oasis Sound Machine: Preloaded with Treble Health's exclusive ""Silk"" and ""Shimmer"" soundscapes. Promotes focus, relaxation, and peace during the day. Portable and easy to use anywhere. Adjustable Bluetooth Sleep Headband: Comfortable Dual Ear Design: Soft, breathable material ensures a comfortable, secure fit throughout the night. Wireless Bluetooth: Easily stream your favorite sleep sounds, offering a personalized and relaxing bedtime experience. Trusted Expertise: From the audiologists at Treble Health, a leader in evidence-based tinnitus care via telehealth, with a widely acclaimed tinnitus YouTube channel with over 25 million views.","Soothing Sound Therapy: Specifically designed for tinnitus relief, 24/7 Find relief from tinnitus all day and night with this complete sound therapy solution. Sound Oasis Sound Machine, preloaded with ""Silk"" and ""Shimmer"" soundscapes. Adjustable Bluetooth Sleep Headband, for better sleep despite tinnitus. Trusted Expertise: From the audiologists at Treble Health, a leader in evidence-based tinnitus care via telehealth, with a widely acclaimed tinnitus YouTube channel with over 25 million views."
B0DBXG3DJG,B0DJ3PX8WL,"VITA GLOBE Biotin Gummies 5,000 mcg – Extra Strength Hair, Skin & Nails Support – Mixed Berry Flavor, Vegan, Non-GMO Gummy Vitamins for Women & Men – 40 Count (Pack of 1)","VITA GLOBE Biotin Gummies 5,000 mcg deliver extra strength support for your hair, skin, and nails in a delicious mixed berry gummy. Biotin, also known as Vitamin B7, is an essential nutrient that supports keratin production, the protein responsible for healthy hair structure, smooth skin, and strong nails. Each serving provides 5,000 mcg of biotin, making it an effective and convenient way to add this beauty vitamin to your daily routine. Unlike large tablets or capsules, these gummies are easy to take and enjoyable, helping you stay consistent with your beauty goals. Formulated to be vegan and non-GMO, they are crafted without gluten, gelatin, or artificial flavors or colors, ensuring clean quality you can trust. Ideal for women and men seeking beauty support from within, each bottle contains 40 gummies (Pack of 1), offering a month’s supply of daily nourishment. Choose VITA GLOBE Biotin Gummies to help support stronger nails, radiant skin, and healthy-looking hair every day.","High Potency Biotin 5,000 mcg – Each serving provides extra strength biotin (Vitamin B7) to help support healthy hair, glowing skin, and strong nails as part of your beauty routine.; Supports Keratin Production – Biotin is essential for keratin formation, a key protein that contributes to stronger nails, smoother skin, and thicker-looking hair.; Delicious Mixed Berry Flavor – Enjoy a great-tasting gummy that makes it simple to stay consistent with your daily supplement routine—no large pills required.; Vegan & Non-GMO Formula – Made without gluten, gelatin, or artificial flavors, these gummies provide clean, plant-based nutrition for women and men.; Convenient 40 Count Supply – Each bottle includes 40 gummies (Pack of 1), offering over a month of daily beauty support in a compact, travel-friendly size."
B0FPQ9XSKP,B0FSF9G4DP,VITAMINFATE Tinnitus Relief for Ringing Ears Supplement 1200mg - 120 Capsules | Supports Ear Health and Reduces Tinnitus Symptoms,,"Supports Ear Comfort & Auditory Wellness: Formulated with vitamins, antioxidants ingredients to help reduce to ear-related discomforts like ringing or buzzing. Promotes a calmer auditory experience; Promotes Cognitive Clarity & Focus: Features ingredients that may enhance mental sharpness, concentration, and memory. Aims to address distractions caused by ear discomfort for improved daily focus and cognitive balance; Calms the Nervous System & Circulation: Our unique blend of natural ingredients is designed to promote healthy blood flow. May ease tension and promote relaxation for overall well-being; Gentle Plant-Based Formula: This natural blend prioritizes ear nerve health with gentle yet effective ingredients. Ideal for those seeking a holistic approach to auditory comfort; Simple 2-Capsule Daily Routine: Take 2 capsules daily for a full 60-day supply. Designed for consistency to support ongoing ear health and lifestyle balance. Made in the USA"
B0FQ4W2W4W,B0FKMPPMK3,"VITENIIM Tinnitus Relief for Ringing Ears,Natural Herbal Tinnitus Relief Spray,Effective Tinnitus Treatment to Reduce Ear Noise & Improve Hearing - 30ml",,"Our Tinnitus Relief Drops can effectively reduce all kinds of tinnitus, such as buzzing, clicking, hissing and so on.Let you get rid of the puzzling sound and feel peace.; The tinnitus treatment spray works by acting directly on the skin deep within the ear and diffusing active ingredients, all derived from natural plants, to softly relieve tinnitus.; The tinnitus relief spray effectively eases ringing in the ears, reduces tinnitus interference. By doing so, it enhances concentration, letting you focus better on work and reducing the risk of memory impairment.; Clinically tested for high absorbency, our Tinnitus Relief Oil efficiently reduces ear itching and discomfort, delivering comprehensive care for your ear health.; Clinically tested for high absorbency, our Tinnitus Relief Oil efficiently reduces ear itching and discomfort, delivering comprehensive care for your ear health."
B0CNM8XHP3,B0CNM8XHP3,"VIVE MD Quietum Plus Tinnitus Relief for Ringing Ears - Rapid Ear Ringing Relief, Clear Tinnitus, and Holistic Tinnitus Treatment with 60 Capsules per Bottle (2 Pack)",,
B0F53S9NTD,B0F53S9NTD,VitaLumina Tinnitus Relief Drops to Drink – Natural Tinnitus Relief for Ringing Ears – Liquid Supplement for Ear Ringing Relief Tinnitus & Hearing Support – Fast-Absorbing Formula – 60ml,,"【Tinnitus Relief Drops To Drink – From Inner Peace Comes Outer Quiet】 Discover a revolutionary way to manage tinnitus relief for ringing ears. Unlike traditional topical solutions, our Tinnitus Relief Drops To Drink work from the inside out—helping to calm auditory nerve activity, support healthy inner ear function, and restore a sense of inner quiet. Whether it’s buzzing, roaring, or pulsing sounds keeping you up at night, this oral formula targets the root cause—not just the symptoms.; 【Clinically-Inspired Formula with Natural Neurovascular Support】 Crafted with science-backed ingredients like Choline Bitartrate, Inositol, and Lemon Bioflavonoid Complex, this blend supports cognitive calm, vascular circulation, and nerve balance. These compounds are essential in helping reduce noise sensitivity and promote lasting ear ringing relief tinnitus without the use of stimulants or sedatives. Ideal for anyone experiencing stress-related auditory disruptions.; 【Gentle, Fast-Absorbing & Alcohol-Free for Daily Peace of Mind】 Forget the burning sensation of harsh ear drops. This clean, liquid supplement is alcohol-free, non-GMO, and gentle enough for daily use—even for those with sensitive ears or digestive systems. Designed for fast absorption, the drops deliver relief without residue or irritation, making it a perfect addition to your wellness routine.; 【Simple to Take, Easy to Trust—Anytime, Anywhere】 Enjoy your drops on the go—at home, at work, or while traveling. Just 2–3 drops under the tongue or mixed into your drink is all it takes. The 60ml travel-friendly bottle fits easily in your bag or cabinet, offering targeted tinnitus relief for ringing ears exactly when you need it, with no ear canal application required.; 【More Than Relief – A Daily Ritual for Mental and Auditory Harmony】 This is not just a quick fix. Our formula helps reduce inner ear pressure, soothe nerve overstimulation, and support long-term hearing resilience. Perfect for seniors, musicians, shift workers, or anyone in high-noise environments, this daily wellness support promotes balance in your hearing, your mood, and your mind. Begin every day with clarity—and end it with calm."
B0F544QCNB,B0FGCZ6QY5,"VitaLumina Tinnitus Relief Drops to Drink, Ear Ringing Relief Tinnitus, Natural Liquid Formula for Tinnitus Relief for Ringing Ears, Supports Auditory Health – 60ml",,"【Drinkable Tinnitus Relief – Support from the Inside Out】 Say goodbye to buzzing, roaring, and ringing with our Tinnitus Relief Drops To Drink, a unique oral solution for those seeking fast, targeted tinnitus relief for ringing ears. Unlike traditional ear drops that treat only the surface, this powerful supplement works from within—helping to calm auditory nerves, support inner ear function, and promote all-day quiet. Just add to water or take directly for fast absorption.; 【Science-Backed Ingredients for Hearing Support】 Formulated with Choline Bitartrate, Inositol, and Lemon Bioflavonoid Complex, this supplement supports neurological and vascular function essential for inner ear health. These ingredients are known to help stabilize auditory nerve responses, reduce oxidative stress, and improve blood flow—offering targeted ear ringing relief for tinnitus sufferers who want more than just temporary quiet.; 【Fast-Acting, Non-Irritating & Alcohol-Free】 This liquid ear health supplement absorbs quickly and is free from alcohol, artificial flavors, and harsh chemicals. Its clean formulation is gentle enough for those with sensitive ears or digestive systems. No more sticky residue, no more irritation—just clean, safe support that fits effortlessly into your wellness routine.; 【Easy Daily Use, Anytime Anywhere】 Designed with convenience in mind, this 60ml travel-friendly tincture is perfect for on-the-go lifestyles. Whether at work, traveling, or relaxing at home, you can take your drops anytime for instant calm. Simply apply 2–3 drops directly under the tongue or into a drink—no mess, no ear canal discomfort, no complicated routine.; 【Whole-Ear Wellness – Not Just a Temporary Fix】 This formula goes beyond masking symptoms. It provides 360° support by helping to reduce inner ear pressure, calm stress-related tinnitus triggers, and protect auditory wellness long-term. Whether you're a musician, senior, shift worker, or noise-exposed individual, this daily ear support tool helps restore a peaceful inner soundscape—promoting confidence, clarity, and emotional relief."
B0FB9C3ZDK,B0FQV19HQF,"WONERPRO Tinnitus Relief for Ringing Ears - Supports Ear Health, Reduces Ringing in Ears for Men & Women, 120 Capsules","Tired of constant ear ringing or buzzing? WONERPRO Tinnitus Relief Capsules are designed to help reduce ear ringing, improve cognitive function, and enhance noise tolerance. Formulated with a proprietary blend of natural ingredients, our capsules offer a safe, effective way to support ear health and mental clarity.

Why Choose WONERPRO?
✅ 100% Vegan & Allergen-Free: Gluten-free, soy-free, and free from common allergens like wheat, milk, and corn. No artificial colors, flavors, or preservatives.
✅ Powerful Ingredients: Each serving (2 capsules) contains 1200mg of premium components, including Vitamin B-12, Garlic Extract, Hibiscus Flower, Olive Leaf Extract, and more. These nutrients support nerve health, circulation, and cognitive function.
✅ Scientifically Backed: Our formula combines key nutrients known for their roles in reducing ear discomfort and improving focus.
✅ High-Quality Manufacturing: Made with non-GMO ingredients in a facility adhering to strict quality standards.

Key Benefits
- Reduce ear ringing and buzzing for a quieter auditory experience.
- Improve cognitive function and mental clarity.
- Enhance tolerance to loud or disruptive noises.
- Support overall ear, nerve, and circulatory health.

How to Use
Take 2 capsules daily with a meal. Suitable for adults seeking natural relief from tinnitus symptoms.

Trusted by Those Who Need It Most
Whether your tinnitus is due to age, noise exposure, or stress, WONERPRO offers gentle yet effective support. Join thousands who have experienced relief and improved quality of life.

Take the First Step Toward Relief
Experience the difference WONERPRO Tinnitus Relief Capsules can make. Order now and reclaim your peace and focus!","【Effective Tinnitus Relief for Ringing Ears】Our supplement is designed to ease ringing, buzzing, and other tinnitus-related noises. With natural ingredients, it gently reduces ear noise, helping you regain peace and quiet. Experience relief from ear ringing and improve your daily comfort.; 【Enhances Cognitive Function】Beyond ear relief, this formula supports focus and memory. It sharpens mental clarity, allowing you to think without tinnitus interruptions. Regular use may also help reduce long-term cognitive decline risks.; 【Balances the Nervous System】Powerful ingredients improve blood circulation and reduce sensitivity to ear noise. By calming the nervous system, it restores balance, easing tinnitus effects and promoting overall well-being.; 【Gentle Yet Powerful Formula】Combines natural vitamins and antioxidants to nourish ear nerves and support ear health. Safe for daily use, it offers reliable tinnitus relief while promoting long-term ear wellness.; 【Simple Daily Regimen】Take 2 capsules daily for a 60-day supply. This consistent dose supports hearing health, helping manage tinnitus symptoms and enhance your quality of life. Easy to incorporate into your routine."
B0C6R887LM,B0C6R887LM,"WellYeah Biotin Gummies for Kids 5000 mcg - Supports Hair Growth, Skin Health, and Nails - Natural Sourced Flavors - GMO Free, Gluten Free - Gummy for Boys and Girls - 60 Count",,"High-Strength Biotin Supplement: This 60-count bottle offers 5000mcg of biotin in each serving (2 Gummies), ensuring you receive a potent dose to support your health and well-being while lasting for a full month with daily use.; Multiple Health Support: Biotin may help with hair and nail growth, support healthy skin, assist in turning food into energy, aid in keeping bones and muscles strong, and potentially boost the immune system.; Delicious Raspberry Flavor: Enjoy the great taste of our biotin supplement, featuring a raspberry flavor that makes taking your daily dose a delightful and enjoyable experience, while still benefiting from its numerous health-supporting properties.; Safe and High-Quality Ingredients: Our biotin supplement is made with your well-being in mind, using natural flavors, and is vegan, GMO-free, gluten-free, and dairy-free. You can trust in the safety and purity of our product while enjoying its numerous health benefits.; WellYeah - A Brand Endorsed by Doctors: With a reputation for quality and efficacy, WellYeah is a doctor-recommended brand that you can rely on to provide an exceptional biotin supplement for your kids health and wellness needs."
B0DRG648FT,B0DRG648FT,"YOEALABY Tinnitus Relief for Ringing Ears, Ringing Relief Drops,Effective in Reducing Tinnitus Noise, Reduces Tinnitus Noise, Improves Hearing, Natural Formula, 60ml",,"TINNITUS RELIEF FOR RINGING EARS: Experience immediate relief from constant ringing, buzzing, clicking, and hissing noises in your ears. Our effective formula alleviates discomfort and the disruptive impact of tinnitus, helping you escape the distress of unexplained ear sounds.; IMPROVED LIFE QUALITY: Enhance circulation, boost energy levels, and safeguard ear health with our tinnitus relief solution. It prevents the minor annoyances caused by tinnitus, substantially lifting your overall quality of life.; NATURALLY FORMULATED: Crafted from organic plant extracts and fortified with essential vitamins and minerals, our tinnitus relief liquid is all-natural, ensuring no harmful chemicals, side effects, or allergies. Enjoy the soothing, natural relief it provides.; ENHANCED CONCENTRATION & CLARITY: Our tinnitus relief formula helps minimize the disruptive symptoms of tinnitus, promoting tranquility and mental focus. It prevents tinnitus from interrupting your thoughts, thus enhancing concentration and memory for better productivity.; RAPID ABSORPTION LIQUID FORMULA: Forget slow-absorbing patches. Our advanced liquid formula is quickly absorbed, making usage both effortless and efficient. It supports endocrine regulation, enhances blood circulation, and swiftly diminishes symptoms of tinnitus."
B0FFTGM5LJ,B0FNR2GZMV,"YXMTH 120 Capsules Tinnitus Relief for Ringing Ears,Natural Hearing Health Formula for Tinnitus Support, Promotes Hearing Wellness, Reduces Ear Noise, and Enhances Ear Comfort","Experience peace and quiet with our Tinnitus Relief Supplement, a natural and effective solution designed to alleviate ringing, buzzing, and other annoying ear noises.
Formulated with a gentle, non-irritating blend of natural ingredients, this supplement provides comprehensive support for ear health, helping you regain focus, comfort, and clarity in your daily life.

Benefits:
Relieves Tinnitus Symptoms: Effectively reduces buzzing, clicking, hissing, and other tinnitus-related noises, giving you relief from constant ear discomfort.
Natural and Safe Formula: Made with mild, non-irritating ingredients, our supplement ensures gentle yet effective treatment for your ears.
Improves Blood Circulation: Enhances blood flow to the ears, reducing sensitivity to noise and supporting overall ear health.
Easy to Absorb: Designed for quick absorption, our formula helps alleviate ear itching and discomfort, providing fast and lasting relief.
Simple to Use: Just take 2 capsules daily for a 60-day supply, making it easy to incorporate into your routine for consistent support.How to Use:
Take 2 capsules per day at any time—before, during, or after meals. Each bottle contains a 60-day supply for uninterrupted relief.

Warm Tips:
Keep out of reach of children.
Consult your physician before starting any new dietary supplement.
Do not use if the tamper-proof seal is broken or missing.

Regain your peace of mind and improve your quality of life with our Tinnitus Relief Supplement. Say goodbye to ear noise and hello to a quieter, more focused world!","Find Relief from Tinnitus – Our natural supplement effectively reduces buzzing, clicking, and hissing sounds in the ears, helping you regain peace and quiet while supporting long-term ear health; Improve Focus and Memory – By reducing ear noise sensitivity, our formula helps prevent tinnitus from disrupting your concentration, enhancing mental clarity and reducing the risk of memory impairment; Gentle and Safe Formula – Made with natural vitamins and antioxidants, our tinnitus relief supplement is non-irritating, easy to absorb, and designed to provide comfortable, comprehensive ear care; Support Ear and Nervous System Health – Our advanced formula promotes better blood circulation, reduces ear discomfort, and calms the nervous system, offering relief from headaches and ear-related stress; Simple and Effective – Just take 2 capsules daily for 60 days to experience consistent relief from tinnitus symptoms, improve hearing wellness, and protect your ear nerves with antioxidant support"
B0FJSVXVKM,B0FJSVXVKM,"Yuaben Tinnitus Relief for Ringing Ears, Ear Drops for Clogged Ears & Ear Ringing Relief, Effectively Reduce Noise in E_ars & & Improve Hearing, 60ml","Our tinnitus relief drops help you get rid of all kinds of unpleasant noises in your ears. Protect your ear health and improve your quality of life. ""Ingredients Mullein Flower, Calendula, St. John's Wort, Olive, Garlic, Tea Tree"" Notes 1. For use in the ear only. 2. If you experience any allergy or discomfort during use, please stop using the product. 3. Keep out of the reach of children. 4. Store at room temperature.""","STOP RINGING IN YOUR EARS: Our tinnitus relief drops for ringing ears provide temporary relief from ear noise and discomfort. It helps effectively combat all types of annoying sounds and supports a healthy hearing system.; PROTECT HEARING SYSTEM: The best tinnitus relief drops will help you alleviate noise symptoms such as ringing, buzzing, roaring and chirping. Protect your ear and stop being bothered by your tinnitus problem with our ear drops for clogged ears.; NATURAL ACTIVE INGREDIENTS: Our ear ringing relief drops are made with high quality herbal ingredients such as mullein flower and calendula. This gentle formula is free of harsh chemicals, so there are no side effects or irritation to worry about.; ENJOY A PEACEFUL LIFE: The ear ache drops quickly increase blood circulation and soothe the noise in your ears. Tinnitus will no longer interfere with your mood, work and daily life.; CONVENIENT DROPPER DESIGN: Our liquid is packaged in a 60ml bottle with a convenient dropper. Simply squeeze 3 drops into the affected ear for quick relief."
B0F8X24V5G,B0FC34MQQ2,"Zenotone Tinnitus Relief Supplement - Auditory & Ear Health Support - Promotes Clear Sound - Aids in Reducing Ringing - Juniper & Hawthorn Berry, Garlic, Hibiscus, Vitamin C B-3, 6 & 12 (60 Capsules)","Zenotone offers comprehensive benefits for those experiencing tinnitus-related issues. Unlike many other supplements, Zenotone’s formula contains 12 high-quality extracts that provide nutritional support to address deficiencies potentially linked to tinnitus-related concerns such as high blood pressure. Developed by leading experts in ear health, drawing on data from decades of research, Zenotone is designed to help manage multiple symptoms associated with tinnitus, including ringing, buzzing, and hissing. It also supports ear health, which may assist in reducing the perception of hearing loss due to aging or noise exposure. Zenotone aims to provide rapid, safe support for ear health while helping to maintain overall well-being. Users can feel confident in the product’s quality, knowing it is designed with their health in mind, with no reported side effects. It’s as simple as that.","Promotes Clear Sound - By supporting ear health and function and quieting symptoms of tinnitus, you'll enjoy clear, undistorted sound and naturally restored hearing.; Mutes Ringing In The Ears - Zenotone helps to repair the sensory pathways that carry sound to the brain, reducing ear ringing and other unwelcome noises so you can finally experience the peace you deserve.; Reduces Sleep Disturbances - Without the constant noise of tinnitus symptoms keeping you awake, you'll enjoy dramatically improved sleep, and wake up feeling well-rested and refreshed every morning.; Enhances Emotional Well-Being -The elimination of distressing symptoms and discomfort from related problems such as nausea and headaches will positively impact your mood, productivity, and overall health.; Quality You Can Trust - Gluten-free, vegetarian capsules with high-potency, bioavailable nutrients; 30-day supply designed for optimal results and wellness support—clean, safe, and formulated by experts in a GMP-certified facility."
B0F6PX6VX1,B0F6PX6VX1,"enliven Biotin & Tinnitus Support Gummies | 5000mcg Biotin + Inositol, B12, Folate & Bioflavonoids | Hair, Skin, Nails & Ear Health | Vegan Gummies for Ringing Relief, Focus & Beauty | 60 Count",,"ALL-IN-ONE BEAUTY & CLARITY: Supports hair growth, skin health, and nail strength while aiding auditory clarity and tinnitus relief.; 5000MCG BIOTIN + INOSITOL: High-dose biotin and inositol nourish hair follicles, reduce thinning, and improve skin texture and nail strength.; SUPPORTS EAR HEALTH & FOCUS: With lemon bioflavonoids and B12, this formula helps reduce ear ringing and promotes clearer thinking and concentration.; HELPS IMPROVE SLEEP & MOOD: Calms noise sensitivity and nervous system stress, promoting restful sleep and emotional balance.; TASTY VEGAN FORMULA: Delicious berry flavor and plant-based ingredients make this supplement enjoyable and easy to add to your daily routine."
B0CXY7M573,B0CXY7M573,"enliven Biotin Gummies for Hair Growth & Strong Nails | 5000mcg Biotin + Inositol, Collagen Support | Skin Care Vitamins for Women & Men | Berry Flavor | Vegan Hair Skin Nail Supplement | 60 Gummies",,"POWERFUL BIOTIN SUPPORT: Packed with 5000mcg of biotin per serving, these gummies help promote thicker hair, glowing skin, and strong nails.; HELPS REDUCE HAIR THINNING: Infused with inositol to support hair follicle strength and minimize breakage, encouraging healthier, fuller growth.; NOURISHES SKIN FROM WITHIN: Supports skin hydration and rejuvenation, helping maintain elasticity and a radiant, youthful appearance.; SUPPORTS NAIL GROWTH: With folate and pantothenic acid, this formula aids in keratin formation for resilient, chip-resistant nails.; DELICIOUS & EASY TO TAKE: Vegan-friendly berry-flavored gummies make your daily beauty routine both tasty and convenient."
B0D9ZHLN49,B0D9ZHLN49,"tnvitamins Tinni-Care Lemon Bioflavaniod Supplement an Ear Ringing Relief Formula That May Help with Ringing Over Time | 120 Caplets - Vitamins C, B1, B2, B6 & B12","tnvitamins Tinni-Care Lemon Bioflavaniod Supplement An Ear Ringing Relief Formula That May Help with Ringing Over Time | 120 Caplets - Vitamins C, B1, B2, B6 & B12","✔️ There is No Magic Cure For Ear Ringing. However, Taking Tinni-Care as Directed Over a Prolonged Perios of Time May Help!; ✔️ Tinni-care Contains Powerful Lemon Bioflavonoids Plus Vitamins C, B1, B2, B6, & B12!; ✔️ Doctor Recommneded! Tinni-Care with Lemon Bioflavanoids is Highly Recommended by ENT's!; ✔️ 120 Caplets Per Bottle! Over a 1 Month Supply!; ✔️ Non-GMO! Free of: Sugar, Starch, Milk, Lactose, Gluten, Wheat, Fish, & Artificial Flavors, Sweeteners, and Preservatives. Proudly Manufactured in the USA!"
B00LNJ6BIM,B00LNJ6BIM,Bio Flavonoid Toner(135ml),"Physical Description: Clear, transparent yellow liquid with refreshing orange scent. Alcohol-free, color-free, non-comedogenic. Fragrance: Natural Oil of Orange. PH: 5.5 Technical Product Theory: Couperose skin, the red, spider-like veins frequently found in thin, sensitive complexions, is caused by a destention of the small blood vessels known as ""capillaries"" in the skin. this distention can be due to a weakness in the capillary wall and is frequently aggravated by cigarette smoke, alcohol consumption, medications, stress, extreme changes in heat and cold, or even blowing one's nose too hard or too often. Peoples from the northern climate, are the most common suffers of this skin problem. Medical science has found that Vitamin C accompanied by Bioflavonoids is essential in maintaining the elasticity and integrity of the capillray wall. When concentrations of these two nutrients are depleted or lowered, the capillaries cannot expand and contract with ease, and distention is the result. This is seen in the skin's surface as red ""spider"" like veins, most frequently found in the cheek and nose area. Bioflavonoids and Vitamin C are being investigated by the scientific community to determine their ability to penetrate the skin and be taken up by the capillries. If this is indeed the case, then capillaries can be assisted externally with their capacity to expand and contract easely, restoring their ability to remove toxins and bring nutrents internally to underlying cells. The aloe-based formula helps soothe and soften skin while making the skin easier to penetrate. Sales Description: Reddened or couperose skin will respond quickly to this concentrate of Ale Vera and Lemon Bioflavonoids - two of nature's best known agents to control dry, sensitive complexions plagued by red, speder-like veins. Helps reduce redness, softens rough areas. Light, refreshning and deliciously fragrant with natural Orange Oil. Alcohol-free. Color-free. Non-comedogenic.","Skin tone is normalized and balanced; Skin feels refreshd, moist and soothed; Helps reduce redness, softens rough areas"
B01CW99P6Q,B01CW99P6Q,"Lipo Flavonoid Ear Ringing Relief Caplets, 500 Count","Lipo Flavonoid Ear Ringing Relief is the #1 ENT doctor-recommended supplement for managing tinnitus, featuring the exclusive Tisina Complex, a proprietary blend clinically shown to help reduce ear ringing. Backed by 60+ years of clinical use, it contains essential vitamins like B1, B2, B6, B12, and Vitamin C to support inner ear health. In a study, users reported a 32% improvement after 60 days of use. Lipo Flavonoid offers a trusted solution for tinnitus relief.",#1 ENT Doctor-Recommended Supplement for Managing Tinnitus; Clinically Proven Tisina Complex to Help Reduce Ear Ringing; Backed by 60+ Years of Clinical Use for Inner Ear Health Support; 32% Symptom Improvement Reported in a 60-Day Study; Trusted Solution for Risk-Free Relief
B0BN6ZNLDS,B0BN6ZNLDS,Pro Renew Hearing Support - Contains Vitamin D & Antioxidants to Support Inner & Middle Ear Health - Promote Improved Circulation - Advanced Hearing Formula for Healthy Hearing,"Do you have trouble hearing people talking, music, or the tv? Are you fearful of hearing loss? Is your hearing getting worse with age?
With proper nutrition you can help defend against hearing loss and promote healthy hearing. The problem is taking in the right nutrients through food alone can prove to be a rather tedious task. Many people turn to supplementation for help.
Pro Renew Hearing Support contains a carefully selected combination of premium ingredients to support healthy hearing. It contains a high dose of Vitamin D to help protect the tiny bones in your middle ear that can weaken and cause hearing loss. It also contains antioxidants to fight free radicals and support healthy cells in the inner. Our hearing support supplement may also help relieve some of the underlying causes of poor hearing with the help of turmeric, ginger, garlic, and ginseng which support improved circulation and provide additional benefits.
Buy a bottle today to support healthy hearing!","Pro Renew Hearing Support - Protect Your Hearing; Supports Healthy Hearing with Vitamins, Antioxidants, Minerals, & Herbs; May Help Reduce Underlying Causes of Poor Hearing; Contains Natural Blood Flow Boosting Ingredients to Support Ringing Ear Relief; Made in the USA - 60 Day Satisfaction Guarantee"
B084P4S3ZJ,B084P4S3ZJ,The Relief Products Ring Relief Ear Drops PM - 100% Natural Active Ingedients - for Ringing Ears and Tinnitus Symptoms - Nighttime Formula - 0.33 fl oz,,Easy to use bottle; Ring Relief is the original ear drop for tinnitus symptoms; Tinnitus symptoms tend to be the worse at night; Ring Relief PM drops contains natural homeopathic ingredients that help promote restful sleep such as Chamomile and Valerian root; Melatonin free; Ring Relief PM drops use natural active ingredients that help over time to reduce the severity of ear ringing; For best results us constantly every night for several weeks; Easy to use bottle; Ring Relief is the original ear drop for tinnitus symptoms
B0BN4YMP26,B0BN4YMP26,Tinnitus Max Ring Defense Pro - Ear Health Formula - Reduced Ear Ringing & Hearing Loss Support - Contains Turmeric & Garlic to Support Reduced Inflammation & Improve Circulation to The Inner Ear,"Ringing in the ears and hearing loss can be quite debilitating and frustrating causing issues with socializing, working, concentrating, sleeping, and more.
If you are tired of the buzzing and ringing in your ears it's time to try Max Ring Defense Pro.
Max Ring Defense Pro, an inner ear health formula was designed to support reduced ear ringing and buzzing. It contains natural extracts, antioxidants, and vitamins to aid healthy hearing.
Max Ring Defense Pro may help relieve some of the underlying causes of ringing ears with ingredients to support reduced inflammation, improved circulation, and immune health.
Don't let ringing ears control your life, buy a bottle of Max Ring Defense Pro today!","Inner Ear Support to Aid Reduced Ringing and Buzzing; Contains 20+ Natural Extracts, Antioxidants, Vitamins, and Antioxidants for Hearing Health; Support Reduced Inflammation, Improved Blood Flow, and Immune Health; Hearing Loss & Ringing Ear Relief Support Supplement; Made in the USA – 60 Day Satisfaction Guarantee"
B097RDBGKV,B097RDN988,Approved Science Tinnitol - Tinnitus Support Supplement - Ease Ringing in The Ears - Boost Inner Ear Health - 60 Capsules - Made in The USA,,"Includes B-Sci: A unique blend of Vitamins B1, B2, B3, B5, B6, B9, & B12.; Contains 1000 mg BioCitrus Citrus Bioflavonoid Complex to prevent and ease tinnitus symptoms.; Support inner ear function with Hibiscus, Garlic, Green Tea, & Juniper Berry.; Contains BioPerine (Piperine) to increase the absorption and bioavailability of nutrients.; Vegan friendly formula, no additives, preservatives, or artificial ingredients."
B0013465Z6,B0013465Z6,"Arches Tinnitus Formula - Now with Ginkgo Max 26/7 - Natural Tinnitus Treatment for Relief from Ringing Ears - 100 Count Bottle - 25 Day Supply, Ginkgo biloba extract, zinc picolinate, deodorized garlic","You deserve a better night’s sleep, and a quieter and more productive life. Arches Tinnitus Formula combines clinically proven natural herbal and mineral ingredients to reduce your tinnitus safely. Our proprietary Ginkgo Max 26/7 is the highest quality Ginkgo biloba extract on the market. There is still no cure for tinnitus, and it has many causes. Hearing loss and noise exposure are the largest contributors to tinnitus, responsible for up to 85% of all cases. Most people with tinnitus caused by hearing loss or noise exposure find real relief within 100 days of starting Arches Tinnitus Formula. (One bottle is a 25-day supply.) Over 30 clinical studies have shown the ingredients used in Arches Tinnitus Formula to be effective in reducing tinnitus noise. Most people will see little or no change in the first few weeks, but will experience a noticeable reduction of noise beginning around 10 to 12 weeks. ENT specialist and ear surgeon Darius Kohan, MD, wrote about his patients with tinnitus from noise-induced hearing loss: “Arches Tinnitus Formula does not work for everybody, but it works with about 75% to 80% of these patients. Arches Tinnitus Formula is a safe and benign treatment that we initiate for patients.” (Medco Forum. Volume: 19; Issue: 35: September 2012.)","Real relief from tinnitus.; Scientifically proven tinnitus treatment.; Doctor recommended for tinnitus caused by hearing loss or noise exposure.; Highest quality Ginkgo biloba (Ginkgo Max 26/7), for best results.; Helping tinnitus sufferers for over 25 years."
B00OKO1OMK,B00OKO1OMK,"BariMelts Biotin 5000mcg, 90 Fast-Dissolving Tablets (3-Month Supply), Sugar-Free Bariatric Vitamins for Women, Natural Strawberry Flavor​",,"Post-bariatric-surgery biotin supplement: Barimelts Biotin is uniquely designed to support the nutritional gaps of women who have undergone bariatric surgery with great-tasting, fast-dissolving tablets that are gentle on the stomach​; Bariatric must-haves: Developed for you with an optimal dose of 5000 mcg of biotin for hair, skin, and nail health after bariatric surgery*​ ​; Easy to take: We formulated an enjoyable way to take biotin supplements after bariatric surgery with tasty melt-in-your-mouth tablets that ensure nutrients are readily available for absorption after ingestion, just take 1 tablet daily​; Formulated with you in mind: Available in our natural strawberry flavor, our biotin vitamins are sugar-free, gluten-free, dairy-free, non-GMO and contains only natural sweeteners and flavors​; Committed to quality and care: BariMelts bariatric vitamins follow ASMBS guidelines, are produced in our NSF-certified GMP facility, and undergo third-party testing for potency and purity​"
B0CSBMP5HV,B0FJ5DLJ58,"Biobor Hair Skin and Nails Vitamins Gummies,5200 mcg Biotin Vegan Chewable Supplement for Women Men with Vitamins A C D E, Blueberry Flavored, 60 Count (Random Packing)",,"Promoting Healthy Hair, Skin, and Nails: Biotin positively impacts the health of hair, skin, and nails, helping reduce hair breakage and split ends, improving skin condition, and promoting nail growth; Supporting Energy Metabolism: Biotin serves as a crucial coenzyme in converting carbohydrates, fats, and proteins into energy, participating in the process of energy metabolism; Rich in Vitamins: Abundant in Vitamin A and other essential components, Vitamin E contributes to skin health. Vitamin C, involved in collagen synthesis, effectively regulates skin condition, giving you a radiant complexion; Monthly Supply: Each bottle contains 60 chewable gummies, providing a month's supply. With a delicious blueberry flavor and an easily chewable formula, they are gluten-free, non-GMO, suitable for adult; Quality Assurance: All gummies are GMP certified and undergo third-party testing to ensure accuracy in purity and potency. If you encounter any issues with the product received, please contact us immediately. The production date is clearly indicated on each product label"
B000NP9QMK,B000NP9QMK,"Clarion Lipo-Flavonoid Caplets, 100 caplets","Lipo-Flavonoid Plus is an Extra Strength formula containing twice the normal amount of Lemon Bioflavonoids compared to the regular Lipo-Flavonoid, so it's even more beneficial in reducing the symptoms of Meniere's disease. What is a Lipo-Flavonoid?The Lipo-Flavonoid nutritional supplement was developed by a well know Otolaryngologist (Ear, Nose & Throat Doctor) at a leading clinic in the mid-west more than forty years ago. The supplement was specifically developed to relieve the symptoms of Meniere's disease which include ringing in the ears (tinnitus), dizziness and loss of hearing. If you have ringing in the ears, Lipo-Flavonoid provides nutritional support to improve circulation in the inner ear.","AIDS NUTRITION: Provide nutritional support for the inner ear for people; FORMULATION: Contains Tisina Complex, a proprietary blend of high-potency ingredients; PROPRIETARY BLEND: Contains Vitamins C, B1, B2, B6, B12, Calcium, Choline Bitartrate, Inositol, Niacin, and Pantothenic Acid; THERAPEUTIC BENEFIT: Features a natural lemon bioflavonoid complex; Important to the functionality of the inner ear; SAFE: Meet stringent guidelines for quality, purity and potency"
B0D868W79L,B0D868W79L,Ear Echo Ease Tinnitus Relief Supplement - Our Best Tinnitus Relief for Ringing Ears - Ear Health Supplements for Ringing in Ears Relief & Healthy Hearing Support - Stop Ringing in The Ears,"Make Ear Echo Ease Tinnitus Relief Supplement your ally in the battle against the constant discomfort of ear ringing. Designed specifically to support tinnitus relief for ringing ears, this dietary supplement not only helps clear tinnitus ear ringing but also promotes overall ear health. We know that the relentless buzzing and ringing in my ears disrupts your peace, focus, and sleep. Ear Echo Ease for tinnitus is here to help.

Our unique herbal tinnitus treatment formula combines herbs, vitamins, minerals, and antioxidants that target some of the root causes of ringing in the ears. Unlike conventional med for ringing in ears or ear ringing drops our easy-to-swallow ear ringing relief pills deliver consistent support without the hassle of messy applications. Our natural ear ringing remedy is designed to support optimal circulation, reduced swelling and oxidative stress, while promoting overall ear health. By supporting blood flow, our ear ringing pills help deliver essential nutrients and oxygen, promoting healing and reduced swelling. The antioxidants in our natural ringing ears treatment work to neutralize free radicals, helping protect your auditory cells from damage. This comprehensive approach not only supports immediate ear ringing relief but also aids long-term ear health, making it an ideal choice for those struggling with occasional ear ringing or more chronic symptoms.

Don't let ringing ears control your life. Ear Echo Ease Tinnitus Relief Supplement offers natural and effective support that fits seamlessly into your daily routine. Make our tinnitus relief supplement your partner in the journey to helping restore a clear and peaceful auditory experience. What are you waiting for? Order your bottle today!","Herbal Tinnitus Relief for Ringing Ears - Ear Echo Ease Tinnitus Relief Supplement is designed to help clear tinnitus ear ringing that disrupts your daily life. Our advanced formula combines carefully selected natural ingredients to support ear ringing relief and auditory function.; Supports Ear Health - Our ear ringing relief pills works support optimal blood flow to the ears, aiding essential nutrients and oxygen in reaching the auditory cells. This promotes reduced swelling and healing. Additionally, the antioxidants in our formula help combat oxidative stress, supporting auditory cell health and overall ear health.; Short & Long-Term Benefits - Beyond supporting immediate relief, our supplement offers long-term benefits by promoting sustained ear health and resilience. Regular use supports reduced intensity and frequency of ear ringing, helping you maintain a quieter, more peaceful auditory experience over time.; Convenient and Consistent Use - Unlike messy ear ringing drops, Ear Echo Ease comes in easy-to-swallow ear ringing pills, making it a convenient and hassle-free option. This ensures that you receive consistent support without the inconvenience, allowing for seamless integration into your daily routine.; Made in the USA - Our ear health supplements are designed and manufactured in the United States, adhering to strict quality standards to ensure the quality, consistency, safety, and efficacy while supporting local businesses."
B0F1Z6LRSZ,B0F1Z6R2N9,"Ear Pressure Relief Suction Device - Instant Inner Ear Tension Relief for Migraines, Tinnitus and Travel Discomfort | Safe, Portable and Effective Ear Wax Removal Tool (1-Pack)",,"Instant Relie: Experience immediate relief from ear pressure and tension with this innovative device. It gently stimulates the inner ear using slight air pressure, effectively alleviating discomfort caused by tinnitus, motion sickness, or changes in altitude.; Natural & Safe: A drug-free, non-invasive solution to reduce tension, stress, and symptoms like headaches and migraines. The gentle pressure stimulation provides a natural way to relieve inner ear issues without harmful side effects.; Soft & Gentle: Crafted from soft silicone, this ear pressure regulator fits comfortably in the ear canal without irritating the eardrum. Its gentle touch ensures a soothing experience every time you use it.; Convenient & Portable: Compact and lightweight, this inner ear pressure relief tool is perfect for travel. Whether you're on a plane, in a car, or at home, you can easily carry it with you and relieve ear pressure whenever needed.; Versatile Application: This versatile device is ideal for various conditions, including tinnitus, motion sickness, and air travel. It helps balance inner ear pressure, providing relief during flights, boat rides, or everyday activities.; Reliable After-Sale Service: Enjoy a 90-day risk-free trial and a one-year warranty. For best results, use the product 3-5 times daily for 3-4 weeks. We’re committed to your satisfaction!"
B0CGMRHPXW,B0CGMRHPXW,Ear Ringing Hush Pro - Tinnitus Relief for Ringing Ears - Hearing Support Supplement - Support Reduced Swelling & Improved Circulation for Ear Ringing Relief - Natural Formula Ear Ringing Pills,"Introducing Ear Ringing Hush Pro, the revolutionary tinnitus supplement designed for comprehensive hearing & ear support. If you struggle with hearing conversations, enjoying music, or watching TV, sitting in silence, or getting a good night’s rest due to ear ringing or buzzing, it's time to discover Ear Ringing Hush Pro.

Our scientifically formulated hearing health supplement provides comprehensive ear support, helping to defend against hearing loss, ringing in ears, muffled hearing, while promoting overall ear health. By nourishing your body with the right nutrients, you can enjoy hearing the world around you without the annoyance of ringing ears. Help the ear ring hush with natural ear health support. Made with over 2000 mg of premium ingredients to help target and help your ear ring hush. Ear Ringing Hush Pro is designed to help your ear ring hush and support over all ear and hearing health.

Ear Ringing Hush Pro's expertly crafted advanced hearing support formula contains a carefully selected combination of essential hearing vitamins, minerals, herbs, and antioxidants for tinnitus relief. One of the key components in our best hearing support supplement is Vitamin C, renowned for its antioxidant properties that help combat oxidative stress, a common factor in age-related hearing decline. Paired with Vitamin D, this dynamic duo assists in strengthening the delicate structures and bones within your ears, enhancing their ability to receive and process sound signals. Support reduced swelling, improved blood flow, maintain proper fluid balance in the inner ear, optimize nerve signaling, and support healthy cellular function.

Don't let limitations of ringing ears hold you back from fully experiencing life's precious moments. Unlock the vibrant sounds of the world around you with Ear Ringing Hush Pro. Embrace a world of clear and rich auditory experiences. Get your bottle of Ear Ringing Hush Pro today.","Hearing Support for Ringing Ears & Ear Health; Ear Ringing Health Support to Help Your Ear Ring Hush; Support Inner Ear Circulation & Reduced Oxidative Stress; Natural Tinnitus Supplement with Over 2000mg of Vitamins, Minerals, Antioxidants, & Herbs; Made in the USA with Premium ENT Recommended Ingredients"
B0B4F45W33,B0B4F45W33,Ez Audio - (100 CAPS) Advanced Hearing Ringing Relief Support Tinnitus Calm Tinitus Ear (1),"👂 EZ AUDIO by Nutrel 1 Bottle : 100 CAPSULES HIGH STRENGTH BIOFLAVONOIDS: Packed with a potent 1400mg containing Citrus Bioflavonoids, used to treat tinnitus for decades successfully. Dependable relief from constant ear ringing for men and women. SCIENCE-BASED RELIEF: Doctor formulated, nutritionist recommended ear ringing relief supplement for those struggling with tinnitus. Created by a team of Scientists, Doctors and Nutritionists with 70+ years of combined experience. HYPOALLERGENIC INGREDIENTS: Combines Flavonoids with other clinically studied essential nutrients, including Rutin Powder and Vitamin C to provide 3-in-1 support for your ear health. SAFE, NATURAL EFFECTIVE : Sourced, manufactured and quality tested in a GMP-Certified facility. Made in Florida, USA. Soy , Nut , Gluten , Egg , and Non GMO. These statements have not been evaluated by the Food and Drug Administration. This product is not intended to diagnose, treat, cure or prevent any disease","✅ EZ Audio - Made specifically for people who experience ringing, hissing, buzzing, chirping, whistling, or other types of tinnitus and are getting no relief; ✅ ALL NATURAL - Tinnitus supplement that is as safe as taking a multivitamin. It is suitable for both men and women. If you currently have a medical condition or are taking medication, please consult a doctor prior to use.; ✅ CREATES CALM – Stop living with the noise and get back to enjoying life. Ez Audio is the all natural supplement that supports calm and quietness.; ✅ COGNITIVE FUNCTION – Optimize your mind with Tinnitus 911, and support your memory retention and focus.; ✅ BLEND OF SYNERGISTIC INGREDIENTS - Grab your EZ Audio today. It may very well be all you need, regardless of tinnitus severity or age."
B08XNDBYYX,B08XNDBYYX,"FORTE NATURALS Hair Growth Biotin Gummies for Women, Hair Skin & Nails Vitamins, 5000mcg Biotin, Made in USA, Iodine for Nail Fungus, Choline Inositol Supplements, Biotina Gomitas para el Cabello",FORTE NATURALS HAIR SKIN and NAILS Gummies with Biotin 5000mcg Supplements are Made in USA and help support the growth of healthy hair skin and nails. Now available at WHOLE FOODS MARKET stores. Why do our FORTE NATURALS HAIR SKIN NAILS really work? Because our Hair Skin Nail vitamin supplements contain a unique formula of multiple supporting vitamins such as: Vitamin A Retinol Vitamin C Vitamin D3 Vitamin E Vitamin B6 Folic Acid Vitamin B12 Biton 5000mcg Iodine Zinc Choline and Inositol FORTE NATURALS HAIR SKIN & NAILS BIOTIN 5000mcg GUMMIES are: Kosher Vegan Made in the USA with ingredients from around the world Gluten Free NON GMO Halal,"● Biotin 5000mcg - FORTE NATURALS hair vitamins contains all natural coconut oil for skin and hair growth including biotin 5000 mcg supplement, vitamin A retinol, C and E, Zinc, Choline Inositol Iodine Supplement plus prenatal Folate and B12 supplement gummies.; ● ●HAIR NAILS AND SKINCARE - Hair growth vitamins for women contains beauty supporting biotin that helps in glowing skin, grow healthier hair, and improve nail strength support. Our formula contains essential prenatal gummy multivitamin for women with folic acid in a sweet chewable supplement strawberry coconut.; ● ANTI-AGING - Taking a daily Iodine Supplement for thyroid support for women is very important to help anti aging. FORTE NATURALS Hair Skin Nails Biotin gummies with Iodine, Folate and Zinc help to smooth wrinkles.; ● BIOTIN SUPPORT GUMMIES - Our FORTE NATURALS Biotin 5000mcg gummies for hair growth also supports strong hard nails. Biotina gomitas para el cabello.; ● COCONUT OIL - Our delish vegan kosher halal gummy vitamins are made with Florida Coconut Oil for silky shinny hair, white teeth and hard nails will cause white dots to appear on the gummies. This is completely normal when coconut oil is kept in cold temperatures because coconut oil naturally becomes a solid in cold room temperatures.; ● PROUDLY MADE IN THE USA with ingredients and raw materials sourced from around the world - All FORTE NATURALS vitamin supplements are made in the USA in small batch manufacturing to ensure the highest quality, freshness and full transparency ALWAYS!!!; ● TRUST FORTE NATURALS WITH YOUR HEALTH - Purity is paramount with FORTE NATURALS vitamin supplements: All FORTE NATURALS vitamin supplements are always specially formulated for sensitive stomachs and are always third party evaluated every time!; ● WHOLE FOODS MARKET - FORTE NATURALS Hair Skin Nails Biotin Vitamin Gummy Supplements are now available at select WHOLE FOODS MARKET stores."
B08YRWXTPY,B08YRWXTPY,"Horbäach Citrus Bioflavonoids Supplement | 1500mg | 300 Caplets | Vegetarian, Non-GMO, and Gluten Free Formula | Value Size",,"CITRUS BIOFLAVONOIDS: Strong source of antioxidants discovered in nature from citrus fruits; COMPLEX FORMULA: Delivers a powerful 1,500 mg bioflavonoid complex per serving in coated caplets; EXPERTLY CRAFTED: Our premium formula is backed by our commitment to purity and potency; HORBAACH MANUFACTURERS: Laboratory Tested, Trusted Ingredients, Superior Quality, 100% Guaranteed!; VEGETARIAN FORMULA: Naturally free of Gluten, Wheat, Artificial Flavor, Preservatives & Non-GMO"
B086H41VWG,B086H41VWG,Horbäach Lemon Bioflavonoids Supplement | 1400 mg | 200 Capsules | Complex with Rutin and Hesperidin | Non-GMO and Gluten Free,,"BIOFLAVONOIDS COMPLEX: We've combined phenolic compounds from Lemon, Hesperidin and Rutin; OPTIMAL FORM: Get triple action support with convenient, quick-release capsules!; EXPERTLY CRAFTED: Our professional formula is backed by our commitment to purity and potency; HORBAACH MANUFACTURERS: Laboratory Tested, Trusted Ingredients, Superior Quality, 100% Guaranteed!; NATURALLY FREE OF: Gluten, Wheat, Yeast, Milk, Lactose, Artificial Flavor & Artificial Sweetener"
B074V8R6NL,B074V8R6NL,"Lipo Flavonoid Day & Night Combo Kit, Tinnitus Relief for Ringing Ears, Lipo Flavonoid Plus & Lipo Flavonoid Night with Melatonin & Vitamin C, 90 Caplets","Lipo-Flavonoid Day & Night Combo Kit, Tinnitus Relief for Ringing Ears, Lipo-Flavonoid Plus & Lipo-Flavonoid Night with Melatonin, 90 Caplets","CONVENIENT DAY/NIGHT KIT: contains 60 caplets of Lipo-Flavonoid Plus for your morning and midday doses and 30 caplets of Lipo-Flavonoid Night, with added melatonin, for your evening dose to help in falling and staying asleep.; #1 DOCTOR RECOMMENDED: Lipo-Flavonoid Plus is considered by ENTs to be the most effective over-the-counter solution to reduce ear ringing.; NATURAL BIOFLAVONOID: provides nutritional support for the inner ear for people with tinnitus and helps them add melatonin to daily self-care.; CLINICALLY STUDIED: long standing clinical research combined with studies on the benefits of melatonin for tinnitus clearly outline the benefits of Lipo-Flavonoid products.; MONEY BACK GUARANTEE: if you don’t find relief from ringing in the ears with use as directed for 60 days, we will refund your purchase. Must have receipt or proof of purchase to qualify."
B07GTJ3DSV,B0F8M94RTT,"Lipo-Flavonoid Balance Support Supplement - Inner Ear Health & Vertigo Relief with Ginkgo Biloba, Bioflavonoids, & B Vitamins - Reduces Dizziness, Spinning, & Swaying - 30-Count","Lipo Flavonoid Balance Support - Ingredients clinically shown to promote optimal hearing & help reduce the risk of hearing decline. (These statements have not been evaluated by the food and drug administration. This product is not intended to diagnose, treat, cure, or prevent any disease.)","Targeted Balance Support - Specially-formulated to help reduce the risk of vertigo-like symptoms, including dizziness, spinning, & swaying, caused by poor inner ear health.; Clinically-Studied Ingredients - Combines a powerful blend of Ginkgo biloba, vitamin D, bioflavonoids, & B vitamins, clinically proven to promote ear health & balance - especially for those with BPPV (benign paroxysmal positional vertigo).; Doctor-Recommended - The #1 ENT doctor-recommended brand for ear health & ringing in the ears, with over 60 years of clinical expertise.; Supports Inner Ear Function - Designed to improve blood flow to the inner ear, enhance nutrient absorption, & support the delicate structures responsible for balance & stability.; Safe, Once-Daily Formula - Easy-to-swallow caplets with a clean label - gluten-free, dairy-free, & free from artificial colors - gentle on the system & ideal for daily use."
B01NBK0YCT,B01NBK0YCT,Lipo-Flavonoid Dietary Supplement Caplets for Ear Ringing - 100 Count,"Lipo-Flavonoid Ear Ringing is a trusted, science-backed dietary supplement recommended by ENT doctors to help manage tinnitus, or ringing in the ears. Featuring a proprietary Tisina Complex, this formula is clinically shown to reduce the symptoms of ear ringing and improve overall ear health. With over 60 years of clinical use, Lipo-Flavonoid offers a proven solution for tinnitus relief. Each caplet combines a blend of vitamins and minerals, including Vitamin C, B1, B2, B6, B12, and Niacin, that work together to support healthy ear circulation and manage ringing in the ears. For first-time users, six caplets a day are recommended for the first 60 days, followed by a maintenance dose of three caplets daily. Lipo-Flavonoid offers an effective, clinically-tested approach to ear health.","Trusted, Science-Backed Supplement Recommended by ENT Doctors; Proprietary Tisina Complex Clinically Shown to Reduce Ear Ringing; Over 60 Years of Clinical Use Supporting Tinnitus Relief; Contains a Blend of Vitamins C, B1, B2, B6, B12, and Niacin for Ear Health; Recommended Dosage: Six Caplets Daily for 60 Days, Then Three Caplets for Maintenance"
B0DYR7DQYF,B0FRBF4BD7,"Lipo-Flavonoid Fast-Acting Ear Ache Pain Relief - 4% Lidocaine Maximum-Strength for Swimmer's Ear, Cold & Flu, Allergies - Safe for Adults & Children - Relieves Ear Pain, Swelling & Water-Clogged Ears","New Lipo Flavonoid Ear Pain Relief Drops provide fast-acting, soothing relief from earaches, swelling, discomfort, & pressure, with an enhanced 4% lidocaine pain relief formula. This trusted ear care solution also helps to dry water-clogged ears & gently flush ear wax & debris. Safe & effective for both children & adults, this product is recommended by ENT doctors as the top choice for ear pain relief.","Maximum-Strength Relief - Contains 4% lidocaine, the highest strength available without a prescription, to deliver powerful, fast-acting relief from earaches.; Fast-Acting On-Contact Formula - Quickly alleviates ear pain, throbbing, & pressure caused by colds, flu, allergies, or swimmer’s ear.; Comprehensive Ear Care - Helps dry water-clogged ears, flush out earwax & debris, & ease discomfort from swelling, congestion, & irritation.; Doctor-Recommended Brand - From the makers of Lipo-Flavonoid, the #1 ENT doctor-recommended brand for over 60 years in ear health & wellness.; Family-Friendly & Non-Prescription - Gentle, effective relief safe for adults & children ages 2 & up - trusted support for the whole family."
B018J1LOSI,B018J1LOSI,"Lipo-Flavonoid Plus Tinnitus Relief - Doctor-Recommended for Ringing Ears - Clinically-Proven Lemon Bioflavonoid Complex with Vitamins C, B1, B2, B6, B12, & Calcium - 100 Caplets","Lipo-Flavonoid is a natural bioflavonoid product that has been used extensively for decades to provide nutritional support for the inner ear for patients with Meniere’s syndrome & tinnitus. It's a safe, often effective product that can provide relief to people who suffer with ear ringing. Lipo-Flavonoid contains #1 doctor-recommended lemon bioflavonoids & other essential nutrients to help support inner ear health. Proper dosing is essential for achieving optimal results with Lipo-Flavonoid. When taken correctly, the therapeutic benefit has been widely recognized in over 50 years of clinical observation. Take 2 caplets 3x a day (6 caplets per day) for at least 60 days (a total of 360 caplets). While there's no known tinnitus treatment that will bring complete relief to all sufferers, Lipo-Flavonoid has been shown to provide relief for some people who suffer from ringing in the ears. While Lipo-Flavonoid may not work for everyone, we stand behind our product, our history, & our results. If you don’t find symptom relief with use of Lipo-Flavonoid caplet products as directed for 60 days, we will refund your purchase.","#1 Doctor-Recommended for Tinnitus Relief - Trusted by ENT specialists as the leading over-the-counter solution for reducing ear ringing & managing tinnitus symptoms.; Clinically-Studied Formula - Backed by over 50 years of clinical use & observation for its effectiveness in supporting inner ear health & reducing tinnitus discomfort.; Natural Lemon Bioflavonoid Complex - Contains a targeted blend of essential nutrients, including vitamin C, B1, B2, B6, & B12, to promote healthy circulation & optimal ear function.; Therapeutic Use for Best Results - For maximum effectiveness, take 2 caplets 3x daily for at least 60 days as part of your daily tinnitus relief routine.; Satisfaction Guaranteed - If you don’t experience relief after 60 days of use as directed, we’ll refund your purchase - just provide your receipt or proof of purchase."
B07GTHKNC6,B07GTHKNC6,"Lipo-Flavonoid Plus Tinnitus Relief - Doctor-Recommended for Ringing Ears - Clinically-Proven Lemon Bioflavonoid Complex with Vitamins C, B1, B2, B6, B12, & Calcium - 150 Caplets","Lipo-Flavonoid is a natural bioflavonoid product that has been used extensively for decades to provide nutritional support for the inner ear for patients with Meniere’s syndrome & tinnitus. It's a safe, often effective product that can provide relief to people who suffer with ear ringing. Lipo-Flavonoid contains #1 doctor-recommended lemon bioflavonoids & other essential nutrients to help support inner ear health. Proper dosing is essential for achieving optimal results with Lipo-Flavonoid. When taken correctly, the therapeutic benefit has been widely recognized in over 50 years of clinical observation. Take 2 caplets 3x a day (6 caplets per day) for at least 60 days (a total of 360 caplets). While there's no known tinnitus treatment that will bring complete relief to all sufferers, Lipo-Flavonoid has been shown to provide relief for some people who suffer from ringing in the ears. While Lipo-Flavonoid may not work for everyone, we stand behind our product, our history, & our results. If you don’t find symptom relief with use of Lipo-Flavonoid caplet products as directed for 60 days, we will refund your purchase.","#1 ENT Doctor-Recommended - Endorsed by ear, nose, & throat specialists as the top over-the-counter choice for reducing ringing in the ears & supporting auditory health.; Clinically-Trusted for 60+ Years - Backed by decades of clinical use, this time-tested formula helps alleviate tinnitus symptoms & promote overall inner ear wellness.; Powerful Nutrient Blend - Formulated with a natural lemon bioflavonoid complex plus key vitamins & minerals - including vitamin c, vitamin b complex, calcium, & niacin - to help nourish & protect the inner ear.; Results You Can Rely On - For optimal relief, take 2 caplets 3x daily for at least 60 days. Consistent use is essential for the best results.; Premium Quality Assurance - Manufactured in the USA in FDA-registered facilities & backed by a 60-day money-back guarantee - because your satisfaction matters."
B01M1NHMEC,B01M1NHMEC,"Lipo-Flavonoid Plus Tinnitus Relief - Doctor-Recommended for Ringing Ears - Clinically-Proven Lemon Bioflavonoid Complex with Vitamins C, B1, B2, B6, B12, & Calcium - 500 Caplets","Lipo-Flavonoid is a natural bioflavonoid product that has been used extensively for decades to provide nutritional support for the inner ear for patients with Meniere’s syndrome & tinnitus. It's a safe, often effective product that can provide relief to people who suffer with ear ringing. Lipo-Flavonoid contains #1 doctor-recommended lemon bioflavonoids & other essential nutrients to help support inner ear health. Proper dosing is essential for achieving optimal results with Lipo-Flavonoid. When taken correctly, the therapeutic benefit has been widely recognized in over 50 years of clinical observation. Take 2 caplets 3x a day (6 caplets per day) for at least 60 days (a total of 360 caplets). While there's no known tinnitus treatment that will bring complete relief to all sufferers, Lipo-Flavonoid has been shown to provide relief for some people who suffer from ringing in the ears. While Lipo-Flavonoid may not work for everyone, we stand behind our product, our history, & our results. If you don’t find symptom relief with use of Lipo-Flavonoid caplet products as directed for 60 days, we will refund your purchase.","Doctor-Recommended for Tinnitus Relief - Trusted by ENTs, Lipo-Flavonoid is one of the most effective over-the-counter solutions to reduce ear ringing, making it the go-to choice for many seeking relief from tinnitus.; Clinically-Proven Formula - With over 50 years of clinical use, this unique blend of natural lemon bioflavonoids & essential nutrients has been recognized for its therapeutic benefits in managing tinnitus & Meniere’s disease.; Comprehensive Nutritional Support - Packed with a powerful combination of vitamin C, B1, B2, B6, & B12, along with key nutrients like calcium, choline bitartrate, & niacin, designed to support inner ear health & reduce ear ringing.; Optimal Dosage for Maximum Relief - For best results, take 2 caplets 3x daily (6 caplets total) for at least 60 days to experience effective relief from tinnitus & ear ringing.; Risk-Free with Money-Back Guarantee - If you don’t find relief after 60 days of use as directed, we’ll refund your purchase. (Proof of purchase required.)"
B0D3V6H12V,B0D6C2D2L3,"Loop Engage 2 Plus Ear Plugs Everyday Noise Relief with Clear Speech for Social Gatherings, Work, Conversation, Parenting & Sensitivity 16 dB Noise Reduction + Mute for Extra Coverage",,"FEWER DISTRACTIONS, MORE CONNECTION – Designed with socializing in mind, Engage 2 Plus earplugs offer discreet relief against everyday noise for clear and focused conversations, with 16 dB (SNR) of noise reduction (+9 dB with included Mute).; KEEPS CONVERSATIONS CLEAR – Engage 2 Plus earplugs filter background noise, minimizing the 'blocked ear' sensation common when speaking with earplugs. Stay present when parenting, socializing and collaborating on projects.; EXTRA COVERAGE ON DEMAND – Comes with removable Loop Mute accessories for an extra 9 dB of coverage when you need it most.; EASY TO USE & CUSTOMIZED FIT – Customize your fit with 4 upgraded ear tip sizes for a secure fit, even in smaller ears. Loop earplugs are reusable, easy to clean and built to last. Just pop them in, twist to secure and head out at your volume.; IN THE BOX – 1 set of Loop Engage 2 Plus earplugs, 2 sets of Mute accessories (2 x black, 2 x white), 4 sets of silicone ear tips (sizes XS, S, M, L – M comes pre-installed), 3 sets of foam ear tips (sizes S, M, L), 1 portable keychain Carry Case."
B002VPE7VK,B002VPE7VK,"MASON NATURAL Advanced Ear Health, 33 Day Supply, Supports Normal Circulation in The Inner Ear & Ringing, 100 Caplets",,"DAILY EAR SUPPORT: An easy-to-swallow capsule that adults 18+ take 3 daily, preferably with food, as a dietary supplement; VITAMIN C & VITAMIN B1: 300mg Vitamin C, 1mg Vitamin B1, 3mg Vitamin B2, 100mg NE Vitamin B3, 1mg Vitamin B6, 5mcg Vitamin B12, 5mg Pantothenic Acid, 87mg Calcium, 334mg Choline, 600mg Bioflavonoids, 334 Inositol; BENEFITS: Known to support normal ear health and ringing ears; CLEAN INGREDIENTS: No added sugar, starch, yeast, soy, corn, wheat, dairy, gluten, fish, tree nuts, peanuts, egg, fragrance, artificial flavors, preservatives, animal products, crustacean shellfish and is sodium free; TRUSTED FOR OVER 50 YEARS: Mason Natural has produced quality vitamin supplements for over five decades, adhering to cGMPs (current Good Manufacturing Practices) and US guidelines with rigorous testing & inspections"
B0973GF9MJ,B0FS2MQK1C,"MASON NATURAL Ear Health Plus with B Vitamins, 50 Day Supply, Supports Normal Ear Health and Ringing",,"DAILY EAR SUPPORT: An easy-to-swallow tablet that adults 18+ take 2 daily, preferably with food, as a dietary supplement for normal healthy ear function; VITAMIN C & B1: 200mg Vitamin C, 0.67mg Vitamin B1, 2mg Vitamin B2, 6.67mg Niacin, 0.67mg Vitamin B6, 3.34mcg Vitamin B12, 3.33mg Pantothenic Acid, 200mg Choline, 58mg Calcium, 400mg Inositol, 400mg Bioflavonoids; BENEFITS: Known to support normal ear health and ringing ears; CLEAN INGREDIENTS: No added sugar, starch, yeast, soy, corn, wheat, dairy, fish, tree nuts, peanuts, egg, fragrance, artificial flavors, preservatives, animal products, crustacean shellfish and is sodium free; TRUSTED FOR OVER 50 YEARS: Mason Natural has produced quality vitamin supplements for over five decades, adhering to cGMPs (current Good Manufacturing Practices) and US guidelines with rigorous testing & inspections"
B08MVRK4R9,B0CTRCVLB9,"Marie Originals Natural Ear Oil Drops | Mullein Garlic Oil Ear Drops for Infection Prevention, Herbal Ear Ache Drops for Adults, Kids & Pets, Soothes Ear Pain & Wax Removal, Earache Remedies (1 Pack)",,"General and Preventative Use: This oil-based drop is ideal for relieving minor to moderate ear pain related to infections and for daily preventative care. Perfect for maintaining ear health, preventing infections, and addressing ear discomfort.; Herbal Benefits: Premium ingredients like Calendula and St. John’s Wort offer calming properties, Mullein Flower provides soothing relief, and Garlic and Tea Tree deliver natural antibacterial benefits for enhanced ear health and comfort.; Eases Discomfort & Unclogs Ears: Soothes earaches and acts as a lubricating earwax remover. Helps relieve discomfort and effectively clears ear blockages, ensuring better ear health and comfort.; Family-Friendly Ear Care: Safe for everyone, including pets, adults, and kids. This holistic formula provides effective relief from earaches and discomfort, ensuring comprehensive ear care. Ideal for both preventive measures and urgent relief.; Swimmer’s Essential Ear Companion: Perfect for summer and water activities, this natural ear oil helps soothe discomfort, prevent dryness, and maintain ear cleanliness after swimming. A must-have for ear care, promoting comfort and wellness all season long."
B0D6X71FZB,B0D6X71FZB,Max Tinnpro Tinnitus Relief Capsules - Our Best Tinnitus Relief for Ringing Ears - Ear Health Ear Ringing Remedy for Ringing in The Ears & Ear Discomfort - Ear Ringing Pills - Ringing in Ears Relief,"Discover a natural supplement designed for your auditory discomfort. Max Tinnpro Tinnitus Relief Capsules are expertly formulated to offer comprehensive ear and hearing support, specifically targeting the symptoms of tinnitus. If you've been searching for an herbal tinnitus treatment or a natural ear ringing remedy, look no further. Our ear ringing relief pills are designed to help clear tinnitus ear ringing, promoting healthy auditory function.

Tinnitus can be a persistent and frustrating condition, characterized by a constant or intermittent ringing ears. Max Tinnpro Tinnitus Relief Capsules's advanced formula contains ingredients to help soothe your auditory system. Each capsule is packed with nutrients to support healthy hearing, making these ear ringing pills an essential addition to your daily health regimen. Tinnitus Relief Capsules take a holistic approach to ringing ears treatment, supporting relief from the constant disturbance of ringing in the ears. The powerful blend of vitamins, minerals, herbs, and antioxidants help nourish the auditory pathways, promoting overall ear health and reducing the discomfort of tinnitus.

Whether you're new to seeking tinnitus treatment or have tried other remedies without success, our product provides a trusted alternative for ear ringing relief. Unlike med for ringing in ears or ear ringing drops, our capsules require no prep work or messy clean up. Our ear ringing pills are easy to incorporate into your routine and provide consistent support for those looking to help stop ringing in the ears.

Take the first step towards clear, peaceful hearing today and don't let ringing in my ears control your life. Choose Tinnitus Relief Capsules to provide the comprehensive ear and hearing support. With our unique formula, you can support a healthy auditory experience. Order your bottle today!","Holistic Approach - Tinnitus Relief Capsules take a comprehensive approach to supporting ear care, helping clear tinnitus ear ringing while also promoting overall ear and hearing wellness.; Natural Ingredients - Our ear ringing pills are crafted with a potent blend of natural ingredients chosen for their ear ringing relief properties, promoting a safe and effective approach to managing tinnitus ringing ears.; Aids Auditory & Ear Health - Packed with essential vitamins, minerals, herbs and antioxidants, our tinnitus relief for ringing ears formula helps nourish the auditory pathways, supporting enhanced hearing and ear health while helping reduce the discomfort associated with tinnitus.; Long-Term Daily Support - Designed for long-term support, our ear ringing pills can be easily incorporated into your daily routine, providing ongoing support to help with ear ringing and aid your auditory health.; Made in the USA - Max Tinnpro Tinnitus Relief Capsules are designed and manufactured in the United States, adhering to strict quality standards to ensure the quality, consistency, safety, and efficacy while supporting local businesses."
B0F8J1XJ4M,B0F8J1XJ4M,"Migcopat Tinnitus Relief for Ringing Ears, Tinnitus Relief Supplement with Ginkgo Biloba & Vitamin B12 | Support Ear and Nervous System Health, Vegan & Gluten-Free – 120 Capsules",,"Supports Ear Wellness & Circulation: Crafted with Ginkgo Biloba, Garlic Extract, and Hibiscus Flower to help support ear wellness and promote healthy circulation. These traditionally used herbs contribute to general ear and vascular health.*; Nerve Function & Energy Support: Features essential B vitamins (B3, B6, B12) that help support healthy nerve function and energy metabolism — nutrients that play a role in maintaining vitality as part of a balanced lifestyle.*; Sleep & Relaxation Support: Each serving provides 2mg of Melatonin to support healthy sleep-wake cycles. Combined with Rhodiola Rosea, this formula helps support nighttime relaxation and promotes a calm, focused start to the day. 【* This updated formula reduces melatonin from 20mg to 2mg—offering a gentler, more natural approach to sleep support. Designed to help you fall asleep comfortably without next-day drowsiness, so you can rest better and start your day refreshed.】; Melatonin Warning: Not intended for use by pregnant or nursing women, individuals under the age of 18, or those with medical conditions or taking medication without prior medical advice. Consult a healthcare professional before use.*; Vegan-Friendly & Clean Formula: Contains 120 vegan capsules (60 servings). Made with naturally sourced, high-quality ingredients — free from artificial additives, gluten, dairy, and GMOs. Suitable for vegan and plant-based lifestyles.; Suggested Use: Start with 1 capsule to assess tolerance. Do not exceed 2 capsules in a 24-hour period. Take with 8oz of water, 1–2 hours before bedtime. May cause drowsiness. Do not drive or operate machinery for at least 6 hours after use.*"
B0BP7R5469,B0BP7R5469,"NaturalCare RingStop, Homeopathic Tablets, 60ct",,"For relief of: Ringing in the ears; Sensitivity to noise; Buzzing in the ears; Effective: Natural active ingredients treat symptoms at the source.; Gentle: Non-drowsy formula without the jitters, dryness or thirst.; Safe: No known medication interactions."
B000EQ0CGC,B000EQ0CGC,"Nature's Answer Lipo Flavonoid Plus Ear Ringing Supplement, Bio-Flavonoids with Rose HIPS, Immune Support, Kosher, Organic Low Alcohol, Citrus Bioflavonoids, Gluten Free, Made in USA, 8 oz","Nature's Answer® organic alcohol extracts are produced alcohol, water and natural extractants. All extractants are then removed through our Bio-Chelated® proprietary process, yielding capsules, and are more potent than tinctures. Holistically Balanced™ guarantees that the constituents of the extract are in the same synergistic ratios as in the plant. Manufactured in our FDA registered and pharmaceutically licensed facility","Bioflavonoids Supplements: Enhance your wellness with our Bio-Flavonoids With Rose Hips, known for their antioxidant benefits and immune support. This citrus bioflavonoid supplement helps combat free radicals and supports overall health.; Lipo Flavonoid Balance Support: Our formula includes organic bioflavonoids, promoting lipo flavonoid balance support. It aids in maintaining ear health, providing relief from tinnitus and ear ringing, with a delicious taste.; Flavonoids for Tinnitus: Experience the power of bioflavonoids for tinnitus relief. This citrus bioflavonoid complex from nature's answer is crafted in the USA, ensuring high quality and efficacy with a kosher and gluten-free formulation.; Citrus Bioflavonoids Supplement: Our lemon bioflavonoids enhance the body's defense mechanisms. This citrus bioflavonoids supplement offers antioxidant support, promoting healthy circulation and aiding in the relief of purpura symptoms.; Lipo-Flavonoid Plus: Lipo-flavonoid plus by nature's answer provides comprehensive support for ear health. This bioflavonoid complex, enriched with rose hips, is crafted with organic low alcohol, ensuring a great taste and effective results."
B00020IFA0,B0B627X5XL,"Nature's Life Lemon Bioflavonoids 1000mg - Citrus Bioflavonoids Supplement with Hesperidin and Rutin - Antioxidant and Cellular Support, Vitamin C Absorption - 60 Day Guarantee, 100 Serv, 100 Tablets",,"Tri-Complex – A hardworking antioxidants supplement, Nature's Life Lemon Bioflavonoids provide 1000mg of citrus bioflavonoids and 100mg each of Hesperidin and Rutin – the perfect trifecta for antioxidant support.; Flavonoids to the Rescue – Polyphenols naturally found in lemons and other citrus fruits, bioflavonoids support cellular health by helping to neutralize free radicals and may help the body absorb and utilize all-important Vitamin C.; GMP Certified – GMP stands for Good Manufacturing Practice, and it ensures that all the products we make – including our bioflavonoids supplements – follow stringent quality standards. We even document each step of the manufacturing process.; Our Policy is Quality – All supplements are not created equal and “less than” will not stand at Nature’s Life. We craft and source our products with exceptional care, turn away 90% of new raw ingredients and triple-test every product to ensure quality equality to all.; Love Your Mother Earth – Our products help fill nutritional gaps without taking away from the earth – and we put our money where our mouth is. We’re members of 1% for the Planet, meaning that we donate 1% of our annual sales to go towards environmental causes."
B07T351RQF,B0FS6H2YWJ,"Piping Rock Tinnitus Supplement | 90 Caplets | Vegetarian, Non-GMO, Gluten Free",,"Potent formula; Designed to support any routine; Superior quality at the best value; Non-GMO and Gluten Free; Laboratory Tested, using Trusted Ingredients"
B007L0D2BG,B007L0D2BG,"Polyflavonol with Bioflavonoids, Tinnitus Relief, Unique Ear Health Formula, Ringing Ears Support, Supports Circulation in Inner Ear, Promotes Hearing Health, 90 Capsule, 30 Servings",Polyflavonol Ear Health Formula,"COMPLETE EAR HEALTH. Polyflavonol features bioflavonoids that are known for their antioxidant activity, along with Vitamin A, Vitamin C and a wide spectrum of B Vitamins, will provide nourishment of daily living and support for the immune system.; PROMOTES EAR HEALTH. Polyflavonol is formulated to promote ear health and circulation for optimal support.; HEALTHY HEARING. Polyflavonol may promote improvement circulation in inner ears. Support your inner ear health thanks to Polyflavnol.; 100% MADE IN THE USA. Polyflavonol is made 100% in the United States delivering quality every time."
B0C79DBCFR,B0C79DBCFR,"Pro Ear Silincil - Ear Health & Hearing Health Support - Help Reduce Ear Ringing & Buzzing - Support Reduced Swelling & Improved Blood Flow - Promote Optimal Hearing - Turmeric, Vitamin C, Garlic","Do you have trouble hearing people talking, listening to music, or the tv?
Are you fearful of hearing loss?
Is your hearing getting worse with age?
Are you experiencing ringing ears or buzzing ears?

With proper nutrition, you can help defend against hearing loss, tinnitus, muffled hearing, and promote healthy hearing. The problem is taking in the right nutrients through food alone can prove to be a rather tedious task. Many people turn to supplementation for help.

PRO EAR SILINCIL ear health support advanced hearing formula contains a carefully selected combination of premium hearing vitamins, minerals, herbs, and antioxidants to support optimal hearing. This hearing health support supplement contains a high dose of Vitamin D to help protect the tiny bones in your middle ear that can weaken and cause hearing loss. It also contains antioxidants to help prevent damage from free radicals and oxidative stress while supporting cell health in the inner ear. Our best ear health support supplement may also help relieve some of the underlying causes of poor hearing with the help of turmeric curcumin, vitamin c, zinc, magnesium, ginger, garlic, and ginseng which support reduced swelling, improved circulation, and immune health.

Get your bottle today to support ear health and healthy hearing!",Nutritional Support for Ear Health & Hearing Health to Promote Clear & Vibrant Hearing; Help Protect Against Noise-Induced and Age-Related Hearing Loss; Tinnitus Relief for Ringing Ears; Support Healthy Auditory Function & Auditory System; Made in the USA with Premium Top Quality Ingredients
B0D4R9HS7B,B0D4R9HS7B,Pro EchoEase Tinnitus Relief Capsules - Our Best Echo Ease for Tinnitus - Tinnitus & Ear Support Formula - Natural Tinnitus Treatment - Herbal Tinnitus Aid - Ear Ringing Relief - Ear Ringing Remedy,"Choose EchoEase Pro Tinnitus Relief Capsules as your go to supplement for ear support and natural tinnitus relief. If you've been searching for an herbal tinnitus aid to support relief from persistent ear ringing, your search ends here. Our advanced formula is meticulously crafted to support tinnitus relief for ringing ears, targeting the root causes to help soothe discomfort and maintain a healthy auditory experience.

Whether you're experiencing ear ringing, buzzing or hissing in ears, our Echo-Ease Pro Tinnitus Relief Capsules are designed to help stop hissing in ears and alleviate the discomfort associated with tinnitus. We understand the impact that ear ringing can have on your daily life, from interfering with concentration to disrupting sleep. That's why our natural tinnitus treatment is formulated with vitamins, minerals, herbs, and antioxidants known for ear support and helping combat tittinus ear ringing.

Don't let ear ringing interfere with your quality of life any longer. Our scientifically formulated blend includes lipo flavonoid ear ringing ingredients, carefully selected for their ability to provide support for ringing in ears relief. By targeting the underlying causes of tinnitus, including reduced circulation and swelling in the inner ear, our capsules support the health of your inner ear bones while promoting proper circulation and reduced swelling to help minimize discomfort. Whether you're struggling with tittinus ear ringing, buzzing in ears, or ear hissing, our Pro EchoEase Tinnitus Relief Capsules are here to help.

Don't let ear ringing interfere with your quality of life any longer. Unlike temporary solutions that only mask the symptoms, our supplement is designed to help addresses some underlying factors that can be contributing to your tinnitus. Make Pro EachoEase Tinnitus Relief Capsule your partner in the journey to helping restore tranquility to your auditory experience. Get your bottle today!","Tinnitus Relief Supplement - Designed as an herbal tinnitus aid, our product provides comprehensive ear support, helping to reduce discomfort and promote tranquility in auditory experiences.; Synergistic Herbal Formula - Our echo ease for tinnitus formula combines a harmonious mix of herbs, vitamins, minerals, and antioxidants working together synergistically to help reduce ear ringing, buzzing or hissing in ears.; Promote Healthy Hearing - Pro EchoEase Tinnitus Relief Capsules support inner ear bone health, enhanced circulation, reduced swelling, and mitigated oxidative stress, promoting ear ringing relief and overall hearing health.; Devoted Long-Term Support - Understanding the daily challenges of living with tinnitus, Pro EchoEase Tinnitus Relief Capsules is committed to providing steadfast support, promoting ongoing tinnitus relief for ringing ears and aiding in the pursuit of clearer auditory wellness.; Made in the USA - Our natural tinnitus treatment is designed and manufactured in the United States, adhering to strict quality standards to ensure the quality, consistency, safety, and efficacy while supporting local businesses."
B07SBWQ7PF,B07SBWQ7PF,Ring Free Tinnitus Relief Supplement. End Tinnitus Naturally and Ear Ringing. 60 Capsules of The Most Powerful Tinnitus Supplements on The Market. 60 Capsules per Anti Tinnitus Bottle. Stop Tinnitus,"Are you Suffering from the constant EAR RINING AND BUZZING that keeps you up all night?
Can focus or concentrate because of the annoying ring?
Have you tried other Tinnitus Relief Products without any improvements in your tinnitus?
Do you currently use Tinnitus headphones Tinnitus Pillows Tinnitus earplugs Tinnitus Ear Drops Tinnitus hearing aid
And still suffer from tinnitus?
If so try an all-natural tinnitus relief supplement designed to stop tinnitus in its tracks. Works fast and stays working. Ring FREE is the most powerful tinnitus relief formula on the market.",
B0D1829DHB,B0D1829DHB,"Similasan Ear Ringing Remedy Drops 0.33 Ounce, for Temporary Multi-Symptom Relief from Noise in The Ears, Ringing Ears, Buzzing Ears, Roaring Ears, Humming Ears, and Other Sounds in The Ears","Ease the annoyance of Ringing Ears. Those who suffer from ringing ears understand the frustration of those constant noises. Similasan’s new Ear Ringing Remedy uses eight uniquely formulated natural active ingredients to temporarily relieve noises in the ears such as ringing, buzzing, roaring, humming, pounding, and more. Similasan of Switzerland works differently, using natural botanical extracts that stimulate the body's natural defenses and target the root cause, so you can feel better without harsh chemicals. Go ahead, use as often as needed. Trusted by pharmacists and families in Switzerland for 40 years, Similasan is a leading Swiss brand of remedies that use natural active ingredients instead of harsh chemicals to keep families healthy. Our state of the art facility located near the Swiss Alps makes over 190 popular remedies for children and adults. Claims based on traditional homeopathic practice, not accepted medical evidence. Not FDA evaluated.","The information below is per-pack only; Contains (1) 0.33oz bottle of Similasan Ear Ringing Remedy. Similasan uses natural active ingredients like Quinine and Mustard Seed, not harsh chemicals, to stimulate the body's natural defenses instead of masking ear ringing symptoms.; Similasan Ear Ringing Remedy ear drops provide temporary relief from symptoms of noise in the ears like ringing in the ears, buzzing in the ears, and more. Use Similasan Ear Ringing Remedy as often as needed with no known side effects.; Similasan homeopathic ear drops are made with natural active ingredients like Mustard Seed and have no harsh chemicals. Unlike other ear drops, Similasan Ear Ringing Remedy drops contain no preservatives.; For over 35 years, Similasan has been used by pharmacists and families in Switzerland. Similasan is a leading Swiss brand of homeopathic remedies that uses natural active ingredients to keep families healthy throughout the year.; Similasan is a Swiss brand dedicated to helping families feel good about feeling better. Our ear drops provide natural temporary relief from symptoms of noises in the ears. Compare to TRP Ring Relief, Clear Tinnitus, Ring Stop, or Lipo-Flavonoid."
B07CVPN7Y5,B0DV5PY3S9,Similasan Ear Ringing Remedy Ear Drops 0.33 Ounce Bottle,,"Similasan Ear Ringing Remedy provides temporary relief from symptoms of noise in the ears like ringing, buzzing, roaring, humming, pounding, chirping. Use as often as needed, no known side effects.; Similasan Ear Ringing Remedy ear drops stimulate the body's natural defenses instead of masking symptoms like noise in the ears, ringing ears, buzzing ears, roaring ears, and humming ears.; Similasan homeopathic ear drops are made with natural active ingredients like Mustard Seed, not harsh chemicals. Unlike other ear drops, Similasan Ear Ringing Remedy drops contain no preservatives.; For over 40 years, Similasan has been used by pharmacists and families in Switzerland. Similasan is a leading brand of homeopathic remedies with natural active ingredients to keep families healthy.; Similasan is a Swiss brand dedicated to helping families feel good about feeling better. Our gentle ear drops provide relief from ringing ear symptoms using natural active ingredients."
B00014THNG,B09F7SX4WT,Similasan Earache Relief Ear Drops 10 ml,,"Similasan Ear Relief ear drops provide temporary relief from earache symptoms (clogged ears, discomfort). Homeopathic ingredients stimulate the body's natural defenses instead of masking the symptoms.; Formulated with natural active ingredients like chamomile, not harsh chemicals.; No harsh chemicals. No known side effects or drug interactions. Gluten and dairy free.; Trusted by pharmacists and families in Switzerland for over 35 years, Similasan is a leading Swiss brand of remedies that uses natural active ingredients instead of harsh chemicals to keep families healthy. Similasan has been voted by the readers of Reader's Digest the most trusted Swiss healthcare brand 14 years in a row.; Las gotas para los oídos Alivio de los Oídos de Similasan proporcionan un alivio natural de los síntomas del dolor de oído (oídos tapados, incomodidad). Los ingredientes homeopáticos estimulan las defensas naturales del cuerpo en lugar de enmascarar los síntomas. Formuladas con ingredientes activos naturales como manzanilla, no contienen químicos agresivos."
B08DWLL39M,B0F3LN7XHW,"Sugar Free Hair Vitamins Gummies with Biotin 5000 mcg, Vitamin A, B12, C, D, E, Folic Acid, Supports Hair Growth Gummy, Vegetarian Friendly, Supports Strong Beautiful Hair and Nails - 60 Gummies",,"SUGAR FREE HAIR SUPPORT WITH HIGH-POTENCY BIOTIN: Our hair vitamins feature 5000 mcg of biotin per serving, Essential for overall hair health, it's a top choice among hair growth vitamins; HAIR GROWTH VITAMINS FOR WOMEN come in various forms such as gummies, capsules, pills, and softgels; These supplements, often featuring biotin (biotina); Popular products include vegan, sugar-free, multivitamin formulations, designed to address hair health; bear bears best biotina cabello capsules complex del el faster fasterhair free grow gummies gummy health hello lovely mcg men morning nail nails nature natures para pills rapid skin softgels stronger sugar supplement supplements supports teens thicker thinning vegan vitamin vitamina vitaminas with womens; NUTRITIONAL SUPPORT WITH HAIR VITAMINS: Our Sugar Free gummies are fortified with Vitamins E & C, essential hair vitamins that help in scalp health and collagen production, crucial for the strength of your hair and the look of your skin; BEAUTY BENEFITS BEYOND HAIR: A comprehensive hair vitamin that also supports skin hydration and nail strength; Our balanced formula nourishes beauty from the inside out, perfect for natural hair support; CONVENIENT & TASTY HAIR VITAMIN: Enjoy the convenience and taste of our gummy bears, a delightful way to incorporate essential hair growth vitamins into your daily routine; Each bottle is designed to support your hair, skin, and nail health, making it an ideal choice for those looking for vitaminas para el cabello"
B0D1DRV94Z,B0DRQVVRC2,"SugarBearPro Hair Vitamin Gummy 1 Month Supply Extra Strength Biotin 6000mcg, Growth for Men & Women, Vegan Vitamin B12, MSM, Inositol, Omega 3, Elderberry, Certified Kosher, Halal, Cruelty-Free",,"1 Month Supply: Includes one bottle of SugarbearPRO Hair Gummy Vitamins with 32 plant-based gummies.; Biotin & Vitamins: Each serving provides 6000 mcg Biotin plus Vitamin D2, Vitamin B12, Zinc, and Iodine.; SmartRoot Complex: Proprietary blend with European Elderberry, Inositol, MSM, Algal Oil Omega-3s, and Citrus Pectin.; Certified Quality: OU Kosher Certified, Vegan Certified, and Halal Certified. Made in the USA with global ingredients.; Clean Nutrition: Only 1g sugar and 10 calories per gummy. Soft, delicious, and easy to chew.; Allergen Friendly: 100% cruelty free, gelatin free, gluten free, dairy free, soy free, nut free, egg free, and wheat free.; Tested & Trusted: Third-party lab tested, clinically studied, and backed with a 100-Day Money Back Guarantee."
B08V48519L,B08V48519L,"Synapse XT Pro - Tinnitus Support Formula - Support Reduced Inflammation, Noise, & Oxidation - Proprietary Tinnitus Herbal Relief Formula - Ginseng, Turmeric, & Many More Herbs, 90 Count (Pack of 1)","Synapse XT Pro - Tinnitus Support Formula - Support Reduced Inflammation, Noise, & Oxidation - Proprietary Tinnitus Herbal Relief Formula - Ginseng, Turmeric, & Many More Herbs.","POWERFUL HERBAL TINNITUS SUPPORT FORMULA; SUPPORT REDUCED Swelling, OXIDATION, AND NOISE; PROPRIETARY FORMULA WITH OVER 2000 MG OF HERBS AND VITAMINS; AID RING RELIEF AND SUPPORT OVERALL EAR HEALTH; MADE IN THE USA WITH A 60 DAY SATISFACTION GUARANTEE"
B0D3XLQGGQ,B0D3XLQGGQ,"TTYRBF 3Pcs Echo Ease Tinnitus Inhaler, Echo Ease for Ear Ringing, Echo Ease Nose Inhaler for Tinnitus，Tinnitus Inhaler",,"【Echo Ease Tinnitus Inhaler】Tinnitus inhaler can effective protect and reduce ear discomfort.; 【Easy to use】 Before using the inhaler, simply clean your hands and nose, place the inhaler vertically into your nostrils, and take a deep breath to relieve tinnitus symptoms.; 【Portable Design】Small in size, Always ready to use. men and women can use,can be a good gift for the elderly, elders, parents at home.; 【Safe Ingredient】Gentle and non irritating, without any side effect, allow you can use it at ease.; 【Value Package】 3 pieces of tinnitus device. The quantity is sufficient for long-term use."
B00XM2NJIS,B00XM2NJIS,The Relief Products Ring Relief Ear Drops Formula - 100% Natural Active Ingredients Tinnitus Relief for Ringing Ears - 0.33 Fl. Oz.,,"Tinnitus relief for ringing ears; All Natural Active Ingreditents and Made in the USA; Contains 8 natural active ingredients. , These Ingredients Temporarily Relieve Symptoms Such As: Ringing Buzzing Roaring Nerve And Noise Sensitivity Pounding Discomfort Wax Buildup; Alleviates Multiple Symptoms – Tinnitus can manifest itself in multiple different ways and symptoms, and our ear drops help stimulate the body to temporarily alleviate them"
B00A1QEZHC,B00A1QEZHC,The Relief Products Ring Relief Tablets - 100% Natural Active Ingredients - for Ringing Ears and Tinnitus Symptoms - Fast Dissolving Tablets -70ct,"Ring relief stimulates the body's natural ability to alleviate the symptoms associated with tinnitus, such as: ringing, roaring, buzzing, nerve and noise sensitivity, congestion, throbbing, pain, and discomfort.The relief products is a 32-year-old Family operated Company that specializes in over the counter homeopathic medicine. THE Relief Products is dedicated to a singular mission of helping as many people as possible stay healthy, naturally. This mission has been the foundation of our continued growth and innovation.
today, THE Relief Products offers over 25 uniquely formulated homeopathic products ranging across a variety of categories including eye & Ear care, cold & Cough remedies, digestive health, and pain management. Our products are made using 100% natural Active ingredients that work safely and gently with your body, offering no known side effects or interactions with other medications.",Made in the USA
B0CXKFN697,B0CXKFN697,Tinniease Pro - Our Best Ear Ringing & Hearing Support Formula - Herbal Ear Ringing Remedy - Ear Ringing Relief for Ringing Ears - Ear Ringing Relief Pills - Ear Ringing Pills - Ringing Ears Treatment,,"Comprehensive Ringing Ears Support - Tinniease Pro is a carefully crafted supplement providing natural and holistic support for ear ringing and overall hearing health.; Powerful Tinnitus Relief Formula - With a potent combination of vitamins, minerals, herbs, and antioxidants, Tinniease Pro capsules work synergistically to support inner ear circulation, auditory health, and reduced swelling in the ears.; Convenient Ear Ringing Relief Pills - Tinniease Pro provides an easy-to-use alternative to traditional ear ringing drops, offering the benefits of ringing ears treatment without the hassle of dealing with messy drops.; Day and Night Support - Take advantage of 24/7 ear ringing support with Tinniease Pro – help reduce the distraction of constant ringing in the ears, promoting enhanced focus throughout the day and restful nights.; Made in the USA - Tinniease Pro is proudly manufactured in the United States, adhering to high standards of quality, consistency, and safety."
B07C6XGXGQ,B07C6XGXGQ,"Tinnitus 911, Tinnitus Relief Supplement - Ear Ringing Relief",,"TINNITUS 911 - Made specifically for people who experience ringing, hissing, buzzing, chirping, whistling, or other types of tinnitus and are getting no relief.; ALL NATURAL RELIEF - Tinnitus supplement that is as safe as taking a multivitamin. It is suitable for both men and women. If you currently have a medical condition or are taking medication, please consult a doctor prior to use; CREATES A WAVE OF CALM – Stop living with the noise and get back to enjoying life. Tinnitus 911 the all natural supplement that supports calm and quietness; BETTER SLEEP – Tinnitus 911 offers antioxidant support and helps reduce tinnitus-related inflammation to offer quick and long-lasting relief. No more waking up in the middle of the night because of random sounds; Tinnitus 911 has a blend of synergistic ingredients. Grab yours today. It may very well be all you need, regardless of tinnitus severity or age. Made in the USA"
B01AILT1O6,B01AILT1O6,"Tinnitus Relief Formula - Tinnifree with Clinically Studied Ingredients. Powerful Effective Formula to Improve Inner Ear Circulation & Help Stop Ringing in The Ears, ENT Recommended. 60 ct.",,"Get relief from ringing in the ears with proven tinnitus nutritional support.; TinniFree was formulated using results from emerging clinical studies.; Recommended by thousands of doctors whose patients experience a reduction of sound; Directions for usage: for the first three months, take two (2) capsules twice each day. Thereafter reduce dosage to one (1) capsule twice each day.; Support noise-free auditory functioning."
B09KS6NPGR,B0DSCKKZ3N,"Tinnitus Relief Pills for Ringing Ears & Ear Health | Extra Strength Tinnitus Supplement with Bioflavonoids, B12 & Inositol | Supports Sleep, Focus & Auditory Clarity | 60 Caplets | 2 Daily Dose",,"REDUCES EAR RINGING: Formulated to reduce the intensity and frequency of tinnitus symptoms like ringing, buzzing, and whooshing.; SUPPORTS AUDITORY FUNCTION: Packed with lemon bioflavonoids and thiamin to support circulation and reduce ear sensitivity.; HELPS IMPROVE SLEEP: Calms the nervous system and reduces nighttime noise interference for deeper, uninterrupted rest.; BOOSTS MENTAL FOCUS: Helps clear auditory distractions so you can stay sharp, alert, and focused throughout the day.; FAST-ACTING & EASY TO USE: Just 2 caplets daily provide extra strength tinnitus support with no prescription needed."
B0DB6KV1GQ,B0DB6KV1GQ,Tinnitus Supplement - Our Best Tinnitus Relief Ear Ringing - Ear Health Tinnitus Supplements - Clear Tinnitus Pills - Help Stop Ringing in The Ears Ringing in The Ears Relief Oveallgo Eco Pure Pro,"Best Ear Support Oveallgo Eco Pure Pro is one of our best ear health supplements meticulously designed for tinnitus relief and overall ear health support. This herbal tinnitus treatment for ringing ears is crafted with a potent blend of natural ingredients. Our ear ringing relief pills offer a holistic approach to ear health support.

Tinnitus, characterized by persistent ringing in ears, can stem from various factors. Best Ear Support Oveallgo Eco Pure Pro has an advanced advanced formula help reduce ringing ears and enhance hearing clarity. Unlike conventional ear ringing drops our easy-to-swallow ear ringing pills deliver consistent support without the hassle of messy applications.

Each ingredient in our herbal ear ringing remedy supplement has been carefully selected for inner ear health support, promoting tinnitus relief for ringing ears. The supplement works synergistically to help clear tinnitus ear ringing, providing a natural ear ringing remedy support system. By promoting reduced swelling and oxidative stress, these ringing in ears relief pills are designed to help reduce the perception of ringing ears and aid overall ear function. This natural ringing ears treatment also supports enhanced circulation and immune health, offering a long-term support system for managing tinnitus.

Don't let ringing in my ears disrupt your life. Make The Best Ear Support Oveallgo Eco Pure Pro a partner in your tinnitus relief journey. These ear ringing relief pills are an easy addition to your daily wellness routine. Order now!","Comprehensive Ear Health Support - Best Ear Support Oveallgo Eco Pure Pro is an advanced supplement specifically formulated for individuals experiencing tinnitus ear ringing and those seeking overall ear health and auditory support.; Targeted Tinnitus Relief - These ear ringing relief pills employs a robust blend vitamins, minerals, herbs, and antioxidants. By supporting enhanced circulation and reduced swelling within the ear, it works to help clear tinnitus ear ringing and promote clearer hearing.; Holistic Health Benefits - Beyond tinnitus relief, Best Ear Support Oveallgo Eco Pure Pro offers a range of benefits. It’s designed to help reduce oxidative stress, aid inner ear health, and provide immune support, promoting optimal auditory function and overall ear wellness.; Effortless Daily Integration - Designed for daily, long-term use, these easy-to-swallow herbal tinnitus treatment pills are simple to incorporate into any wellness routine. Their convenient format ensures that users can maintain consistent ear health support without the messy hassle of ear ringing drops, making it easy to support ongoing tinnitus relief and healthy hearing.; Made in the USA - Our ear health supplements are designed and manufactured in the United States, adhering to strict quality standards to ensure the quality, consistency, safety, and efficacy while supporting local businesses."
B0DDTHBX43,B0DDTHBX43,"Ultra Tinnitus Plus Relief – Ear Ringing Support with Ginkgo & Magnesium, Sleep & Stress Support, Hearing & Ear Health Vitamin Complex, 90 Tablets, 45 Days Supply",,"1) Auditory & Circulation Support Helps ease occasional ear ringing; with Ginkgo Biloba & Magnesium to support healthy inner-ear circulation and overall ear health.; 2) Calm & Nerve Balance B-Complex (B1, B2, B6, B12 + B3) helps maintain nerve function and promotes calm & stress balance for daytime focus.; 3) Restful Wind-Down Gentle, non-drowsy daytime calm; supports relaxation in the evening for more restful nights and a steadier routine.; 4) Antioxidant Defense Fermented whole-food botanicals (incl. Hibiscus & Hawthorn) plus Vitamins C & E provide antioxidant support against oxidative stress.; 5) Clean, Easy Routine 2 tablets daily, 45-day supply. Vegan, Non-GMO, Gluten-Free; made in a cGMP facility with clinically studied ingredients."
B0DYJ8LFS6,B0DYJPZKZ4,"Vevoec Gynable Biotin Gummies Vitamin B7, 5000 mcg, Hair Skin and Nails Supplement, 60 Count, 1 Month Supply",,"STRONGER HARI SKIN & NAILS: 5000 mcg of biotin per Gynable Vevoec soft candy supports the hair health, skin health and nail health of people with low biotin content.; SUPPORT ENERGY&NERVOUS SYSTEM：Biotin supplements also support energy metabolism, nervous system function and healthy aging; NATURAL RASPBERRY FLAVOR: Avoid eating large biotin gummies, tablets or pills, which will produce unpleasant aftertaste and cannot be easily digested.; SUITABLE FOR VEGETARIANS：Our biotin gummies is based on pectin, suitable for vegetarians, and contains no starch, soybeans, yeast, wheat, eggs, artificial colors, spices and preservatives.; MADE IN USA:Produced in a GMP-certified facility in the USA, Gynable Vevoec biotin miracle gummies meet the highest quality standards and free from the 7 major allergens, artificial flavors, artificial colors, preservatives, and GMOs."
B0F6M8HX97,B0F6M8HX97,"Vitamatic Tinnitus Relief Support – 120 Veggie Capsules – 1200 mg Per Serving- Supports Ear Health, Reduces Ringing in Ears, Non GMO- Gluten Free",,"1200 mg Proprietary Herbal Blend – Includes Garlic, Hibiscus, Olive Leaf, Hawthorn Berry, Juniper Berry, and more, to naturally support ear health.; Essential Vitamins for Ear Health – Contains Vitamin B6, Vitamin B12, Niacin, and Folic Acid, known to support circulation, nerve function, and overall ear health.*; Made in a GMP-certified facility in the USA; Non-GMO, Vegan, and Gluten-Free – No artificial additives, preservatives, or fillers. A clean, plant-powered supplement designed for long-term health.; 60-Day Supply – 120 veggie capsules, providing a full 2-month supply to support your ongoing ear health."
B08LMGVY15,B0CF65BH38,"Viteey Biotin Gummies for Hair Skin and Nails - Biotin for Hair Growth Gummies - 10,000 mcg - Vegan, Gluten-Free, Non-GMO – 120 Count",,"120 GUMMIES | 2 MONTH SUPPLY – Each serving of 2 gummies delivers 10,000mcg of biotin vitamins. For best results, take 2–4 gummies daily as part of your routine.; DELICIOUS RASPBERRY FLAVOR – Enjoy our raspberry-flavored biotin supplements for women and men. These gummies are easy to take and fit perfectly into your busy day.; HAIR GROWTH SUPPORT – Our hair supplements for hair growth gummies women, men & teens are designed to nourish your hair. These hair gummies help you look and feel your best.; BIOTIN FOR NAILS & SKIN – Supports nail vitamins for stronger nails and skin vitamins for women and men to help you maintain healthy nails and glowing skin every day.; CLEAN & PURE INGREDIENTS – Our Biotin Gummy is vegan, Non-GMO, gelatin free, gluten free, peanut & tree nut free, kosher, and made with naturally sourced flavors.; VITEEY BRAND STANDARDS - We take pride in creating premium products from start to finish. Every item is carefully sourced, formulated, and manufactured to meet the highest quality standards. To ensure each serving is just right, we put our products through rigorous lab testing during every production. This guarantees that you receive products of utmost purity and effectiveness. Rely on us for offerings that are both dependable and of superior quality."
B08GNXHZP9,B08GNXHZP9,"ZŌK: World’s First Consumer Product That Naturally Reduces Tension, Pressure & Pulsating Symptoms Through Inner Ear Pressure Stimulation - (Comes with User Instructions Guide)","Zok is the world’s first consumer-friendly device that naturally reduces tension and pressure. Zok is a drug-free and consumer-friendly device that facilitates pneumatic neurostimulation insufflation (PNSI), which is a patented technology that gently stimulates cranial nerve 5, 7, 9 and 10, thereby alleviating the symptoms of tension and pressure t. Zok was invented by functional neurologist, Dr. John Darrell, and has been tested in over 100 healthcare clinics throughout the United States and proven by over 450,000 sufferers. Directions of use: Method 1 (most common relief method) Step 1: Deflate Zōk by squeezing the rubber bulb between your fingers. Step 2: While deflated, gently insert Zōk into the outer ear to create an air-tight seal between the Zōk earbud and the ear. This seal should occur just past the entrance to the ear canal—similar to the positioning of an audio earbud. Do not insert the Zōk earbud any further than the entrance to the ear canal. If Zōk causes any discomfort , discontinue use immediately. Maintain the bulb in a deflated state. Step 3: Maintain Zōk in a deflated state for 20-30 seconds. User will experience a mild sensation of increased pressure. Step 4: Pinch the Zōk bulb and gently remove from the ear. Step 5:Perform steps 1-4 for second ear. Step 6: Repeat 3-5 times, or until pressure or tension has eased. Comes with user guide","DOCTOR-BACKED AND TESTED: Zok has been tested and proven by over 100 doctors in the USA ranging from neurological trauma center doctors to naturopathic doctors and M.D.’s to ensure Zok’s effectiveness and safety for their patients.; INNOVATIVE RELIEF: Zok works by activating cranial nerve 5, 7, 9 and 10 inside the ear canal through light, pneumatic neurostimulation insufflation. Through scientifically calibrated pressure modulation from inside the device, Zok facilitates the precise sequenced flow and rate of stimulation inside the ear canal to signal the corresponding cranial nerves inside the brain stem, which are associated with near instantaneous equilibrium and relief.; EXPERIENCE IMMEDIATE AND LONG-TERM RELIEF: Zok has been developed to naturally and immediately reduce tension, pressure and pulsating from patients with even the most severe and complicated cases of these symptoms ever seen in clinics before.; PROVEN BY 450,000+ PATIENTS: According to third party peer-reviewed data and studies, Zok has been proven to provide relief from tension, pressure, and pulsating with over 450,000+ patients and counting!; 100% NATURAL ALTERNATIVE: After seeing the harmful side-effects of intensive treatments early on, our inventor, Dr. John has been on a mission of providing natural relief after learning of his discovery of reducing tension and pressure through activating the tympanic membrane and cranial nerves in the ear canal through pneumatic pressure stimulation insufflation.; Contact the seller through Amazon for a 90-DAY RISK-FREE TRIAL and a 1-YEAR WARRANTY. For best results use Zok 3-5 times per day for 3-4 weeks. Before using Zok device, read through the user manual to ensure that the product is being used as designed"
B0F3BSVTJZ,B0F3CHHQQ2,"HSN Gummies (2 Pack) - Hair Skin and Nails Gummies - Sugar Free Biotin Gummy 5000mcg with Full Vitamin Complex for Hair Growth, Healthy Skin, Nail Strength - 120 Count Strawberry & Cherry Flavor",,"EFFECTIVE BEAUTY FORMULA : Working Gummies HSN contains 5000 mcg Biotin, along with high potency of Vitamin A, C, D3, E, B6, Folate, Pantothenic acid. The full vitamin complex enhances absorption and increases metabolism of biotin within the body. The perfect combination for your beauty needs.; HAIR, SKIN and NAILS SUPPLEMENT : Working Gummies HSN Gummies effectively support your beauty needs. The formula synergistically works to support fuller hair growth, strengthen nails, and healthier skin.; SUGAR FREE : A Sugar Free Beauty Gummy you have been looking for. Only 10 calories per serving.; TASTY & CONVENIENT : Natural Strawberry and Cherry flavor gummy, soft chewing with no aftertaste. Non-stick to teeth. Easy open cap. Great for all ages - kids, adults, men and women.; HONEST HEALTH : Made in US, GMP facility, lab tested. Non-GMO, vegan friendly, free of artificial colors, artificial flavors, artificial preservatives, soy, gluten."
B00DL4Q3SA,B00DL4Q3SA,"Lipo-Flavonoid Plus Dietary Supplement Ear Health, 100 Count (Pack of 2)","Lipo-Flavonoid Plus Dietary Supplement Ear Health, 100 Caplets (Pack of 2)","Blends essential vitamins with eriodictyol glycoside;Supports ear health;Free of sugar, starch, yeast, wheat, corn, milk products and preservatives"
B0933PF8ZM,B0934Q8NW7,"BACTICURE Audio Calm - Tinnitus Relief Supplement | Natural Stop Tinnitus Solution - Relieves Ear Ringing, Buzzing, Clicking | 60 Capsules (3)",,"CREATES A WAVE OF CALM – The ingredients in this tinnitus formula are designed to calm your entire nervous system and stop panic attacks dead in their tracks. You’ll love the feeling of tranquility it provides.; SAFE, NATURAL SOLUTION – It is suitable for both men and women. If you currently have a medical condition or are taking medication, please consult a doctor prior to use.; RAPID TINNITUS RELIEF – Audio Calm provides fast-acting relief of ear noises like ringing, buzzing, clicking and hissing. Typically, people start to see improvements in 7 days, but we recommend giving it a full 90 days for optimal results.; WE CARE ABOUT YOU: Tinnitus affects an estimated 50 million adults in the U.S. which is why we created a supplement to help relieve your inner ear ringing and help you get better, uninterrupted sleep. Tinnitus is commonly caused by prolonged exposure to loud sounds that causes permanent damage to the sound-sensitive cells of the cochlea located in the inner ear.; OUR 90 DAY GUARANTEE: Our goal is to naturally support optimal hearing function, as well as promote hearing clarity and protect your delicate hearing cells."
B01IAI5E7M,B0CCB3LDM1,LIPO-FLAVONOID Plus Caplets 100 ea ( Pack of 3),"Improve circulation in the inner ear with this Lipo-Flavonoid Plus Dietary Supplement Unique Ear Health Formula. It is clinically prove to make you less susceptible to tinnitus and helps reduce the intensity of ringing in your ears. The ear health supplement features an extra strength formula for proven results. It is an ideal choice for fighting ringing in the ear, dizziness or loss of hearing. This Lipo-Flavonoid Plus Dietary Supplement- Unique Ear Health Formula is dependable and reliable and will help to provide nutritional needs.",Improves circulation in inner ear and reduces intensity of ringing in ears.
B0B4F3Z6JK,B0B4F3Z6JK,Ez Audio - (100 CAPS) Advanced Hearing Ringing Relief Support Tinnitus Calm Ear (4),"👂 EZ AUDIO by Nutrel 1 Bottle : 100 CAPSULES HIGH STRENGTH BIOFLAVONOIDS: Packed with a potent 1400mg containing Citrus Bioflavonoids, used to treat tinnitus for decades successfully. Dependable relief from constant ear ringing for men and women. SCIENCE-BASED RELIEF: Doctor formulated, nutritionist recommended ear ringing relief supplement for those struggling with tinnitus. Created by a team of Scientists, Doctors and Nutritionists with 70+ years of combined experience. HYPOALLERGENIC INGREDIENTS: Combines Flavonoids with other clinically studied essential nutrients, including Rutin Powder and Vitamin C to provide 3-in-1 support for your ear health. SAFE, NATURAL EFFECTIVE : Sourced, manufactured and quality tested in a GMP-Certified facility. Made in Florida, USA. Soy , Nut , Gluten , Egg , and Non GMO. These statements have not been evaluated by the Food and Drug Administration. This product is not intended to diagnose, treat, cure or prevent any disease","✅ EZ Audio - Made specifically for people who experience ringing, hissing, buzzing, chirping, whistling, or other types of tinnitus and are getting no relief; ✅ ALL NATURAL - Tinnitus supplement that is as safe as taking a multivitamin. It is suitable for both men and women. If you currently have a medical condition or are taking medication, please consult a doctor prior to use.; ✅ CREATES CALM – Stop living with the noise and get back to enjoying life. Ez Audio is the all natural supplement that supports calm and quietness.; ✅ COGNITIVE FUNCTION – Optimize your mind with Tinnitus 911, and support your memory retention and focus.; ✅ BLEND OF SYNERGISTIC INGREDIENTS - Grab your EZ Audio today. It may very well be all you need, regardless of tinnitus severity or age."
B0C4R4PQMJ,B0CLM79Q7L,"rize labs - Quietum Plus Tinnitus Relief Capsules Supplement, Advanced Formula Reduce Ear Ringing, Pills to Support Hearing Function (300 Capsules)",,Quietum Plus Pills; Quietum Capsules; Quietum Plus Tinnitus Relief; Quietum Plus Tinnitus Relief Reviews; Quietum
B0D739KG1R,B0D739KG1R,LVQINGHE Tinnitus Relief for Ringing Ears，Tinnitus Relief Patches 20PCS,Our Tinnitus Relief Patch has been developed and upgraded over the years and is made from natural herbal extracts that are non-irritating and provide discomfort relief without discomfort during use.,Natural extraction; Easy to use; Suitable for various occasions
B0FMQR93J6,B0FT2GZWQW,"TANGDIAABBCC Tinnitus Relief for Ringing Ears, Effective Tinnitus Relief Patches, Fast Reduce Ear Noise & Ringing, Improve Hearing Loss & Ear Discomfort, 50pcs","Tinnitus Relief for Ringing Ears - Tinnitus Patches Fast Relief Ear Tinnitus

Features:
--Fast-acting and effective
--Natural and skin-friendly
--Relief ear tinnitus situations such as: ringing, buzzing, roaring, chirping, and pounding.
--Long-lasting effective hold up to 8-12 hours.
--Simple package, easy to carry and use.

Use Methods:
Method 1: Stick it behind your ear.
Method 2: Stick it under your feet.

Package:
1*Tinnitus Relief Patches(50pcs)","Tinnitus patches for ear ringing relief ease tinnitus.; Effective, fast-acting, long-lasting results.; Suitable for use at night, or on long trips.; Easy to carry, convenient to use on plane/bus/ship/car.; Natural formula and skin-friendly."